Item Type,title,Year,issue_date,publisher,address,volume,number,url,doi,abstract,journal,month,articleno,numpages,Keywords,Authors,isbn,booktitle,pages,location,series,issn,source,Document Title,Author Affiliations,Publication Title,Date Added To Xplore,Volume,Issue,Start Page,End Page,Abstract,ISSN,ISBNs,Funding Information,PDF Link,IEEE Terms,Mesh_Terms,Article Citation Count,Patent Citation Count,Reference Count,License,Online Date,Issue Date,Meeting Date,Publisher,Document Identifier,note
article,GR-Fall: A Fall Detection System with Gait Recognition for Indoor Environments Using SISO mmWave Radar,2025,September 2025,Association for Computing Machinery,"New York, NY, USA",9.0,3.0,https://doi.org/10.1145/3749471,10.1145/3749471,"Fall detection is essential for safeguarding the health of elderly persons, enabling timely alerts to family members or the community. Millimeter-wave (mmWave) radar offers an effective solution, as it is privacy-preserving, non-invasive, and highly sensitive to motion. However, most existing approaches rely on multi-input, multi-output mmWave radar to generate 4D point clouds or range-angle heatmaps, significantly raising device costs. In this paper, we propose GR-Fall, a fall detection system with integrated gait recognition designed for indoor environments using single-input, single-output mmWave radar. To achieve high performance in various environments, we develop a data augmentation algorithm for target heatmaps and a cross-attention-based heatmap fusion framework for efficient fall detection. Furthermore, we introduce an innovative fall alarm mechanism based on joint fall-gait detection. This mechanism activates alerts when a person is detected having difficulty moving after a fall, thus minimizing unnecessary alarms and reducing strain on community resources. To evaluate GR-Fall, we recruit 33 volunteers and collect 5,799 instances across four different environments. Experimental results show that GR-Fall achieves 98.1% precision and 98.7% recall in new environments and with new participants, outperforming other state-of-the-art heatmap-based methods.",Proc. ACM Interact. Mob. Wearable Ubiquitous Technol.,September,118,26.0,"['Fall Detection', 'Wireless Sensing', 'mmWave Radar']","Meng, Chengzhen; He, Chenming; Wang, Dequan; Xiao, Yuxuan; Wang, Lingyu; Fan, Xiaoran; Zhang, Lu; Zhang, Yanyong",,,,,,,ACM,,,,,,,,,,,,,,,,,,,,,,,,,
inproceedings,Study of fall detection in infrared scenes based on improved YOLOv8-POSE,2025,,Association for Computing Machinery,"New York, NY, USA",,,https://doi.org/10.1145/3718491.3718627,10.1145/3718491.3718627,"Accidental fall is one of the main reasons that threaten the health of the elderly and even cause death. The hazards caused by falls can be minimized by timely detection and timely rescue through monitoring equipment. Significant progress has been made in fall detection algorithms based on image processing. Still, fall detection algorithms under natural light do not apply to dark scenes and scenes that need to protect people's privacy. To address the identified limitations, a fall detection algorithm based on infrared surveillance devices is proposed. An infrared human posture dataset is developed, and the YOLOv8-PCS key point detection model is introduced. Additionally, the CBAM and Slim-neck lightweight architecture are integrated to maintain accuracy while improving the model's efficiency. Compared with the YOLOv8-POSE, mAP@50 improves by 2.5%, and the detection speed FPS reaches 27.8. And a multi-feature based fall detection decision strategy is proposed, and the experimental results show that the fall strategy has high accuracy and response speed, the accuracy rate reaches 91.6%, and the average detection time consumes 36ms, which meets the basic requirements of fall detection.",,,,6.0,"['Fall detection', 'Fall determination strategy', 'Infrared images', 'YOLOv8-POSE']","Zhang, Xinyu; Wang, Jia; Ma, Sen; Gong, Tailong",9798400710865.0,Proceedings of the 4th Asia-Pacific Artificial Intelligence and Big Data Forum,842–847,,AIBDF '24,,ACM,,,,,,,,,,,,,,,,,,,,,,,,,
inproceedings,Quantization with Gate Disclosure for Embedded Artificial Intelligence Applied to Fall Detection,2024,,Association for Computing Machinery,"New York, NY, USA",,,https://doi.org/10.1145/3677525.3678644,10.1145/3677525.3678644,"Fall detection in the elderly population is a typical application of pattern recognition, where machine learning algorithms have shown good performance results in the scientific literature. Nevertheless, the usual large dimension of the networks proposes a challenge for embedded implementations that could be used on wearable or wireless sensor networks. The most common implementation relies on edge or cloud computing of the algorithms, which triggers potential privacy issues and poses a challenge in terms of a large amount of data that need to be transferred through a communication channel. The current work proposes a new methodology for performing network quantization. The extensive simulation results demonstrate the effectiveness and feasibility of the employed methodology for embedded implementation of the LSTM for the fall detection problem on wearable platforms.",,,,4.0,"['Artificial Intelligence', 'Embedded Computing', 'Quantization', 'Sensors Networks', 'Soft Computing', 'Wearable Sensors.']","Correia, S\'{e}rgio; Matos-Carvalho, Jo\~{a}o; Tomic, Slavisa",9798400710940.0,Proceedings of the 2024 International Conference on Information Technology for Social Good,84–87,"Bremen, Germany",GoodIT '24,,ACM,,,,,,,,,,,,,,,,,,,,,,,,,
inproceedings,Smart Floor System for Comprehensive Fall Detection: Enhancing Safety and Independence for the Elderly,2025,,Association for Computing Machinery,"New York, NY, USA",,,https://doi.org/10.1145/3706890.3706935,10.1145/3706890.3706935,"With the global aging population on the rise, fall-related injuries among the elderly pose significant health risks, making timely and accurate fall detection crucial. Traditional fall detection methods, including wearable sensors, ambient sensors, and camera-based systems, often face limitations such as user compliance, limited coverage, and privacy concerns. This paper proposes a novel human fall detection method utilizing a smart floor system that employs sensors combining capacitance and inductance. These sensors capture electrical properties data, which is then processed using data processing and analysis techniques to accurately detect and differentiate between various human postures such as standing, sitting, and lying down. This system addresses the shortcomings of existing technologies by providing comprehensive coverage without the need for user-worn devices and operates effectively irrespective of environmental conditions. By integrating this system into everyday environments, we can significantly enhance the safety and independence of the elderly, offering a reliable and cost-effective solution for fall detection.",,,,5.0,"['elderly care', 'fall detection', 'ground sensors', 'non-intrusive monitoring']","Li, Lin; Jiang, Lei; Han, Han; Yuan, Keya",9798400717826.0,Proceedings of the 2024 5th International Symposium on Artificial Intelligence for Medicine Science,254–258,,ISAIMS '24,,ACM,,,,,,,,,,,,,,,,,,,,,,,,,
inproceedings,Point Cloud Classification Fall Detection Method Based on Millimeter Wave Radar,2025,,Association for Computing Machinery,"New York, NY, USA",,,https://doi.org/10.1145/3696474.3696488,10.1145/3696474.3696488,"Falling at home is the most common cause of injury among the elderly. Wearable devices are inconvenient and costly, while camera systems pose risks to privacy. A fall detection method employing millimeter-wave radar coupled with a classification network is proposed to address these issues. This approach leverages the benefits of millimeter-wave radar and deep learning. The raw data processed by the radar yields the required information, which is then rendered into a point cloud. Subsequent voxelization enhances feature learning, enabling the model to function even with sparse data. The information is then fed into our custom-designed network for time series extraction to classify behaviors. Finally, the time series extraction network utilized in this study is compared with several popular networks, demonstrating that our system offers an effective technological avenue for target detection and posture analysis, and boasts high algorithmic precision in millimeter-wave radar fall detection.",,,,4.0,"['Fall detection', 'Millimeter-wave radar', 'Neural networks', 'Point-cloud']","Zhou, Manyue; Gong, Pengcheng; Wu, Yuntao; Liu, Jianyu",9798400710100.0,Proceedings of the 2024 4th International Joint Conference on Robotics and Artificial Intelligence,60–63,,JCRAI '24,,ACM,,,,,,,,,,,,,,,,,,,,,,,,,
inproceedings,Black Cloud Generation Method for Privacy Protection in Fall Detection,2023,,Association for Computing Machinery,"New York, NY, USA",,,https://doi.org/10.1145/3579109.3579112,10.1145/3579109.3579112,"Fall detection is an important application in computer vision. However, the image data for fall detection contain unprotected privacy. For example, the silhouette of a person who falls may divulge information about whether the person is disabled. In addition, privacy, such as the age and height of the fallen person, will also be apparent in the image. To tackle these issues, this paper proposes a novel approach, called Black Cloud for Falling Detection (BCFD), to protect the privacy information of the fallen person. We introduce a new image segmentation method to estimate the contour of the human body image, and we generate 'black clouds' to accurately cover the complete human images. The detector was conducted using the contour information to obtain the fallen person. We also propose a method to construct a privacy-protected fall detection dataset and provide a sample dataset. The proposed method can protect the privacy information precisely compared with the state-of-the-art methods. We have validated our method on the proposed PPFD-sample dataset, observing 90.2% precision and 81.8% recall. Experimental results demonstrate that our approach can protect image privacy effectively in the fallen person detection task.",,,,6.0,"['Privacy Protection', 'Image Segmentation', 'Fall Detection', 'Deep Learning']","Zhang, Runqing; Yan, Haoran; Cai, Dunbo; Qian, Ling",9781450397568.0,Proceedings of the 2022 6th International Conference on Video and Image Processing,13–18,"Shanghai, China",ICVIP '22,,ACM,,,,,,,,,,,,,,,,,,,,,,,,,
inproceedings,Hybrid SNN-based Privacy-Preserving Fall Detection using Neuromorphic Sensors,2024,,Association for Computing Machinery,"New York, NY, USA",,,https://doi.org/10.1145/3627631.3627650,10.1145/3627631.3627650,"Indoor surveillance is crucial for ensuring the safety and security of occupants within the premises. Only those who are ill or elderly tend to spend the most time at home. The use of indoor surveillance to continuously monitor these people’s security could help in the early detection and avoidance of tragic incidents. Ensuring privacy while achieving this task has led to a recent research focus on protecting privacy in human fall detection. This paper attempts to address the issue of privacy-preserving fall detection by employing the Dynamic Vision Sensor (DVS), which captures intensity changes without compromising individuals’ privacy. This paper introduces a novel event-based dataset named “DVSFall”, incorporating diverse daily living activities (ADL) and simulated falls. Captured from multiple viewpoints using DVS cameras, the dataset encompasses twenty-one participants across varying age groups. To evaluate the dataset, we employed Spiking Neural Networks (SNN) designed to replicate neural activity. Furthermore, we explored a hybrid framework, the 3D-CNN &amp; SNN (NeuCube) approach, for fall detection. Our proposed framework achieved an accuracy of 94.59% with SNN and notably improved to 97.84% using the hybrid approach, as measured against the recorded dataset.",,,19,9.0,"['Action Classification', 'DVS', 'Fall Detection', 'Privacy-Preserving', 'SNN']","Prasad, Shyam; Mehta, Naval; Kumar, Himanshu; Banerjee, Abeer; Saurav, Sumeet; Singh, Sanjay",9798400716256.0,"Proceedings of the Fourteenth Indian Conference on Computer Vision, Graphics and Image Processing",,"Rupnagar, India",ICVGIP '23,,ACM,,,,,,,,,,,,,,,,,,,,,,,,,
inproceedings,FallDeWideo: Vision-Aided Wireless Sensing Dataset for Fall Detection with Commodity Wi-Fi Devices,2023,,Association for Computing Machinery,"New York, NY, USA",,,https://doi.org/10.1145/3615984.3616501,10.1145/3615984.3616501,"Falling is one of the most dangerous events for the elderly and one of the most pressing public concern, which calls for an accurate, efficient, ubiquitous, cost-effective and privacy-preserving fall detection system to mitigate the negative consequences. Wi-Fi sensing-based method is considered as a potential technique to meet such needs. Existing solutions simply treat fall detection simply as a binary classification task, which leads to interpretability risks. To address this issue, we present FallDeWideo, the first multi-modal dataset dedicated to fall detection, comprising Wi-Fi CSI data and videos recorded during various kinds of events. We provide benchmark model for this dataset as well. Specifically, we train a CSI-based human pose estimation model (HPE) using video data as the supervision modality. The trained model can estimate human pose solely on Wi-Fi channel state information (CSI), and then detects whether a fall event occurs. This pipeline extracts rich information from CSI data and detects fall with more than just an alarm, but attached with an HPE, which allows more refined management of fall risks. We envision that this dataset will contribute to the wireless sensing research coomunity with respect to healthcare, action recognition, and cross-modal sensing. Codes and link to the dataset is available at https://github.com/shawnnn3di/falldewideo.",,,,6.0,"['Wi-Fi sensing', 'activity recognition', 'datasets', 'fall detection', 'multi-modal']","Cai, Zhijie; Chen, Tingwei; Zhou, Fujia; Cui, Yuanhao; Li, Hang; Li, Xiaoyang; Zhu, Guangxu; Shi, Qingjiang",9798400703645.0,Proceedings of the 3rd ACM MobiCom Workshop on Integrated Sensing and Communications Systems,7–12,"Madrid, Spain",ISACom '23,,ACM,,,,,,,,,,,,,,,,,,,,,,,,,
inproceedings,Action Recognition and Fall Detection System Based on 3D Skeleton Model,2024,,Association for Computing Machinery,"New York, NY, USA",,,https://doi.org/10.1145/3654522.3654537,10.1145/3654522.3654537,"Although Artificial intelligence has become an important part of machine-human interactions today. This research focuses on recognizing daily activities such as running, jumping, and walking, and the role of fall detection. The study emphasizes the system's ability to analyze human behavior in common situations, particularly in fall detection. Recognizing patterns in fall behavior is crucial in providing alerts and responding to emergencies. This not only supports security but also enhances healthcare and elderly care. A reliable fall detection system can stimulate the development of health and safety support systems and create smart applications for monitoring and home healthcare.The research will use RGB video data processed through Mediapipe [13] to extract skeletal keypoints. The ST-GCN model (Spatial-Temporal Graph Convolutional Network) [24] will be utilized for training and evaluation. Finally, a real-time camera system [14] will be built to detect actions using the Orange Pi Zero 3 embedded computer.",,,,8.0,"['Fall detection', 'Human action recognition', 'Mediapipe Pose']","Tran, Tri; Hoang, Khoa; Hoang, Ha",9798400716713.0,Proceedings of the 2024 9th International Conference on Intelligent Information Technology,86–93,"Ho Chi Minh City, Vietnam",ICIIT '24,,ACM,,,,,,,,,,,,,,,,,,,,,,,,,
inproceedings,Design and Implementation of Clinical Monitoring Equipment Based on Thermal Infrared Imaging for Human Body Morphological Changes,2025,,Association for Computing Machinery,"New York, NY, USA",,,https://doi.org/10.1145/3718441.3718478,10.1145/3718441.3718478,"The escalating aging demographic in China has heightened concerns regarding elderly care, particularly in the context of fall prevention. This research project is dedicated to the development of a fall detection system employing thermal infrared imaging technology. The system operates by monitoring changes in the tilt angle of an ellipse fitted to the body's thermal profile, alongside detecting infrared emissions from the body's surface to identify instances of falling. It is designed to provide a labor-efficient caregiving solution for the elderly in hospital or other care environments. Upon detecting a fall, the device immediately triggers an alarm, ensuring prompt medical intervention and potentially improving treatment outcomes. The result reveals that this system can collect morphological data through infrared imaging and assesses head movement acceleration to ascertain fall incidents. By processing these images, it can significantly reduce the mortality rate associated with falls, while also safeguarding patient privacy and minimizing the risk of accidents. Utilizing infrared imaging technology, the device offers real-time patient monitoring, which can decrease the likelihood of falls and enhance the efficiency of medical staff. This innovation holds substantial societal value, particularly in the context of an aging population.",,,,6.0,"['Angle of Tilt', 'Body Surface Temperature', 'Elliptical Fitting', 'Fall Detection', 'Infrared Imaging Technology']","Song, Ju-Hua; Cheng, Lin-lin; Liu, Fu-Xuan; Yang, Ying-Rui; Li, Tong; Ji, Chao",9798400709906.0,Proceedings of the 2024 2nd Asia Symposium on Image and Graphics,177–182,,ASIG '24,,ACM,,,,,,,,,,,,,,,,,,,,,,,,,
inproceedings,SiFall: Practical Online Fall Detection with RF Sensing,2023,,Association for Computing Machinery,"New York, NY, USA",,,https://doi.org/10.1145/3560905.3568517,10.1145/3560905.3568517,"Falls are one of the leading causes of death in the elderly people aged 65 and above. In order to prevent death by sending prompt fall detection alarms, non-invasive radio-frequency (RF) based fall detection has attracted significant attention, due to its wide coverage and privacy preserving nature. Existing RF-based fall detection systems process fall as an activity classification problem and assume that human falls introduce reproducible patterns to the RF signals. We, however, argue that the fall is essentially an accident, hence, its impact is uncontrollable and unforeseeable. We propose to solve the fall detection problem in a fundamentally different manner. Instead of directly identifying the human falls which are difficult to quantify, we recognize the normal repeatable human activities and then identify the fall as abnormal activities out of the normal activity distribution. We implement our idea and build a prototype based on commercial Wi-Fi. We conduct extensive experiments with 16 human subjects. The experiment results show that our system can achieve high fall detection accuracy and adapt to different environments for real-time fall detection.",,,,15.0,"['adaptive segmentation', 'device-free', 'fall detection', 'real-time system', 'self-supervised learning', 'wireless sensing']","Ji, Sijie; Xie, Yaxiong; Li, Mo",9781450398862.0,Proceedings of the 20th ACM Conference on Embedded Networked Sensor Systems,563–577,"Boston, Massachusetts",SenSys '22,,ACM,,,,,,,,,,,,,,,,,,,,,,,,,
inproceedings,Optimization and Validation of a 2D-LiDAR-Coverage Algortihm,2025,,Association for Computing Machinery,"New York, NY, USA",,,https://doi.org/10.1145/3733155.3737907,10.1145/3733155.3737907,"The strategic placement of 2D-LiDAR (Light Detection and Ranging) sensors is critical for a wide range of applications in smart indoor environments, including security, fall detection, and elderly care monitoring. This paper introduces and validates a novel 2D-LiDAR coverage algorithm designed to address significant challenges such as blind spots and shadow minimization. By extending existing grid-based methodologies, the proposed algorithm incorporates multi-directional coverage requirements to ensure that each grid cell is reliably monitored from multiple perspectives. This enhancement reduces the likelihood of undetected areas and improves the overall resilience of the system to occlusions. Furthermore, the algorithm optimizes sensor placement to minimize hardware requirements while maintaining comprehensive spatial coverage. The algorithm’s performance is rigorously evaluated through both simulated and real-world experiments. The simulations modeled a typical and simple indoor environment with one large static obstacle to validate the effectiveness of the sensor placement strategy in achieving full coverage with minimal overlap. Real-world experiments, utilizing RPLidar A1M8 sensors, confirm the simulation results and demonstrate the practical feasibility of the algorithm in detecting and tracking movement throughout the test environment, including in regions prone to occlusions. These results emphasize the algorithm’s suitability for high-reliability applications such as fall detection in elderly care settings and continuous monitoring in smart environments. This work not only validates the practical applicability of the proposed approach but also provides a foundation for its adaptation to more complex scenarios, paving the way for advancements in sensor network design and deployment in diverse real-world contexts.",,,,7.0,"['2D-LiDAR', 'Sensor Placement Optimization', 'Fall Detection', 'Indoor Monitoring', 'Shadow Minimization', 'Elderly Care Safety', 'Coverage Overlap', 'Real-world Validation', 'Smart Environment Monitoring']","D'Avis, Noel; Faquiri, Silvia",9798400714023.0,Proceedings of the 18th ACM International Conference on PErvasive Technologies Related to Assistive Environments,248–254,,PETRA '25,,ACM,,,,,,,,,,,,,,,,,,,,,,,,,
article,Toward Device-free and User-independent Fall Detection Using Floor Vibration,2023,February 2023,Association for Computing Machinery,"New York, NY, USA",19.0,1.0,https://doi.org/10.1145/3519302,10.1145/3519302,"The inevitable aging trend of the world’s population brings a lot of challenges to the health care for the elderly. For example, it is difficult to guarantee timely rescue for single-resided elders who fall at home. Under this circumstance, a reliable automatic fall detection machine is in great need for emergent rescue. However, the state-of-the-art fall detection systems are suffering from serious privacy concerns, having a high false alarm, or being cumbersome for users. In this article, we propose a device-free fall detection system, namely G-Fall, based on floor vibration collected by geophone sensors. We first decompose the falling mode and characterize it with time-dependent floor vibration features. By leveraging Hidden Markov Model (HMM), our system is able to detect the fall event precisely and achieve user-independent detection. It requires no training from the elderly but only an HMM template learned in advance through a small number of training samples. To reduce the false alarm rate, we propose a novel reconfirmation mechanism using Energy-of-Arrival (EoA) positioning to assist in detecting the human fall. Extensive experiments have been conducted on 24 human subjects. On average, G-Fall achieves a 95.74% detection precision on the anti-static floor and 97.36% on the concrete floor. Furthermore, with the assistance of EoA, the false alarm rate is reduced to nearly 0%.",ACM Trans. Sen. Netw.,February,5,20.0,"['user-independent', 'device-free', 'geophone', 'floor vibration', 'Fall detection']","Wu, Kaishun; Huang, Yandao; Qiu, Minghui; Peng, Zhenkan; Wang, Lu",,,,,,1550-4859,ACM,,,,,,,,,,,,,,,,,,,,,,,,,
inproceedings,Research on the Application of Fall Detection Technology Based on the Security Field of the Smart Care for the Elderly,2022,,Association for Computing Machinery,"New York, NY, USA",,,https://doi.org/10.1145/3512826.3512832,10.1145/3512826.3512832,"Abstract. The security of the elderly in an aging society has become a social problem attracting much attention, among which the problem of secondary injury caused by the fall has attracted wide concern of researchers. The application of fall detection combined with artificial intelligence technology has become an important application in the security field of smart care for the elderly. After analyzing and judging the human body features, this paper found out that the combination of human skeleton and fall detection technology could be used to identify the fall behavior and link it with the alarm system to solve the security problem of smart care for the elderly. The experimental results showed that the recognition rate of fall detection was increased by 2% after adding optimization of genetic algorithm factors and contrast calculation of prediction frame length in the process of human feature target detection.",,,,5.0,"['Keywords. Smart Care for the Elderly', 'Human Features', 'Genetic Algorithm', 'Fall Detection']","Chen, Zhiwen; Ji, Yong; Ren, Yuanhong",9781450395489.0,Proceedings of the 2022 3rd International Conference on Artificial Intelligence in Electronics Engineering,75–79,"Bangkok, Thailand",AIEE '22,,ACM,,,,,,,,,,,,,,,,,,,,,,,,,
inproceedings,Real-Time Privacy Preserving Human Activity Recognition on Mobile using 1DCNN-BiLSTM Deep Learning,2023,,Association for Computing Machinery,"New York, NY, USA",,,https://doi.org/10.1145/3591156.3591159,10.1145/3591156.3591159,"Human Activity Recognition (HAR) from sensors has real-world applications such as fall detection of elderly or improvement in human-robot interactions, but privacy is of concern in videos of such applications. We investigated the feasibility of developing a real-time HAR mobile application that detects 3 different human poses: standing, sitting and lying, while preserving privacy by a facial detection method that also masks faces in the video. We proposed a hybrid 1-Dimensional Convolutional Neural Network with Bidirectional Long Short-Term Memory (1DCNN-BiLSTM) algorithm to recognise these 3 poses. We trained our proposed 1DCNN-BiLSTM algorithm using RGB videos from 3 public datasets (URFall, NTU RGB+D, Fall Detection) whereby features were extracted using MoveNet. The results yielded 82.1% test accuracy and 0.930 macro average AUC-ROC score on the combined dataset, hence demonstrating feasibility of deploying the proposed algorithm for balanced as well as imbalanced datasets. We then implemented our proposed 1DCNN-BiLSTM algorithm with face detection and masking in a mobile application. The results showed that the mobile application could perform human pose detection inference in real time (3 people at 23.0-25.3 FPS). Hence this study showed promise of a larger scale-study of these HAR systems, such as monitoring potential falls in video surveillance.",,,,9.0,"['Real-Time Mobile Application', 'Human Activity Recognition', 'Deep Learning', 'Computer Vision']","Singh, Ishneet; Kaza, Pradyoth; Hosler, Peter; Chin, Zheng; Ang, Kai",9781450398381.0,"Proceedings of the 2023 5th International Conference on Image, Video and Signal Processing",18–26,"Singapore, Singapore",IVSP '23,,ACM,,,,,,,,,,,,,,,,,,,,,,,,,
inproceedings,TADAR: Thermal Array-based Detection and Ranging for Privacy-Preserving Human Sensing,2024,,Association for Computing Machinery,"New York, NY, USA",,,https://doi.org/10.1145/3641512.3686357,10.1145/3641512.3686357,"Human sensing has gained increasing attention in various applications. Among the available technologies, visual images offer high accuracy, while sensing on the RF spectrum preserves privacy, creating a conflict between imaging resolution and privacy preservation. In this paper, we explore thermal array sensors as an emerging modality that strikes an excellent resolution-privacy balance for ubiquitous sensing. To this end, we present TADAR, the first multi-user Thermal Array-based Detection and Ranging system that estimates the inherently missing range information, extending thermal array outputs from 2D thermal pixels to 3D depths and empowering them as a promising modality for ubiquitous privacy-preserving human sensing. We prototype TADAR using a single commodity thermal array sensor and conduct extensive experiments in different indoor environments. Our results show that TADAR achieves a mean F1 score of 88.8% for multi-user detection and a mean accuracy of 32.0 cm for multi-user ranging, which further improves to 20.1 cm for targets located within 3 m. We conduct two case studies on fall detection and occupancy estimation to showcase the potential applications of TADAR. We hope TADAR will inspire the vast community to explore new directions of thermal array sensing, beyond wireless and acoustic sensing. TADAR is open-sourced on GitHub: https://github.com/aiot-lab/TADAR.",,,,10.0,"['human sensing', 'thermal array', 'detection and ranging']","Zhang, Xie; Wu, Chenshu",9798400705212.0,"Proceedings of the Twenty-Fifth International Symposium on Theory, Algorithmic Foundations, and Protocol Design for Mobile Networks and Mobile Computing",11–20,"Athens, Greece",MobiHoc '24,,ACM,,,,,,,,,,,,,,,,,,,,,,,,,
article,Waffle: A Waterproof mmWave-based Human Sensing System inside Bathrooms with Running Water,2024,December 2023,Association for Computing Machinery,"New York, NY, USA",7.0,4.0,https://doi.org/10.1145/3631458,10.1145/3631458,"The bathroom has consistently ranked among the most perilous rooms in households, with slip and fall incidents during showers posing a critical threat, particularly to the elders. To address this concern while ensuring privacy and accuracy, the mmWave-based sensing system has emerged as a promising solution. Capable of precisely detecting human activities and promptly triggering alarms in response to critical events, it has proved especially valuable within bathroom environments. However, deploying such a system in bathrooms faces a significant challenge: interference from running water. Similar to the human body, water droplets reflect substantial mmWave signals, presenting a major obstacle to accurate sensing. Through rigorous empirical study, we confirm that the interference caused by running water adheres to a Weibull distribution, offering insight into its behavior. Leveraging this understanding, we propose a customized Constant False Alarm Rate (CFAR) detector, specifically tailored to handle the interference from running water. This innovative detector effectively isolates human-generated signals, thus enabling accurate human detection even in the presence of running water interference. Our implementation of ""Waffle"" on a commercial off-the-shelf mmWave radar demonstrates exceptional sensing performance. It achieves median errors of 1.8cm and 6.9cm for human height estimation and tracking, respectively, even in the presence of running water. Furthermore, our fall detection system, built upon this technique, achieves remarkable performance (a recall of 97.2% and an accuracy of 97.8%), surpassing the state-of-the-art method.",Proc. ACM Interact. Mob. Wearable Ubiquitous Technol.,January,201,29.0,"['Bathroom', 'Fall Detection', 'Radar Point cloud', 'Target Detection', 'mmWave Radar Sensing']","Zhang, Xusheng; Zhang, Duo; Xie, Yaxiong; Wu, Dan; Li, Yang; Zhang, Daqing",,,,,,,ACM,,,,,,,,,,,,,,,,,,,,,,,,,
inproceedings,WiFi Sensing with Single-Antenna Devices for Ambient Assisted Living,2023,,Association for Computing Machinery,"New York, NY, USA",,,https://doi.org/10.1145/3615834.3615841,10.1145/3615834.3615841,"The absolute coverage WiFi networks is higher than it has ever been and WiFi sensing offers a device-free, contactless alternative to intrusive wearable devices for a variety of applications, in particular for ambient assisted living (AAL). However, a majority of sensing systems proposed in literature use multiple antennas for sensing, resulting in high cost that hinders development of such solutions in real life. This work surveys existing single-antenna systems as a low-cost solution in an AAL scenario. The capabilities of these systems are examined regarding their practical applicability based on testing in AAL environments, leveraging multiple links (i.e. transmitter-receiver pairs) and considering mobile and repositioned receivers. It is found that while the AAL use-cases of respiration monitoring, fall detection and activity recognition are realised by existing systems, further testing in realistic AAL environments with the inclusion of activities of daily living is needed. Additionally the full use of multiple links and consideration of a mobile receiver is still rare, but shows promising improvements. A multi-task system enabling all three applications is discussed using the Model for Ethical Evaluation of Socio-Technical Arrangements (MEESTAR). We suggest an ethically sensitive use, but identify a need for mitigation strategies to address privacy-related concerns of potentially unwilling users.",,,3,8.0,"['WiFi sensing', 'ambient assisted living', 'social aspects of security and privacy', 'ubiquitous computing']","Schumann, Robert; Li, Frederic; Grzegorzek, Marcin",9798400708169.0,Proceedings of the 8th International Workshop on Sensor-Based Activity Recognition and Artificial Intelligence,,"L\""{u}beck, Germany",iWOAR '23,,ACM,,,,,,,,,,,,,,,,,,,,,,,,,
article,XRF55: A Radio Frequency Dataset for Human Indoor Action Analysis,2024,March 2024,Association for Computing Machinery,"New York, NY, USA",8.0,1.0,https://doi.org/10.1145/3643543,10.1145/3643543,"Radio frequency (RF) devices such as Wi-Fi transceivers, radio frequency identification tags, and millimeter-wave radars have appeared in large numbers in daily lives. The presence and movement of humans can affect the propagation of RF signals, further, this phenomenon is exploited for human action recognition. Compared to camera solutions, RF approaches exhibit greater resilience to occlusions and lighting conditions, while also raising fewer privacy concerns in indoor scenarios. However, current works have many limitations, including the unavailability of datasets, insufficient training samples, and simple or limited action categories for specific applications, which seriously hinder the growth of RF solutions, presenting a significant obstacle in transitioning RF sensing research from the laboratory to a wide range of everyday life applications. To facilitate the transitioning, in this paper, we introduce and release a large-scale multiple radio frequency dataset, named XRF55, for indoor human action analysis. XRF55 encompasses 42.9K RF samples and 55 action classes of human-object interactions, human-human interactions, fitness, body motions, and human-computer interactions, collected from 39 subjects within 100 days. These actions were meticulously selected from 19 RF sensing papers and 16 video action recognition datasets. Each action is chosen to support various applications with high practical value, such as elderly fall detection, fatigue monitoring, domestic violence detection, etc. Moreover, XRF55 contains 23 RFID tags at 922.38MHz, 9 Wi-Fi links at 5.64GHz, one mmWave radar at 60-64GHz, and one Azure Kinect with RGB+D+IR sensors, covering frequency across decimeter wave, centimeter wave, and millimeter wave. In addition, we apply a mutual learning strategy over XRF55 for the task of action recognition. Unlike simple modality fusion, under mutual learning, three RF modalities are trained collaboratively and then work solely. We find these three RF modalities will promote each other. It is worth mentioning that, with synchronized Kinect, XRF55 also supports the exploration of action detection, action segmentation, pose estimation, human parsing, mesh reconstruction, etc., with RF-only or RF-Vision approaches.",Proc. ACM Interact. Mob. Wearable Ubiquitous Technol.,March,21,34.0,"['RFID', 'Wi-Fi', 'dataset', 'human action recognition', 'millimeter-wave radar', 'mutual learning']","Wang, Fei; Lv, Yizhe; Zhu, Mengdie; Ding, Han; Han, Jinsong",,,,,,,ACM,,,,,,,,,,,,,,,,,,,,,,,,,
article,WiLife: Long-Term Daily Status Monitoring and Habit Mining of the Elderly Leveraging Ubiquitous Wi-Fi Signals,2025,January 2025,Association for Computing Machinery,"New York, NY, USA",6.0,1.0,https://doi.org/10.1145/3689373,10.1145/3689373,"The global aging demographic underscores the imperative for continuous in-home monitoring of the empty-nest elderly, ensuring their safety and well-being. The widespread deployment of Wi-Fi infrastructure has paved the way to monitor the elderly in a non-intrusive and privacy-preserving manner. Numerous studies have explored the potential of utilizing Wi-Fi signals to address urgent life safety concerns such as fall detection and vital sign monitoring. However, apart from these acute safety issues, the early detection of potential disease symptoms and managing the progression of chronic diseases are also crucial for elderly care, which calls for long-term and continuous monitoring of the elderly’s daily routines. Unfortunately, challenges like continuous activity segmentation and location/orientation dependencies have hindered the implementation of a long-term, around-the-clock activity monitoring system for the elderly. This work introduces “WiLife,” a cutting-edge Wi-Fi-based framework for continuous monitoring of the elderly’s spatio-temporal daily status information. Specifically, WiLife adopts a strategy of partitioning living spaces into functional areas and categorizing daily activities into atomic states. By encapsulating daily life status into a unique series of triple unit format: (leftlangletextit{Time, Area, State}rightrangle) , WiLife is able to offer valuable insights into when, where, and how activities occur. Field implementations spanning 1,080 hours (45 days (times) 24 hours) in real-world home environments highlight WiLife’s exceptional capability in understanding individual living habits and timely detection of irregularities.",ACM Trans. Comput. Healthcare,January,10,29.0,"['Wi-Fi', 'Wireless sensing', 'health monitoring', 'elderly care']","Li, Shengjie; Liu, Zhaopeng; Lv, Qin; Zou, Yanyan; Zhang, Yue; Zhang, Daqing",,,,,,,ACM,,,,,,,,,,,,,,,,,,,,,,,,,
inproceedings,"Exploiting pervasive leaked EM signals for communication, charging and sensing",2024,,Association for Computing Machinery,"New York, NY, USA",,,https://doi.org/10.1145/3643832.3661390,10.1145/3643832.3661390,"Since the first successful wireless transmission across the Bristol Channel in 1897, wireless technologies have revolutionized the way we live, work and interact with the world. Besides the traditional communication function (e.g., Wi-Fi), wireless signals are further utilized for other functions such as localization, sensing and even charging. While promising in many aspects, one critical issue associated with these new functions is that they require dedicated signal transmissions, which interfere the original communication function. Take popular Wi-Fi sensing as the example. 200-1000 dedicated Wi-Fi packets per second need to be transmitted to enable Wi-Fi sensing which significantly decrease the throughput of ongoing Wi-Fi communication.Thus, I ask this question: ""can we utilize ambient, non-dedicated wireless signals to realize the aforementioned functions?"" For my Ph.D thesis, I harness the pervasive ambient leakage signals traditionally considered detrimental to enhance the performance of wireless communication and enable new functions such as sensing and charging. My thesis is inspired by the key observation that there exist a large amount of leakage RF signals in our surroundings. For example, the powerlines continuously emit out 50/60 Hz electromagnetic (EM) signals due to the alternating current flowing inside. The operation of electric vehicles leaks RF signals in th frequency range of hundreds of hertz. One of the key wireless technologies in the next generation 6G networks, i.e., visible light communication (VLC) which relies on quickly turning ON/OFF the LED light also emit out RF leakages due to the quick ON/OFF state change. In my thesis, through novel designs across both hardware and software, I turn these ambient leakages from foes to friends.Enhancing the security and throughput of wireless communication. Visible Light Communication is considered a key component of the 6G networks owing to its potential high data rates, pervasiveness of commodity LEDs, and minimal interference on existing RF communication. For the first time, we showed that during the transmission of VLC, the transmitter not only emits out visible light signals but also leaks out RF signals [1]. The underlying principle behind this leaked signal is the intensity modulation scheme commonly adopted in VLC systems. As illustrated in Figure 1, in VLC, data bits '0' and '1' are represented by switching 'OFF' and 'ON' the LED, which leads to quick alterations of the current flow. These changing electric currents induce EM signal leakages. We developed a theoretical model to quantify the relationship between the amplitude of these leaked RF signals and the ON/OFF frequency. We show that while LED light signals can be easily constrained within an area of interest (e.g., a room with walls), the leakage RF signal can penetrate through walls. What's more interesting is that the leakage RF signal contains a copy of the data transmitted in the light signals and this finding renders VLC-the generally believed most secure wireless technology-not secure any more as illustrated in Figure 2. Building upon this finding, we further demonstrate a novel utilization of these leaked signals for carrying extra data [2] to double the data rate of existing VLC systems. In this design, data is transmitted through the leaked RF signal without a dedicated active RF front-end, reducing both power and hardware costs. We show through experiment that the free leaked RF signals can be leveraged to transmit extra data at a data rate even higher than the primary VLC channel.Harvesting the leaked energy for far-field charging. Following the successful utilization of VLC leakage signals for communication, we further view the leaked signals as a form of wasted energy and devote our effort to harvesting it [3]. The key observation enabling us to achieve this objective is that the surrounding objects can help significantly boost the amount of energy harvested. What is more exciting is that not just the ordinary objects such as walls and furniture can help enhance energy harvesting, the human body can also increase the amount of harvested energy. When the receiver antenna is in contact with a human body, the amount of harvested energy is increased by more than ten times. Based on this key observation, we propose our system, Bracelet+, which involves human body into the ecosystem of energy harvesting for the first time as depicted in Figure 3. We design the coil antenna as a bracelet so a person can wear it comfortably. The harvested power can reach up to micro-watts, holding promise for powering low-power body sensors and enabling body sensor network. Note that this far-field (i.e., a separation of a few meters between the target and the power source) wireless charging modality is very different from existing near-field wireless charging with the target and power source separated by just a few centimeters.Enabling a novel sensing modality. After we successfully utilized leaked signals for communication and charging, we move forward to utilize the leaked signals (i.e., the powerline leakage) for sensing purposes [4]. This electromagnetic leakage, stemming from alternating current in powerlines, is governed by Maxwell's Equations. However, the ultra-low frequency (60 Hz) of the leakage renders existing wireless sensing models inapplicable. Specifically, current wireless sensing modalities rely on the fact that signal propagation is affected by human's motions and thus by analyzing the induced signal variation, the information of the human motion can be inferred. However, for leaked signal which is extremely low-frequency, the propagation of the signal is not affected by human motions. Owing to the antenna's unique property (i.e., coil shape) for low frequency signals, we design the antenna as a ring and combine the human target and ring antenna together as a ""human antenna"" as shown in 4(a) to sense the human target's gesture. Although the human target's gesture does not affect the signal propagation, it affects the antenna and accordingly affects the received signal. We can thus utilize the signal variation for sensing. One unique advantage of this sensing modality is that although the ring is only in contact with the target's finger, it can sense the motion of the whole body. This new sensing modality is demonstrated to be able to support a large range of sensing applications such as gesture recognition, sleep posture sensing, and fall detection.Besides powerline leakage, we also leverage the EM leakage from electric vehicles (EVs) to enable in-vehicle sensing [5]. We observe that numerous components within the EVs including battery, powerline, and power inverter, emit EM signals during their operation. We thus use the leakage to sense the body motions of the driver/passenger without any dedicated signal transmitters. To address the unique challenge in car environment, i.e., the interfering car motions, we adopt a reference tag design, making the proposed sensing modality practical in real-world settings. Extensive experiments with a driving distance of 4000 kilometers under diverse real-world road conditions show that the proposed sensing system can achieve an accuracy over 90% in recognizing body motions solely utilizing ambient leakage signals.To summarize, we innovatively utilize pervasive leakage signals for wireless communication, far-field charging, and wireless sensing, achieving the following contributions:• We explored different types of leakage signals in our surroundings and demonstrated the application of the ""bad"" leakage signals in communication, charging and sensing.• Through deeply understanding the signal characteristics, we propose models to lay the theoretical foundation for utilizing the leakage signals for communication, charging and sensing.",,,,2.0,"['leaked signal', 'wireless communication', 'wireless sensing', 'far-field charging']","Cui, Minhao",9798400705816.0,"Proceedings of the 22nd Annual International Conference on Mobile Systems, Applications and Services",760–761,"Minato-ku, Tokyo, Japan",MOBISYS '24,,ACM,,,,,,,,,,,,,,,,,,,,,,,,,
,,2025,,,,,,,10.1109/icsadl65848.2025.10933218,,,,,,"['Fall detection', 'Velodyne sensor', 'ACNN', 'DGCNN', 'Privacy', 'Accuracy', 'Laser radar', 'Three-dimensional displays', 'Sensors', 'Indoor environment', 'Convolutional neural networks', 'Fall detection', 'Older adults', 'Monitoring']",P. G. Vignesh; N. K. S; S. K. T; J. G,,,,,,,IEEE,LiDAR-Based Elderly Fall Detection System for Indoor Environments Using Neural Network Algorithms,"Dept. of Computer Science and Engineering, Amrita School of Computing, Amrita Vishwa Vidyapeetham, India; Dept. of Computer Science and Engineering, Amrita School of Computing, Amrita Vishwa Vidyapeetham, India; Dept. of Computer Science and Engineering, Amrita School of Computing, Amrita Vishwa Vidyapeetham, India; Dept. of Computer Science and Engineering, Amrita School of Computing, Amrita Vishwa Vidyapeetham, India",2025 4th International Conference on Sentiment Analysis and Deep Learning (ICSADL),27 Mar 2025,,,1564,1568,"Fall detection systems are critical in elderly care and healthcare monitoring, but traditional camera-based solutions raise significant privacy concerns. This research presents a novel approach utilizing LiDAR (Light Detection and Ranging) sensors for fall detection in indoor environments, addressing privacy issues while maintaining high accuracy. We introduce LiFall, a new dataset captured using a Velodyne VLP 16 Puck LiDAR sensor, comprising 12 scenes and over 500 frames simulating various fall scenarios (including back falls, bed falls, and walking falls), contributing to the scarcity of LiDAR-based fall detection datasets. Our methodology employs two advanced deep learning architectures: Annularly Convolutional Neural Networks (ACNN) and Dynamic Graph Convolutional Neural Networks (DGCNN). Evaluating these models on both the ModelNet40 dataset and our custom LiFall dataset, results show DGCNN outperforms ACNN, achieving an accuracy of 84% on the ModelNet40 dataset with a 70:30 train-test split. On the LiFall dataset, despite challenges with dataset imbalance and achieving lower detection accuracy even after data augmentation, our approach demonstrates the potential of LiDAR-based fall detection systems. Compared to other fall detection methods, our LiDAR-based system offers significant advantages beyond privacy preservation, such as robust performance in low-light conditions and the ability to capture detailed 3D spatial information. While our current implementation is limited to laboratory settings, future work will focus on real-world deployments and further addressing dataset imbalance issues to enhance overall system performance. This research contributes to the field by providing a privacy-preserving, high-performance alternative to camera-based fall detection systems, paving the way for more acceptable monitoring solutions in sensitive indoor environments.",,979-8-3315-2392-3,,https://ieeexplore.ieee.org/stamp/stamp.jsp?arnumber=10933218,"['Privacy', 'Accuracy', 'Laser radar', 'Three-dimensional displays', 'Sensors', 'Indoor environment', 'Convolutional neural networks', 'Fall detection', 'Older adults', 'Monitoring']",,2.0,,16.0,IEEE,27 Mar 2025,18-20 Feb. 2025,18-20 Feb. 2025,IEEE,IEEE Conferences,
,,2024,,,,,,,10.1109/aiotsys63104.2024.10780526,,,,,,"['WiFi', 'CSI', 'ISAC', 'Nexmon', 'Fall detection system', 'Privacy', 'Neural networks', 'Data collection', 'Feature extraction', 'Sensors', 'Fall detection', 'Older adults', 'Wireless fidelity', 'Channel state information', 'Principal component analysis']",Y. Chen; Z. Sun; Z. Wang; Z. Yu; B. Guo,,,,,,,IEEE,Sensing and Communication Integration Based Fall Detection with Commercial WiFi,"Department of Computer Science, University of Northwestern University, Xi'an, China; Department of Computer Science, University of Northwestern Polytechnical University, Xi'an, China; Department of Computer Science, University of Northwestern Polytechnical University, Xi'an, China; Department of Computer Science, University of Northwestern Polytechnical University, Xi'an, China; Department of Computer Science, University of Northwestern Polytechnical University, Xi'an, China",2024 International Conference on Artificial Intelligence of Things and Systems (AIoTSys),13 Dec 2024,,,1,8,"With the increase of China's elderly population year by year and the increasing number of elderly people living alone, the problem of elderly people death caused by falls becomes more severe. Conventional vision based approaches suffer from some privacy issues to the elderly or guardians. And a wearable sensor-based fall detection methods would leave the elderly constrained and stressed. Therefore, the fall detection technology based on WiFi wireless network has been proposed. This is owing to its significant advantages that it will not cause privacy disclosure problems, nor will it give the elderly any substantial physical bondage and pressure. In this paper, we construct a Channel State Information (CSI) acquisition platform based on regular communication packets with commercial WiFi to perform the sensing via the integration of sensing and communication. In particular, the WiFi works in the commuication mode and sends the comunication packet. The CSI is obtained from the communication package and is exploited for sensing. Then by pre-processing the collected CSI, the feature classification information related to falls is extracted for model identification. Based on the features, the neural network based fall detection algorithm is performed to realize the fall detection. The fall detection system equipped with the front-end interface based on Vue3 and the back-end service based on Python is implemented. The experiment results demonstrate that the system can achieve real-time and accurate fall detection, even when WiFi works in the communication mode.",,979-8-3315-0788-6,,https://ieeexplore.ieee.org/stamp/stamp.jsp?arnumber=10780526,"['Privacy', 'Neural networks', 'Data collection', 'Feature extraction', 'Sensors', 'Fall detection', 'Older adults', 'Wireless fidelity', 'Channel state information', 'Principal component analysis']",,,,22.0,IEEE,13 Dec 2024,17-19 Oct. 2024,17-19 Oct. 2024,IEEE,IEEE Conferences,
,,2026,,,,,,,10.1109/tsmc.2025.3614012,,,,,,"['Convolutional neural network (CNN)', 'fall detection', 'health care', 'hypertext transfer protocol (HTTP)', 'Internet of Things (IoT)', 'narrowband IoT (NB-IoT)', 'thermal', 'Fall detection', 'Sensors', 'Servers', 'Internet of Things', 'HTTP', 'Convolutional neural networks', 'Cameras', 'Temperature sensors', 'Accuracy', 'Temperature measurement']",Y. Wing Lo; C. Yin Lai; M. Ho Tsoi; S. W. Y. Mung,,,,,,,IEEE,High Coverage and Privacy-Preserving IoT-Based Fall Detection System With Two-Thermal-Sensor Configuration,"Research and Development Office, The Education University of Hong Kong, Ting Kok, Hong Kong; Research and Development Office, The Education University of Hong Kong, Ting Kok, Hong Kong; Research and Development Office, The Education University of Hong Kong, Ting Kok, Hong Kong; Research and Development Office, The Education University of Hong Kong, Ting Kok, Hong Kong","IEEE Transactions on Systems, Man, and Cybernetics: Systems",4 Feb 2026,56,2.0,812,824,"This study proposes a simple Internet of Things (IoT)-based fall detection system with high coverage and privacy preservation to detect people’s status in private areas, such as washrooms. Human detection is crucial to prevent treatment delays because falls can lead to serious injuries or death. The proposed system utilizes a two-thermal-sensor configuration with top and side sensors to detect humans and perform fall detection. The number of top and side sensors used depends on the size of the detected area. The system incorporates the narrowband (NB)-IoT technology to facilitate communication between servers and sensors as a bridge in this system. The fall detection circuit includes an NB-IoT module, a microcontroller unit (MCU), and a two-thermal-sensor configuration. This low-cost MCU connects to the sensors and performs computations to determine if a private area is occupied or not. Apart from high coverage and privacy preservation, a two-thermal-sensor configuration enhances the accuracy of the fall detection system. A convolutional neural network (CNN) can be added as an additional fall detection metric. This fully integrated system was already implemented in different commercial places, and four commercial places are demonstrated in this article. Experiments were performed via five cases to verify the performance of the proposed fall detection system. This system, compared with other technologies, has simple installation, low cost, high coverage, and privacy-preserving features.",2168-2232,,Research Matching Grant Scheme (RMGS) through the Research Grants Council of Hong Kong; ,https://ieeexplore.ieee.org/stamp/stamp.jsp?arnumber=11251189,"['Fall detection', 'Sensors', 'Servers', 'Internet of Things', 'HTTP', 'Convolutional neural networks', 'Cameras', 'Temperature sensors', 'Accuracy', 'Temperature measurement']",,1.0,,37.0,IEEE,18 Nov 2025,Feb. 2026,,IEEE,IEEE Journals,
,,2023,,,,,,,10.1109/icc45041.2023.10278661,,,,,,"['elders monitoring', 'fall detection', 'optical fiber sensors', 'machine learning', 'Accelerometers', 'Vibrations', 'Training', 'Image edge detection', 'Prediction algorithms', 'Fiber gratings', 'Quality of experience']",M. Rocha; H. R. Chi; N. Alberto; P. André; P. Antunes; A. Radwan; M. F. Domingues,,,,,,,IEEE,QoE-Aware Edge-Assisted Machine Learning-Based Fall Detection and Prediction with FBGs,"Instituto de Telecomunicações and University of Aveiro, Aveiro, Portugal; Instituto de Telecomunicações and University of Aveiro, Aveiro, Portugal; Instituto de Telecomunicações and University of Aveiro, Aveiro, Portugal; Department of Electrical and Computer Engineering, Instituto de Telecomunicações, Instituto Superior Técnico, University of Lisbon, Lisbon, Portugal; Instituto de Telecomunicações and University of Aveiro, Aveiro, Portugal; Instituto de Telecomunicações and University of Aveiro, Aveiro, Portugal; Instituto de Telecomunicações and University of Aveiro, Aveiro, Portugal",ICC 2023 - IEEE International Conference on Communications,23 Oct 2023,,,852,857,"Considering that fall accidents are one of the leading causes of non-natural death of elders, it is crucial to design and to implement home’ fall detection systems. Current home monitoring systems are targeting this challenge, pursuing non-invasive, low latency, and simplified fall detection algorithms. Therefore, in this paper, edge-enabled non-wearable and non-invasive fall detection system is proposed. Concretely, outperforming the conventional invasive/privacy-sensitive fall detection technologies, the proposed system comprises four photonic-based accelerometers solely relying on the fiber Bragg grating (FBG) technology, which monitor the vibrations induced by the body impact in the platform by the Bragg wavelength shifts. A newly-developed support vector machine-based multi-class fall detection algorithm is proposed, based on the data collected by the accelerometers. Moreover, feasibility analysis of the proposed fall detection algorithm also reveals the possibility of fall prediction, given the slipping as the pre-falling phenomenon. Experimental results showcase that the proposed fall detection algorithm achieves overall accuracy up to 96.5%, with average processing time achieved as 21.3 ms, indicating the sufficiency to provide high quality of experience (QoE) fall detection services. Besides, fall prediction based on the pre-falling case study of slipping is discussed, revealing that fall can be predicted~197.5 ms beforehand, which is sufficient for further fall prevention (e.g., airbag).",1938-1883,978-1-5386-7462-8,"European Regional Development Fund(grant numbers:072082,CENTRO-01-0247-FEDER-072082); ",https://ieeexplore.ieee.org/stamp/stamp.jsp?arnumber=10278661,"['Accelerometers', 'Vibrations', 'Training', 'Image edge detection', 'Prediction algorithms', 'Fiber gratings', 'Quality of experience']",,1.0,,24.0,IEEE,23 Oct 2023,28 May-1 June 2023,28 May-1 June 2023,IEEE,IEEE Conferences,
,,2025,,,,,,,10.1109/icccs65393.2025.11069909,,,,,,"['Millimeter-wave radar', 'Fall detection', '3D point cloud', 'Deep residual network', 'Training', 'Point cloud compression', 'Accuracy', 'Three-dimensional displays', 'Radar detection', 'Millimeter wave radar', 'Transformers', 'Data models', 'Fall detection', 'Millimeter wave communication']",P. Sang; H. Qin; S. Ding; X. Wang; X. Cao; Y. Zhuang,,,,,,,IEEE,RTFDNet: ResNet-Transformer-Based Fall Detection Network Using MmWave Radar,"Electronic Information School, Wuhan University, Wuhan, China; School of Earth and Space Science and Technology, Wuhan University, Wuhan, China; Electronic Information School, Wuhan University, Wuhan, China; State Key Laboratory of Information Engineering in Surveying, Mapping and Remote Sensing, Wuhan University, Wuhan, China; State Key Laboratory of Information Engineering in Surveying, Mapping and Remote Sensing, Wuhan University, Wuhan, China; State Key Laboratory of Information Engineering in Surveying, Mapping and Remote Sensing, Wuhan University, Wuhan, China",2025 10th International Conference on Computer and Communication System (ICCCS),14 Jul 2025,,,1202,1208,"Fall detection plays a crucial role in safeguarding the health and safety of the elderly, representing a vital area within public health and a key application in smart health and intelligent elderly care, which holds significant research value. Traditional fall detection methods relying on cameras, inertial sensors, and other technologies encounter challenges such as privacy concerns and relatively low detection accuracy. In contrast, millimeter wave radar shows great promise in fall detection due to its high penetrability, robust anti-interference capabilities, high resolution, and non - contact monitoring features. However, current research in millimeter - wave radar - based fall detection has several limitations. Most existing methods mainly utilize deep convolutional neural networks to process two - dimensional images, failing to fully exploit the abundant information within 3D point cloud data. Moreover, the fall detection system often struggles to handle dynamically changing interference sources effectively, which severely reduces the accuracy of subsequent models in recognizing fall - related action features. Additionally, the process of data labeling and its associated costs impose substantial constraints on model training and optimization. To address these issues, this study proposes a novel fall detection network, RTFDNet, which combines a deep residual network with the Transformer architecture for the first time. This integration enables the network to comprehensively capture the spatial and temporal characteristics of 3D point cloud data, ensuring a more complete and accurate extraction of essential data information. In terms of data processing, the development of dynamic denoising and physical enhancement strategies significantly improves data quality and the model's generalization ability in complex environments. Furthermore, a semi-supervised learning framework is adopted, requiring only 30 % of the data to be labeled. The framework generates pseudo-labels with the help of model prediction to complete the training. Experimental results demonstrate the effectiveness of the proposed framework. In a four-class classification task, the model achieves a fall detection accuracy of 99.08%, thus providing a new concept for millimeter wave radar fall detection.",2995-3251,979-8-3315-2314-5,,https://ieeexplore.ieee.org/stamp/stamp.jsp?arnumber=11069909,"['Training', 'Point cloud compression', 'Accuracy', 'Three-dimensional displays', 'Radar detection', 'Millimeter wave radar', 'Transformers', 'Data models', 'Fall detection', 'Millimeter wave communication']",,1.0,,11.0,IEEE,14 Jul 2025,18-21 April 2025,18-21 April 2025,IEEE,IEEE Conferences,
,,2024,,,,,,,10.1109/jiot.2024.3398782,,,,,,"['Activity classification', 'AIoT', 'camera', 'fall detection', 'hierarchical learning', 'smart home', 'Fall detection', 'Feature extraction', 'Internet of Things', 'Statistics', 'Social factors', 'Cameras', 'Videos']",S. Mobsite; N. Alaoui; M. Boulmalf; M. Ghogho,,,,,,,IEEE,A Privacy-Preserving AIoT Framework for Fall Detection and Classification Using Hierarchical Learning With Multilevel Feature Fusion,"TICLaboratory, International University of Rabat, Rabat, Morocco; TICLaboratory, International University of Rabat, Rabat, Morocco; TICLaboratory, International University of Rabat, Rabat, Morocco; TICLaboratory, International University of Rabat, Rabat, Morocco",IEEE Internet of Things Journal,23 Jul 2024,11,15.0,26531,26547,"Privacy and false fall detection pose a significant challenge within the current camera-based human activity monitoring research. In response, we propose a solution that leverages the inherent relationship between binary fall detection and activity classification through hierarchical learning for low-false fall classification. Our solution involves employing edge computing for data preprocessing, with a specific focus on extracting key points of the human body and motion features. Subsequently, the classification process based on multistream hierarchical learning takes place at the cloud level. This approach prevents sending raw RGB videos to the cloud to improve data privacy. Moreover, our network incorporates the hierarchical relationship between binary and multiclass classification using stream-to-stream skip connections and multilevel feature fusion. We created our multiscale convolutional fusion block (MSCFB) for multilevel feature extraction and fusion with an inner block skip connection. Additionally, we added an auxiliary fall detection loss to the first stream to regulate and control the feature extraction process for fall detection. Our network attained state-of-the-art performance in activity classification on the UP-Fall data set, securing an F1-score of 97.27%. Notably, there were no misclassifications between regular activities and fall subclasses, leading to a perfect F1-score of 100% for binary fall detection on this data set. Furthermore, our fall detection network achieved state-of-the-art on the PRECIS HAR data set with an F1-score of 98.34%.",2327-4662,,,https://ieeexplore.ieee.org/stamp/stamp.jsp?arnumber=10527395,"['Fall detection', 'Feature extraction', 'Internet of Things', 'Statistics', 'Social factors', 'Cameras', 'Videos']",,8.0,,74.0,IEEE,9 May 2024,"1 Aug.1, 2024",,IEEE,IEEE Journals,
,,2024,,,,,,,10.1109/niles63360.2024.10753201,,,,,,"['Fall Detection', 'Fully Convolutional Network (FCN)', 'Accelerometers', 'Gyroscopes', 'Time Series Classification', 'Performance evaluation', 'Accuracy', 'Sensitivity', 'Computational modeling', 'Real-time systems', 'Computational efficiency', 'Convolutional neural networks', 'Fall detection', 'Wearable devices', 'Older adults']",Y. A. Mahfouz; S. A. Fawzi,,,,,,,IEEE,Motion Sensor-Based Fall Detection Using 1D-FCN,"Center for Informatics Science (CIS), School of Information Technology and Computer Science (ITCS), Nile University, Giza, Egypt; Center for Informatics Science (CIS), School of Information Technology and Computer Science (ITCS), Nile University, Giza, Egypt",2024 6th Novel Intelligent and Leading Emerging Sciences Conference (NILES),22 Nov 2024,,,483,488,"Falls are a leading cause of unintentional injuries, particularly among the elderly, often leading to severe health complications. Effective fall detection systems are essential to mitigate these risks. Fall detection systems that rely on vision and multimodal approaches face limitations such as lighting conditions, privacy concerns, and high computational demands. This paper introduces a sensor-based fall detection model using inertial measurement units (IMUs) data, specifically gyroscopes and acceleromenters from wearable devices, thereby offering benefits in versatility, privacy, and real-time deployment. This research proposes a novel fall detection approach utilizing a fully convolutional network (FCN) architecture optimized for time series data. The FCN model effectively learns features from raw sensor data, providing high accuracy and computational efficiency. The proposed method was evaluated on the UP-Fall dataset, including a comparison with a baseline LSTM model. Results demonstrate that the proposed FCN model surpasses existing methods, achieving 99.52% accuracy, 98.7% sensitivity, 99.65% specificity, 98.14% precision, and 98.38% F1-score, with significantly lower inference time and memory consumption. These findings underscore the potential of the proposed approach for practical, real-time fall detection applications, ensuring prompt intervention and reducing the adverse effects of falls for the elderly.",,979-8-3503-7851-1,,https://ieeexplore.ieee.org/stamp/stamp.jsp?arnumber=10753201,"['Performance evaluation', 'Accuracy', 'Sensitivity', 'Computational modeling', 'Real-time systems', 'Computational efficiency', 'Convolutional neural networks', 'Fall detection', 'Wearable devices', 'Older adults']",,3.0,,31.0,IEEE,22 Nov 2024,19-21 Oct. 2024,19-21 Oct. 2024,IEEE,IEEE Conferences,
,,2025,,,,,,,10.1109/icetci64844.2025.11084159,,,,,,"['fall detection', 'YOLO11', 'C3k2', 'SPPF', 'BiFPN', 'Privacy', 'Convolution', 'Image edge detection', 'Redundancy', 'Lighting', 'Neck', 'Fall detection', 'Older adults', 'Kernel', 'Optimization']",K. Li; S. Song; J. Zhang; Y. Wang; S. Zheng; Z. Yang; Y. Gao; X. Ding,,,,,,,IEEE,SDN-YOLO: Research on the Fall Detection Algorithm for Privacy Scenarios Based on Optimized YOLO11,"School of Computer and Information Engineering, Shanghai Polytechnic University, Shanghai, China; School of Computer and Information Engineering, Shanghai Polytechnic University, Shanghai, China; Data Intelligence Product Department, Wonders Information Co., Ltd, Shanghai, China; Data Intelligence Product Department, Wonders Information Co., Ltd, Shanghai, China; Data Intelligence Product Department, Wonders Information Co., Ltd, Shanghai, China; Data Intelligence Product Department, Wonders Information Co., Ltd, Shanghai, China; Data Intelligence Product Department, Wonders Information Co., Ltd, Shanghai, China; Data Intelligence Product Department, Wonders Information Co., Ltd, Shanghai, China","2025 IEEE 5th International Conference on Electronic Technology, Communication and Information (ICETCI)",24 Jul 2025,,,103,107,"With the increasing degree of population aging, the rapid rise in the elderly population will lead to a serious issue of fall detection for elderly individuals living alone. Fall detection using images from conventional cameras exposes the privacy of elderly individuals and suffers from performance degradation due to insufficient lighting. Therefore, it was decided to use depth images for fall detection. The current methods for fall detection still face issues such as inconvenience, low accuracy, and high missed detection rates. This paper presents SDN-YOLO, a fall detection algorithm designed for privacy-preserving scenarios, which is based on an enhanced version of YOLO11, aimed at improving the detection rate. First, the C3k2 module is redesigned in the backbone network. By integrating the SConv branch for edge information extraction and the convolution branch for spatial information, this module enables the model to learn more comprehensive image feature representations. Secondly, to address the potential loss of detailed information due to the pooling operation in SPPF, convolution with different dilation rates is used to capture information in the image. Additionally, parameter sharing in the convolution helps reduce redundancy, thereby improving model efficiency. Finally, the BiFPN concept is introduced in the neck part, enabling the model to effectively fuse feature information from different layers, thereby improving the model's performance. Experimental results demonstrate that SDN-YOLO enhances the mAP@0.5 by 8.5%, Recall by 5.9%, and Precision by 2.7% over the baseline YOLO11 model on the dataset.",,979-8-3315-3372-4,,https://ieeexplore.ieee.org/stamp/stamp.jsp?arnumber=11084159,"['Privacy', 'Convolution', 'Image edge detection', 'Redundancy', 'Lighting', 'Neck', 'Fall detection', 'Older adults', 'Kernel', 'Optimization']",,,,17.0,IEEE,24 Jul 2025,23-25 May 2025,23-25 May 2025,IEEE,IEEE Conferences,
,,2025,,,,,,,10.1109/metroind4.0iot66048.2025.11122095,,,,,,"['Fall detection', 'ultrasonic sensor', 'user recognition', 'older people monitoring', 'Support vector machines', 'Training', 'Accuracy', 'Acoustics', 'Safety', 'Fall detection', 'Monitoring', 'Wearable sensors', 'Random forests', 'Testing']",I. Ciuffreda; S. Casaccia; G. M. Revel,,,,,,,IEEE,An Ultrasonic-based Metrological Approach for Fall Detection and User recognition using Supervised and Unsupervised Machine Learning Techniques,"Department of Industrial Engineering and Mathematical Sciences, Università Politecnica delle Marche, Ancona, Italy; Department of Industrial Engineering and Mathematical Sciences, Università Politecnica delle Marche, Ancona, Italy; Department of Industrial Engineering and Mathematical Sciences, Università Politecnica delle Marche, Ancona, Italy",2025 IEEE International Workshop on Metrology for Industry 4.0 & IoT (MetroInd4.0 & IoT),19 Aug 2025,,,372,376,"The rapid aging of the world’s population has increased the demand for innovative fall detection systems to ensure the safety and well-being of older people. Falls represent a major health risk, often leading to hospitalization, loss of independence, and increased caregiver burden. Traditional fall detection solutions, such as wearable sensors and camera-based systems, face challenges related to user compliance, privacy, and limited coverage areas. This study presents a novel ultrasonic (US)-based approach that combines fall detection and user identification using machine learning (ML) techniques. Unlike traditional wearable sensors, US technology offers a noninvasive and privacy-preserving alternative for monitoring falls in home and nursing home environments. The proposed system utilizes an US mounted on the ceiling for a dual purpose: fall detection and user identification. For fall detection, two ML algorithms, Random Forest and Support Vector Machine (SVM), were tested. The dataset was split using an 80/20% ratio, allocating 80% of the data for training and 20% for testing. Results indicate that Random Forest achieved high accuracy (up to 89%), demonstrating high reliability in detecting falls with minimal false negatives. Additionally, for user identification, an unsupervised K-means clustering algorithm was employed, achieving a classification accuracy of 70% based on walking patterns and height of individuals. These findings highlight the effectiveness of US-based monitoring in both detecting falls and user classification. Future work will focus on improving classification accuracy, and validating the system in real-world environments.",2837-0872,978-1-6654-5774-3,,https://ieeexplore.ieee.org/stamp/stamp.jsp?arnumber=11122095,"['Support vector machines', 'Training', 'Accuracy', 'Acoustics', 'Safety', 'Fall detection', 'Monitoring', 'Wearable sensors', 'Random forests', 'Testing']",,,,21.0,IEEE,19 Aug 2025,1-3 July 2025,1-3 July 2025,IEEE,IEEE Conferences,
,,2022,,,,,,,10.1109/tase.2020.3042158,,,,,,"['Anomaly detection', 'fall detection', 'millimeter wave (mmWave) radar', 'recurrent autoencoder (RAE)', 'semisupervised learning', 'variational autoencoder', 'Radar', 'Three-dimensional displays', 'Radar detection', 'Senior citizens', 'Doppler radar', 'Radar antennas', 'Radar measurements']",F. Jin; A. Sengupta; S. Cao,,,,,,,IEEE,mmFall: Fall Detection Using 4-D mmWave Radar and a Hybrid Variational RNN AutoEncoder,"Department of Electrical and Computer Engineering, The University of Arizona, Tucson, AZ, USA; Department of Electrical and Computer Engineering, The University of Arizona, Tucson, AZ, USA; Department of Electrical and Computer Engineering, The University of Arizona, Tucson, AZ, USA",IEEE Transactions on Automation Science and Engineering,6 Apr 2022,19,2.0,1245,1257,"Elderly fall prevention and detection becomes extremely crucial with the fast aging population globally. In this article, we propose mmFall, a novel fall detection system, which comprises 1) the emerging millimeter-wave (mmWave) radar sensor to collect the human body’s point cloud along with the body centroid and 2) a hybrid variational recurrent neural network (RNN) autoencoder (HVRAE) to compute the anomaly level of the body motion based on the acquired point cloud. A fall is detected when the spike in anomaly level and the drop in centroid height occur simultaneously. The mmWave radar sensor offers privacy-compliance and high sensitivity to motion, over the traditional sensing modalities. However, 1) randomness in radar point cloud and 2) difficulties in fall collection/labeling in the traditional supervised fall detection approaches are the two major challenges. To overcome the randomness in radar data, the proposed HVRAE uses variational inference, a generative approach rather than a discriminative approach, to infer the posterior probability of the body’s latent motion state every frame, followed by a RNN to summarize the temporal features over multiple frames. Moreover, to circumvent the difficulties in fall data collection/labeling, the HVRAE is built upon an autoencoder architecture in a semisupervised approach, which is only trained on the normal activities of daily living (ADL). In the inference stage, the HVRAE will generate a spike in the anomaly level once an abnormal motion, such as fall, occurs. During the experiment,1 we implemented the HVRAE along with two other baselines, and tested on the data set collected in an apartment. The receiver operating characteristic (ROC) curve indicates that our proposed model outperforms baselines and achieves 98% detection out of 50 falls at the expense of just 2 false alarms. Note to Practitioners—Traditional nonwearable fall detection approaches typically make use of a vision-based sensor, such as camera, to monitor and detect fall using a classifier that is trained in a supervised fashion on the collected fall and nonfall data. However, several problems render these methods impractical. First, camera-based monitoring may trigger privacy concerns. Second, fall data collection using human subjects is difficult and costly, not to mention the impossible ask of the elderly repeating simulated falls for data collection. In this article, we propose a new fall detection approach to overcome these problems 1) using a palm-size mmWave radar sensor to monitor the elderly, that is highly sensitive to motion while protecting privacy and 2) using a semisupervised anomaly detection approach to circumvent the fall data collection. Further hardware engineering and more training data from people with different body figures could make the proposed fall detection solution even more practical.",1558-3783,,The University of Arizona.; ,https://ieeexplore.ieee.org/stamp/stamp.jsp?arnumber=9305931,"['Radar', 'Three-dimensional displays', 'Radar detection', 'Senior citizens', 'Doppler radar', 'Radar antennas', 'Radar measurements']",,105.0,,63.0,IEEE,23 Dec 2020,April 2022,,IEEE,IEEE Journals,
,,2023,,,,,,,10.1109/jsen.2023.3322479,,,,,,"['Fall detection', 'intermediate domain module (IDM)', 'loss weight adaptive', 'unsupervised modality adaptation (UMA)', 'Fall detection', 'Training', 'Sensors', 'Adaptation models', 'Data models', 'Task analysis', 'X3D']",H. Xiao; K. Peng; X. Huang; A. Roitberg; H. Li; Z. Wang; R. Stiefelhagen,,,,,,,IEEE,Toward Privacy-Supporting Fall Detection via Deep Unsupervised RGB2Depth Adaptation,"Xiong’an Institute of Innovation, Chinese Academy of Sciences, Xiong’an, China; Institute for Anthropomatics and Robotics, Karlsruhe Institute of Technology, Karlsruhe, Germany; Xiong’an Institute of Innovation, Chinese Academy of Sciences, Xiong’an, China; Institute for Anthropomatics and Robotics, Karlsruhe Institute of Technology, Karlsruhe, Germany; Xiong’an Institute of Innovation, Chinese Academy of Sciences, Xiong’an, China; Xiong’an Institute of Innovation, Chinese Academy of Sciences, Xiong’an, China; Institute for Anthropomatics and Robotics, Karlsruhe Institute of Technology, Karlsruhe, Germany",IEEE Sensors Journal,30 Nov 2023,23,23.0,29143,29155,"Fall detection is a vital task in health monitoring, as it allows the system to trigger an alert and therefore enable faster interventions when a person experiences a fall. Although most previous approaches rely on standard RGB video data, such detailed appearance-aware monitoring poses significant privacy concerns. Depth sensors, on the other hand, are better at preserving privacy as they merely capture the distance of objects from the sensor or camera, omitting color and texture information. In this article, we introduce a privacy-supporting solution that makes the RGB-trained model applicable in the depth domain and utilizes depth data at test time for fall detection. To achieve cross-modal fall detection, we present an unsupervised RGB domain to the depth domain (RGB2Depth) cross-modal domain adaptation approach that leverages labeled RGB data and unlabeled depth data during training. Our proposed pipeline incorporates an intermediate domain module (IDM) for feature bridging, modality adversarial loss for modality discrimination, classification loss for pseudo-labeled depth data and labeled source data, triplet loss that considers both the source and target domains, and a novel adaptive loss weight adjustment method for improved coordination among various losses. Our approach achieves state-of-the-art results in the unsupervised RGB2Depth domain adaptation task for fall detection. Code is available at https://github.com/1015206533/privacy_supporting_fall_detection.",1558-1748,,National Key Research and Development Program of China(grant numbers:2020YFC2006406); Carl Zeiss Stiftung through the SmartAge Project(grant numbers:P2019-01-003 (2021–2026)); ,https://ieeexplore.ieee.org/stamp/stamp.jsp?arnumber=10299609,"['Fall detection', 'Training', 'Sensors', 'Adaptation models', 'Data models', 'Task analysis', 'X3D']",,5.0,,70.0,IEEE,27 Oct 2023,"1 Dec.1, 2023",,IEEE,IEEE Journals,
,,2025,,,,,,,10.1109/icirca65293.2025.11089525,,,,,,"['Artificial Intelligence (AI)', 'Convolutional Neural Networks (CNNs)', 'Inertial Measurement Units (IMUs)', 'Internet of Things (IoT)', 'Measurement units', 'Medical services', 'Inertial navigation', 'Internet of Things', 'Convolutional neural networks', 'Fall detection', 'Older adults', 'Wearable devices', 'Injuries', 'Wearable sensors']",N. Suganya; P. Gouthami; R. Sathiya; M. Murugesan; N. Alagusundari; D. N K,,,,,,,IEEE,Timely Identification of Falls in Seniors: AI-Driven Approaches for Intelligent Healthcare Systems,"Department of Computer Science and Business Systems, Dr. N.G.P.Institute of Technology, Coimbatore, India; Department of Computer Science and Business Systems, Dr. N.G.P.Institute of Technology, Coimbatore, India; Department of Information Technology, Thangavelu College of Engineering, Chennai, India; Department of Electrical and Electronics Engineering, Karpagam Institute of Technology, Coimbatore, India; Department of Computer Science and Engineering, Sri Ramakrishna Engineering College, Coimbatore; Department of Computer Science and Business Systems, Dr. N.G.P.Institute of Technology, Coimbatore, India",2025 6th International Conference on Inventive Research in Computing Applications (ICIRCA),31 Jul 2025,,,1153,1157,"Over the span of a year, falls among elderly individuals account for millions of injuries, putting a strain on medical systems worldwide. The application of artificial intelligence (AI) in healthcare has shown great promise, particularly in early fall detection for older adults, which is essential to minimize injuries, lower healthcare costs, and improve quality of life. This study focuses on developing an AI-driven, cloud-based fall detection and prediction system utilizing wearable technology, IoT-connected sensors, and machine learning techniques. Wearable devices equipped with accelerometers, gyroscopes, and inertial measurement units (IMUs) are enhanced using algorithms such as random forests and convolutional neural networks (CNNs) to detect abnormal gait patterns and predict ‘prefall’ scenarios. To address challenges such as energy inefficiency, high false positives, and data privacy, federated learning on edge devices has been employed for privacy-preserving data sharing. The proposed system improves accuracy, energy efficiency, and system robustness while ensuring cost-effectiveness. Results demonstrate significant advance in real-time fall detection and prediction, reducing false positives, and optimizing energy usage. Aligning with global healthcare objectives, this study provides a scalable and sustainable solution to enhance well-being and reduce healthcare disparities. This system empowers healthcare providers with proactive tools for fall prevention and improves the quality of life of older adults. This research adds value to AI in healthcare by addressing existing limitations and advancing practical privacy-preserving solutions. The broader implications include global scalability and integration of AI-driven fall detection systems into sustainable healthcare practices.",,979-8-3315-2142-4,,https://ieeexplore.ieee.org/stamp/stamp.jsp?arnumber=11089525,"['Measurement units', 'Medical services', 'Inertial navigation', 'Internet of Things', 'Convolutional neural networks', 'Fall detection', 'Older adults', 'Wearable devices', 'Injuries', 'Wearable sensors']",,,,20.0,IEEE,31 Jul 2025,25-27 June 2025,25-27 June 2025,IEEE,IEEE Conferences,
,,2024,,,,,,,10.1109/dsins64146.2024.10992051,,,,,,"['millimeter wave radar', 'fall detection', 'smart space', 'deep learning', 'Spaceborne radar', 'Prevention and mitigation', 'Radar detection', 'Medical services', 'Millimeter wave radar', 'User experience', 'Millimeter wave communication', 'Fall detection', 'Older adults', 'Smart spaces']",S. Li; H. Luo; T. Shao; T. Kishi,,,,,,,IEEE,An Enhanced Human Fall Detection System Using mmWave Sensors for Indoor Smart Space,"Graduate School of Creative Science and Engineering, Waseda University, Tokyo, Japan; Graduate School of Creative Science and Engineering, Waseda University, Tokyo, Japan; Graduate School of Creative Science and Engineering, Waseda University, Tokyo, Japan; Graduate School of Creative Science and Engineering, Waseda University, Tokyo, Japan",2024 4th International Conference on Digital Society and Intelligent Systems (DSInS),20 May 2025,,,181,185,"This paper introduces an enhanced mmWave human fall detection (EMFD) system that uses sequential millimeter-wave(mmWave) radar frames to improve the performance of fall detection. The approach is designed to enhance smart healthcare for elders and patients who may be at risk of falling in areas where cameras are not suitable. By integrating privacy-friendly mmWave technology with enhanced variational recurrent auto-encoders (EVRAE), the system enables the smart space to detect falls even in privacy-sensitive space such as bathrooms and fitting rooms. Recent mmWave fall detection usually employ the body benchmark drops in vertical direction causing the spike in anomaly level. However, simply relying on the threshold of body centroid height dropping may lead to misdetection of falls in complex scenes that include various normal activities of daily living (ADL), such as sitting, squatting, and stooping, which can vary in different countries. The proposed system chooses a head point above the body centroid as the benchmark, instead of only using the body centroid as in other mmWave fall detection systems. Utilizing a dataset from both experimental and commercial environments, this system is trained on ADL. Utilizing a dataset from both experimental and commercial environments, this system is trained on normal human ADL. The system detects abnormal patterns, such as falls, identified as spikes by the EVRAE during the inference stage. The results demonstrate that the proposed system may effectively handles complex sensory data in smart environments and provides a privacy-preserving approach to enhancing user experience and healthcare management, particularly in the context of elderly fall prevention.",,979-8-3315-2882-9,,https://ieeexplore.ieee.org/stamp/stamp.jsp?arnumber=10992051,"['Spaceborne radar', 'Prevention and mitigation', 'Radar detection', 'Medical services', 'Millimeter wave radar', 'User experience', 'Millimeter wave communication', 'Fall detection', 'Older adults', 'Smart spaces']",,,,18.0,IEEE,20 May 2025,20-22 Nov. 2024,20-22 Nov. 2024,IEEE,IEEE Conferences,
,,2023,,,,,,,10.1109/jsen.2023.3300994,,,,,,"['Deep learning', 'fall detection', 'frequency-modulated continuous wave (FMCW) radar', 'long short-term memory (LSTM)', 'range-Doppler', 'Fall detection', 'Radar', 'Sensors', 'Radar detection', 'Radar imaging', 'Doppler effect', 'Hidden Markov models']",W. -L. Hsu; J. -X. Liu; C. -C. Yang; J. -S. Leu,,,,,,,IEEE,A Fall Detection System Based on FMCW Radar Range-Doppler Image and Bi-LSTM Deep Learning,"Department of Electronic and Computer Engineering, National Taiwan University of Science and Technology, Taipei, Taiwan; Department of Electronic and Computer Engineering, National Taiwan University of Science and Technology, Taipei, Taiwan; Department of Electronic and Computer Engineering, National Taiwan University of Science and Technology, Taipei, Taiwan; Department of Electronic and Computer Engineering, National Taiwan University of Science and Technology, Taipei, Taiwan",IEEE Sensors Journal,14 Sep 2023,23,18.0,22031,22039,"Fall detection has become a popular research topic in recent years due to the fact that falls can cause serious injuries. Most existing fall detection systems rely on wearable devices or image recognition technology. However, these approaches possess limitations. For instance, most people take off wearable devices during showers, while cameras with image recognition raise privacy concerns. To overcome these challenges, this study proposes a novel approach using 60-GHz radar to develop a fall detection system. We collected raw data from the frequency-modulated continuous wave (FMCW) radar in three bathrooms and two other indoor areas. Then, we derived features by generating range-Doppler images and proposed a novel preprocessing method, which can generate a range-Doppler histogram with a longer time interval. In addition, we proposed two deep learning models, a trigger model and a fall detection model, for the fall detection system. The trigger model employs convolutional neural networks (CNNs) to identify range-Doppler images with significant speed and distance variations and is optimized to run on devices with limited central processing unit (CPU) resources. The fall detection model, utilizing a bidirectional long short-term memory-based deep learning model, aims to reduce the possibility of false alarms and make the final decision. Over 700 records were collected during the experiment, and the fall detection system achieved an accuracy rate of nearly 96%, with recall and precision rates exceeding 90%.",1558-1748,,"Ministry of Science and Technology, Taiwan(grant numbers:NSTC-111-2221-E-011-070); ",https://ieeexplore.ieee.org/stamp/stamp.jsp?arnumber=10209420,"['Fall detection', 'Radar', 'Sensors', 'Radar detection', 'Radar imaging', 'Doppler effect', 'Hidden Markov models']",,17.0,,32.0,IEEE,4 Aug 2023,"15 Sept.15, 2023",,IEEE,IEEE Journals,
,,2025,,,,,,,10.1109/access.2025.3531324,,,,,,"['Assisted living', 'audio analysis', 'fall detection', 'machine learning', 'multimodal dataset', 'Visualization', 'Fall detection', 'Cameras', 'Gyroscopes', 'Accelerometers', 'Older adults', 'Feature extraction', 'Long short term memory', 'Support vector machines', 'Smart homes']",J. Dibble; M. C. F. Bazzocchi,,,,,,,IEEE,Bi-Modal Multiperspective Percussive (BiMP) Dataset for Visual and Audio Human Fall Detection,"Department of Mechanical and Aerospace Engineering, Astronautics and Robotics Laboratory (ASTRO Lab), Clarkson University, Potsdam, NY, USA; Department of Mechanical and Aerospace Engineering, Astronautics and Robotics Laboratory (ASTRO Lab), Clarkson University, Potsdam, NY, USA",IEEE Access,13 Feb 2025,13,,26782,26797,"Falls are the leading cause of injuries and fatalities among older individuals propagating concerns for health and safety. Mitigating these concerns requires timely intervention and response to minimize health complications. Autonomous fall detection systems are often offered as a means to alleviate these concerns. Typical fall detection systems classify a fall event using either inertial- or vision-based data. Aside from these two modes of input for fall detection, sparse human fall audio data is available. Audio datasets associated with the dynamic impact of human falls from the perspective of a spatial environment are both unavailable publicly and focused on niche applications. This dataset provides multimodal composition of visual and audio data to aid in fall detection technique development. Though this dataset emphasizes audio novelty, a synchronized visual component is included offering a multifaceted collection of data. Audio input for fall detection systems presents an opportunity for new approaches towards autonomous fall detection. This dataset comprises human movement representing activities of daily living and falls of 25 participants in various residential settings, yielding 1,300 instances of unique visual and audio samples. Promising utility of the bi-modal multiperspective percussive (BiMP) dataset is demonstrated through experimental data evaluations using techniques including: GoogLeNet, Long Short Term Memory, Continuous Wavelet Transforms, and Short-time Fourier Transforms for human fall detection achieving accuracies up to 96%. The concept of audio-based fall detection has the potential to mitigate concerns regarding privacy and invasiveness, in addition to broadening the scope of fall detection mechanisms.",2169-3536,,La Fondation Dassault Systèmes; ,https://ieeexplore.ieee.org/stamp/stamp.jsp?arnumber=10844315,"['Visualization', 'Fall detection', 'Cameras', 'Gyroscopes', 'Accelerometers', 'Older adults', 'Feature extraction', 'Long short term memory', 'Support vector machines', 'Smart homes']",,3.0,,45.0,CCBY,17 Jan 2025,2025,,IEEE,IEEE Journals,
,,2024,,,,,,,10.1109/piers62282.2024.10618192,,,,,,"['Support vector machines', 'Accuracy', 'Time series analysis', 'Lighting', 'Hardware', 'Fall detection', 'Wearable devices']",Z. Xu; C. Liang; J. Wang; L. Ruan; J. Li; Y. Dong; W. Ding; J. Song,,,,,,,IEEE,LiFall: Passive Indoor Fall Detection System Based on Illumination and Visible Light Communication Networks,"Shenzhen International Graduate School, Tsinghua University, Shenzhen, China; Shenzhen International Graduate School, Tsinghua University, Shenzhen, China; Shenzhen International Graduate School, Tsinghua University, Shenzhen, China; Shenzhen International Graduate School, Tsinghua University, Shenzhen, China; Shenzhen International Graduate School, Tsinghua University, Shenzhen, China; Shenzhen International Graduate School, Tsinghua University, Shenzhen, China; Shenzhen International Graduate School, Tsinghua University, Shenzhen, China; Shenzhen International Graduate School, Tsinghua University, Shenzhen, China",2024 Photonics & Electromagnetics Research Symposium (PIERS),9 Aug 2024,,,1,8,"Effective fall detection is a critical component of indoor health monitoring for individuals. The most widely used wearable devices are not convenient, especially for the elderly. Another approach of passive solutions usually use RGB camera, millimeter-wave radar, or WiFi. However, they bring about issues of privacy infringement and/or electromagnetic interference. Among them, visible light-based systems can avoid these issues, however, they require customized light sources and highly sensitive receivers, making it expensive for deployment. Motivated by these previous works, we aim to design a passive, low-invasiveness, and low-cost fall detection system. In this work, we propose LiFall, a passive fall detection system based on illumination and visible light communication (VLC) networks, which eliminates the need for hardware modifications to current devices. LiFall detects human falls by analyzing the intensity variation of the received optical signals captured by the low-cost photodetectors. Subsequently, we propose an innovative signal segmentation algorithm tailored for accurately segmenting human activities in the time series. Compared to existing double-window segmentation schemes, our method enhances the signal integrity by 20%. In order to identify falls, we analyze the temporal statistical features and waveform characteristics derived from human activity signals and adopt the lightweight classifiers of support vector machines (SVM) and random forests (RF) for fall detection. We deploy LiFall system in various typical indoor scenarios and collect human fall and other daily activity data for system performance evaluation. Experimental results demonstrate that LiFall is able to achieve a fall detection accuracy exceeding 90% in different typical indoor settings without compromising illumination and communication.",2831-5804,979-8-3503-7590-9,National Natural Science Foundation of China; ,https://ieeexplore.ieee.org/stamp/stamp.jsp?arnumber=10618192,"['Support vector machines', 'Accuracy', 'Time series analysis', 'Lighting', 'Hardware', 'Fall detection', 'Wearable devices']",,5.0,,15.0,IEEE,9 Aug 2024,21-25 April 2024,21-25 April 2024,IEEE,IEEE Conferences,
,,2023,,,,,,,10.23919/mva57639.2023.10215993,,,,,,"['Training', 'Performance evaluation', 'Image edge detection', 'Real-time systems', 'Servers', 'Fall detection', 'Older adults']",T. Nakabayashi; H. Saito,,,,,,,IEEE,Unsupervised Fall Detection on Edge Devices,"Keio University, Yokohama, Japan; Keio University, Yokohama, Japan",2023 18th International Conference on Machine Vision and Applications (MVA),22 Aug 2023,,,1,5,"Automatic fall detection is a crucial task in healthcare as falls pose a significant risk to the health of elderly individuals. This paper presents a lightweight acceleration-based fall detection method that can be implemented on edge devices. The proposed method uses Autoencoders, a type of unsupervised learning, within the framework of anomaly detection, allowing for network training without requiring extensive labeled fall data. One of the challenges in fall detection is the difficulty in collecting fall data. However, our proposed method can overcome this limitation by training the neural network without fall data, using the anomaly detection framework of Autoencoders. Additionally, this method employs an extremely lightweight Autoencoder that can run independently on an edge device, eliminating the need to transmit data to a server and minimizing privacy concerns. We conducted experiments comparing the performance of our proposed method with that of a baseline method using a unique fall detection dataset. Our results confirm that our method outperforms the baseline method in detecting falls with higher accuracy.",,978-4-88552-343-4,,https://ieeexplore.ieee.org/stamp/stamp.jsp?arnumber=10215993,"['Training', 'Performance evaluation', 'Image edge detection', 'Real-time systems', 'Servers', 'Fall detection', 'Older adults']",,2.0,,16.0,,22 Aug 2023,23-25 July 2023,23-25 July 2023,IEEE,IEEE Conferences,
,,2025,,,,,,,10.1109/icca65395.2025.11011186,,,,,,"['Fall detection', 'Deep learning', 'VGG16', 'LSTM', 'Deep learning', 'Accuracy', 'Smart homes', 'Robustness', 'Real-time systems', 'Safety', 'Fall detection', 'Wearable devices', 'Long short term memory', 'Testing']",A. M. M. Win; A. N. Htwe,,,,,,,IEEE,Abnormal Fall Detection by Hybrid Deep Learning Model,"University of Computer Studies Yangon, Yangon, Myanmar; University of Computer Studies Yangon, Yangon, Myanmar",2025 IEEE Conference on Computer Applications (ICCA),27 May 2025,,,1,5,"Fall detection is crucial for various applications such as elderly care, healthcare, smart homes, workplace safety, and wearables and edge devices. Deep learning, a subset of machine learning, uses neural networks to analyze data and recognize patterns, making it a powerful tool for fall detection. Deep learning-based fall detection systems have been the subject of much research, however issues with accuracy and robustness, real-time processing, privacy and ethical issues, multimodal integration, and dataset limits still exist. This paper aims to address these challenges and focuses on abnormal fall detection systems. The system utilizes a hybrid deep learning approach combining VGG16 and LSTM networks to improve the detection of fall behaviors. The results indicate that integrating the VGG16 with LSTM improves the fall detection performance and achieves a testing accuracy of 95%.",,979-8-3315-3459-2,,https://ieeexplore.ieee.org/stamp/stamp.jsp?arnumber=11011186,"['Deep learning', 'Accuracy', 'Smart homes', 'Robustness', 'Real-time systems', 'Safety', 'Fall detection', 'Wearable devices', 'Long short term memory', 'Testing']",,,,10.0,IEEE,27 May 2025,18-18 March 2025,18-18 March 2025,IEEE,IEEE Conferences,
,,2024,,,,,,,10.1109/tcsvt.2023.3303258,,,,,,"['Fall detection', 'GAN', 'human pose', 'pose image prediction', 'unsupervised learning', 'Fall detection', 'Feature extraction', 'Pose estimation', 'Cameras', 'Generative adversarial networks', 'Privacy', 'Deep learning', 'Unsupervised learning']",L. Wu; C. Huang; L. Fei; S. Zhao; J. Zhao; Z. Cui; Y. Xu,,,,,,,IEEE,Video-Based Fall Detection Using Human Pose and Constrained Generative Adversarial Network,"College of Computer Science and Technology, Guizhou University, Guiyang, China; School of Cyber Science and Technology, Sun Yat-sen University, Shenzhen Campus, Shenzhen, China; Faculty of Computer Science, Guangdong University of Technology, Guangzhou, China; Faculty of Computer Science, Guangdong University of Technology, Guangzhou, China; College of Computer Science and Technology, Guizhou University, Guiyang, China; School of Mathematics and Big Data, Guizhou Education University, Guiyang, China; Shenzhen Key Laboratory of Visual Object Detection and Recognition, Harbin Institute of Technology, Shenzhen, China",IEEE Transactions on Circuits and Systems for Video Technology,4 Apr 2024,34,4.0,2179,2194,"Falls are a major health threat for older people. A timely assistance can reduce the extent of physical injury caused by the falls. Currently, low-cost and convenient video surveillance systems based on ordinary RGB cameras are widely used for improving the safety of people. The fall detection is a research hotspot in intelligent video surveillance. In this work, we propose an unsupervised fall detection method. The proposed method first converts the RGB video frames into human pose images to eliminate the background interferences and focus on human motion and protect privacy. Afterwards, the future pose images are predicted by using the continuous historical human pose images based on a constrained generative adversarial network (GAN). Finally, the prediction errors of the human pose images and the anomaly scores of actual poses calculated by using the traditional hand-crafted features are used to realize the fall detection. As compared to the existing vision-based fall detection methods, the proposed method possesses strong generalization ability, and is robust to environmental interferences and small local occlusions, and effectively protects the privacy, and avoids time-consuming data annotations. In addition, in this work, a new large-scale and comprehensive fall dataset is created and is available for download. We perform extensive experiments on the public benchmark datasets and the proposed dataset. The results demonstrate the validity and superiority of the proposed method.",1558-2205,,"Guizhou Provincial Science and Technology Department(grant numbers:QianKeHeJiChu-ZK[2021]YiBan 334); Fundamental Research Funds for the Central Universities of Sun Yat-sen University(grant numbers:23qnpy54); Natural Science Research Project of Guizhou Provincial Department of Education(grant numbers:QianJiaoJi[2022]029,QianJiaoHeKY[2021]022); ",https://ieeexplore.ieee.org/stamp/stamp.jsp?arnumber=10210608,"['Fall detection', 'Feature extraction', 'Pose estimation', 'Cameras', 'Generative adversarial networks', 'Privacy', 'Deep learning', 'Unsupervised learning']",,32.0,,85.0,IEEE,7 Aug 2023,April 2024,,IEEE,IEEE Journals,
,,2022,,,,,,,10.1109/access.2022.3211939,,,,,,"['Fall detection', 'multi-modal', 'autoencoder', 'anomaly detection', 'deep learning', 'computer vision', 'Cameras', 'Fall detection', 'Lighting', 'Visualization', 'Privacy', 'Older adults', 'Anomaly detection', 'Computer vision', 'Multimodal sensors']",S. Denkovski; S. S. Khan; B. Malamis; S. Y. Moon; B. Ye; A. Mihailidis,,,,,,,IEEE,Multi Visual Modality Fall Detection Dataset,"KITE Research Institute, Toronto Rehabilitation Institute, University Health Network, Toronto, ON, Canada; KITE Research Institute, Toronto Rehabilitation Institute, University Health Network, Toronto, ON, Canada; Institute of Biomedical Engineering, University of Toronto, Toronto, ON, Canada; KITE Research Institute, Toronto Rehabilitation Institute, University Health Network, Toronto, ON, Canada; KITE Research Institute, Toronto Rehabilitation Institute, University Health Network, Toronto, ON, Canada; KITE Research Institute, Toronto Rehabilitation Institute, University Health Network, Toronto, ON, Canada",IEEE Access,12 Oct 2022,10,,106422,106435,"Falls are one of the leading causes of injury-related deaths among the elderly worldwide. Effective detection of falls can reduce the risk of complications and injuries. Fall detection can be performed using wearable devices or ambient sensors; these methods may struggle with user compliance issues or false alarms. Video cameras provide a passive alternative; however, regular red, green, and blue (RGB) cameras are impacted by changing lighting conditions and privacy concerns. From a machine learning perspective, developing an effective fall detection system is challenging because of the rarity and variability of falls. Many existing fall detection datasets lack important real-world considerations, such as varied lighting, continuous activities of daily living (ADLs), and camera placement. The lack of these considerations makes it difficult to develop predictive models that can operate effectively in the real world. To address these limitations, we introduce a novel multi-modality dataset (MUVIM) that contains four visual modalities: infra-red, depth, RGB and thermal cameras. These modalities offer benefits such as obfuscated facial features and improved performance in low-light conditions. We formulated fall detection as an anomaly detection problem, in which a customized spatio-temporal convolutional autoencoder was trained only on ADLs so that a fall would increase the reconstruction error. Our results showed that infra-red cameras provided the highest level of performance (AUC ROC = 0.94), followed by thermal (AUC ROC = 0.87), depth (AUC ROC = 0.86) and RGB (AUC ROC = 0.83). This research provides a unique opportunity to analyze the utility of camera modalities in detecting falls in a home setting while balancing performance, passiveness, and privacy.",2169-3536,,"Aging Gracefully Across Environments Using Technology to Support Wellness, Engagement and Long Life Networks of Centres of Excellence (AGE-WELL NCE) through Research Fund(grant numbers:499052); ",https://ieeexplore.ieee.org/stamp/stamp.jsp?arnumber=9910156,"['Cameras', 'Fall detection', 'Lighting', 'Visualization', 'Privacy', 'Older adults', 'Anomaly detection', 'Computer vision', 'Multimodal sensors']",,18.0,,39.0,CCBY,4 Oct 2022,2022,,IEEE,IEEE Journals,
,,2022,,,,,,,10.1109/indicon56171.2022.10039894,,,,,,"['Fall Detection', 'Privacy-Preserving', 'Action Classification', 'Real-Time', 'DVS', 'Performance evaluation', 'Image edge detection', 'Surveillance', 'Neural networks', 'Vision sensors', 'Real-time systems', 'Fall detection']",S. S. Prasad; N. K. Mehta; A. Banerjee; H. Kumar; S. Saurav; S. Singh,,,,,,,IEEE,Real-Time Privacy-Preserving Fall Detection using Dynamic Vision Sensors,"Intelligent Systems Group, AcSIR — CSIR-CEERI, Pilani, India; Intelligent Systems Group, AcSIR — CSIR-CEERI, Pilani, India; Intelligent Systems Group, AcSIR — CSIR-CEERI, Pilani, India; Intelligent Systems Group, AcSIR — CSIR-CEERI, Pilani, India; Intelligent Systems Group, AcSIR — CSIR-CEERI, Pilani, India; Intelligent Systems Group, AcSIR — CSIR-CEERI, Pilani, India",2022 IEEE 19th India Council International Conference (INDICON),16 Feb 2023,,,1,6,"In this fast-paced world, the only people who have to stay at home for the longest time are the sick or the elderly. Indoor surveillance for monitoring the safety of these individuals in real-time could help in the detection and prevention of fatal accidents. Achieving this task while preserving privacy brings us to the new research trend of privacy-preserving human fall detection. In this paper, we attempt to solve the problem of privacy-preserving fall detection, a subtask of human action recognition, using the Dynamic Vision Sensor (DVS). We demonstrate the effectiveness of this approach by performing real-time fall detection with a 3D-Convolutional Neural Network (3D-CNN). Our proposed methods achieved average sensitivity and specificity of 99.34% and 100% respectively. Due to the small memory footprint, number parameters, and operation count of the model, we could achieve real-time performance on an edge device.",2325-9418,978-1-6654-7350-7,,https://ieeexplore.ieee.org/stamp/stamp.jsp?arnumber=10039894,"['Performance evaluation', 'Image edge detection', 'Surveillance', 'Neural networks', 'Vision sensors', 'Real-time systems', 'Fall detection']",,3.0,,22.0,IEEE,16 Feb 2023,24-26 Nov. 2022,24-26 Nov. 2022,IEEE,IEEE Conferences,
,,2023,,,,,,,10.1109/ghtc56179.2023.10354771,,,,,,"['Fall detection', 'floor vibration', 'Privacy-preserving devices', 'Non-wearable technology', 'Geophone', 'Thermal Imaging camera', 'Privacy', 'Microcontrollers', 'Wearable computers', 'Thermal sensors', 'Sensor fusion', 'Cameras', 'Safety']",W. Chen; L. Zhao; W. -C. Liao; S. Saxena; Z. Assadian; A. Geiger; J. Raiti,,,,,,,IEEE,Fall Detection and Notification System for the Elderly using a fusion of Geophone and Thermal Imaging Camera sensors,"Global Innovation Exchange, University of Washington, Seattle, USA; Global Innovation Exchange, University of Washington, Seattle, USA; Global Innovation Exchange, University of Washington, Seattle, USA; Global Innovation Exchange, University of Washington, Seattle, USA; Global Innovation Exchange, University of Washington, Seattle, USA; Global Innovation Exchange, University of Washington, Seattle, USA; Global Innovation Exchange, University of Washington, Seattle, USA",2023 IEEE Global Humanitarian Technology Conference (GHTC),20 Dec 2023,,,246,249,"Falls among elderly individuals living alone pose significant risks to their well-being. However, conventional fall detection devices often compromise privacy or are easily forgotten or rejected by the users. To address this issue, we present a combined fall detection device utilizing a Geophone as the primary sensor and a Thermal Imaging camera as the secondary sensor. The device aims to provide timely alerts to caregivers while respecting the privacy concerns of the elderly. Our approach utilizes the ESP32 microcontroller, Raspberry Pi, and incorporates a Thermal Sensor (MLX90640) and Geophone (SM-24 10Hz). This paper describes the design, implementation, and evaluation of our non-wearable fall detection device, highlighting its potential to enhance the safety and privacy of elderly individuals living alone. Our novelty is implementing a non-wearable device with sensor fusion. Wearable devices can cause discomfort and inconvenience for elderly individuals. Moreover, there are instances where elderly individuals may wake up during the night and forget to put on the wearable device, leaving them vulnerable to fall incidents without proper monitoring or assistance.",2473-5728,979-8-3503-2132-6,,https://ieeexplore.ieee.org/stamp/stamp.jsp?arnumber=10354771,"['Privacy', 'Microcontrollers', 'Wearable computers', 'Thermal sensors', 'Sensor fusion', 'Cameras', 'Safety']",,1.0,,9.0,IEEE,20 Dec 2023,12-15 Oct. 2023,12-15 Oct. 2023,IEEE,IEEE Conferences,
,,2024,,,,,,,10.1109/wimob61911.2024.10770296,,,,,,"['Fall Detection', 'Split Learning', 'Federated Learning', 'Machine Learning', 'Training', 'Wireless communication', 'Data privacy', 'Wireless sensor networks', 'Metaverse', 'Federated learning', 'Computer architecture', 'Data models', 'Fall detection', 'Convergence']",M. Wazzeh; A. Hammoud; M. Guizani; A. Mourad; H. Otrok; C. Talhi; Z. Dziong; C. -D. Wang,,,,,,,IEEE,Resource-Aware Split Federated Learning for Fall Detection in the Metaverse,"Department of Software and IT Engineering, Ecole de Technologie Supérieure, Montreal, Canada; Department of CSM, Artificial Intelligence and Cyber Systems Research Center, Lebanese American University, Beirut, Lebanon; Department of ML, Mohamed Bin Zayed University of Artificial Intelligence, Abu Dhabi, UAE; Department of Computer Science, KU 6G Research Center, Khalifa University, Abu Dhabi, UAE; Department of Computer Science, Center of Cyber-Physical Systems (C2PS), Khalifa University, Abu Dhabi, UAE; Department of Software and IT Engineering, Ecole de Technologie Supérieure, Montreal, Canada; Department of Electrical Engineering, Ecole de Technologie Supérieure, Montreal, Canada; School of Computer Science and Engineering, Sun Yat-sen University, Guangzhou, China","2024 20th International Conference on Wireless and Mobile Computing, Networking and Communications (WiMob)",4 Dec 2024,,,626,631,"As the Metaverse develops, it is becoming more crucial to prioritize the safety of users, especially regarding the potential risks, such as users experiencing dizziness or making incorrect movements that may lead to falls. With more virtual environments becoming increasingly available and immersive, detecting and preventing falls within the Metaverse is required. Given the constrained resources of wearable sensors, precise fall prediction models are critical to efficiently analyzing data gathered by these devices. Traditional fall detection systems require centralizing data collection, which raises privacy concerns over the collected data. Resource-aware Split Federated Learning (RSFL) enables collaboration among multiple devices within the Metaverse to train a fall detection model, all while preserving individual data privacy. The approach also leverages parallelism in Federated Learning (FL) and Split Learning (SL) by decomposing training tasks between clients and servers. Moreover, we devise an efficient client selection mechanism to ensure timely training and model convergence performance. We implemented our architecture and assessed its performance using a sensory dataset. The evaluation results with the baseline demonstrate our architecture's superiority in terms of convergence time. Our approach mitigates data heterogeneity and privacy concerns, creating secure and efficient fall detection systems for the Metaverse.",2160-4894,979-8-3503-8744-5,,https://ieeexplore.ieee.org/stamp/stamp.jsp?arnumber=10770296,"['Training', 'Wireless communication', 'Data privacy', 'Wireless sensor networks', 'Metaverse', 'Federated learning', 'Computer architecture', 'Data models', 'Fall detection', 'Convergence']",,,,24.0,IEEE,4 Dec 2024,21-23 Oct. 2024,21-23 Oct. 2024,IEEE,IEEE Conferences,
,,2023,,,,,,,10.1109/jiot.2022.3229462,,,,,,"['Convolutional neural network (CNN)', 'deep learning (DL)', 'fall detection', 'metric learning', 'radar signal processing', 'Radar', 'Fall detection', 'Convolution', 'Spectrogram', 'Internet of Things', 'Complexity theory', 'Radar detection']",Z. Ou; W. Ye,,,,,,,IEEE,Lightweight Deep Learning Model for Radar-Based Fall Detection With Metric Learning,"College of Electronics and Information Engineering, Shenzhen University, Shenzhen, China; College of Electronics and Information Engineering, Shenzhen University, Shenzhen, China",IEEE Internet of Things Journal,21 Apr 2023,10,9.0,8111,8122,"The radar-based fall detection system has grown in popularity because of its stability and privacy protection. Deep neural networks have been used in previous radar-based fall detection systems to improve detection accuracy. However, most of them need a lot of memory and have high computational complexity, making them impractical for Internet of Things (IoT) devices. In this article, we propose an extremely lightweight network named Tiny-RadarNet for extracting characteristics from raw data. Unlike traditional neural networks, we use a unique parallel 1-D depthwise convolutions structure as the core module to eliminate the need for standard convolutions, and achieve significant parameter reduction. Furthermore, instead of regarding fall detection as a classification problem, we use our metric learning technique to treat it as a matching problem for better distinction of embeddings. Finally, we introduce a novel dual loss function to improve the proposed network’s robustness against unobserved human motions without the need for additional anchors or expensive computation. The experimental results reveal that the proposed method can achieve comparable fall detection accuracy compared with state-of-art methods but with much fewer weight parameters and lower computational complexity. These findings suggest that a low-power and low-latency fall detection solution for IoT applications is achievable.",2327-4662,,Kongque Technology Innovation Foundation of Shenzhen(grant numbers:KQJSCX20180328093500762); ,https://ieeexplore.ieee.org/stamp/stamp.jsp?arnumber=9987467,"['Radar', 'Fall detection', 'Convolution', 'Spectrogram', 'Internet of Things', 'Complexity theory', 'Radar detection']",,18.0,,43.0,IEEE,15 Dec 2022,"1 May1, 2023",,IEEE,IEEE Journals,
,,2024,,,,,,,10.1109/jsen.2024.3443532,,,,,,"['Data augmentation', 'deep learning', 'fall detection', 'frequency-modulated continuous-wave radar', 'noncontact', 'Radar', 'Millimeter wave radar', 'Fall detection', 'Feature extraction', 'Millimeter wave technology', 'Sensors', 'Radar detection']",Y. Yao; H. Zhang; Z. Bai; P. Xia; C. Liu; F. Geng; L. Du; X. Chen; Z. Li; P. Wang; H. Zhu; Y. Liu; Z. Fang,,,,,,,IEEE,Unobtrusive High-Generalization Fall Detection: A Domain-Generalization Framework,"Aerospace Information Research Institute, Chinese Academy of Sciences (AIRCAS), Beijing, China; Aerospace Information Research Institute, Chinese Academy of Sciences (AIRCAS), Beijing, China; School of Electronic Information and Electrical Engineering, Shanghai Jiao Tong University, Shanghai, China; Aerospace Information Research Institute, Chinese Academy of Sciences (AIRCAS), Beijing, China; Aerospace Information Research Institute, Chinese Academy of Sciences (AIRCAS), Beijing, China; Aerospace Information Research Institute, Chinese Academy of Sciences (AIRCAS), Beijing, China; Aerospace Information Research Institute, Chinese Academy of Sciences (AIRCAS), Beijing, China; Aerospace Information Research Institute, Chinese Academy of Sciences (AIRCAS), Beijing, China; Aerospace Information Research Institute, Chinese Academy of Sciences (AIRCAS), Beijing, China; Aerospace Information Research Institute, Chinese Academy of Sciences (AIRCAS), Beijing, China; Emergency Department, State Key Laboratory of Complex Severe and Rare Diseases, Peking Union Medical College Hospital, Chinese Academy of Medical Science and Peking Union Medical College, Beijing, China; Emergency Department, State Key Laboratory of Complex Severe and Rare Diseases, Peking Union Medical College Hospital, Chinese Academy of Medical Science and Peking Union Medical College, Beijing, China; Aerospace Information Research Institute, Chinese Academy of Sciences (AIRCAS), Beijing, China",IEEE Sensors Journal,2 Oct 2024,24,19.0,31512,31523,"It is essential to find and treat the elderly in time after they fall. A millimeter-wave radar sensor not only solves the problem of invasion of privacy caused by the camera but also avoids letting patients wear wearable devices, which has received more and more attention in the field of fall detection and motion recognition. Due to the different modulations of radar signals by different users and environments, the performance of the fall detection model is inevitably reduced. In this article, we propose a highly generalized radar-based fall detection framework to improve the generalization of the fall detection system in the new domain. We use a feature extractor with a ResNet structure constructed from 3-D convolution to extract features of the signal and a multilayer perceptron as a classifier for fall detection. We measure the cross-domain cross entropy of the features by setting subclassifiers for each domain to measure the cross-domain invariance of the features, enabling the feature extractor to extract domain-invariant features. We propose a specific data augmentation technology for radar time-series signals, which is combined with the proposed model to achieve more generalized fall detection. We have conducted sufficient experiments to explore the relationship between the number of users and domains and the model’s generalization. The proposed method achieves an  ${F}1$  score of 0.9747 on the proposed dataset containing ten scenarios, 21 subjects, 52 nonfalling actions and 12 falling actions, and an  ${F}1$  score of 0.9949 on the public dataset, which shows superior effectiveness.",1558-1748,,"National Key Research and Development Project(grant numbers:2020YFC2003703,2020YFC1512304,2018YFC2001802); CAMS Innovation Fund for Medical Sciences(grant numbers:2019-I2M-5-019); National Natural Science Foundation of China(grant numbers:62071451); National High Level Hospital Clinical Research Funding(grant numbers:2022-PUMCH-B-110); ",https://ieeexplore.ieee.org/stamp/stamp.jsp?arnumber=10643842,"['Radar', 'Millimeter wave radar', 'Fall detection', 'Feature extraction', 'Millimeter wave technology', 'Sensors', 'Radar detection']",,3.0,,55.0,IEEE,22 Aug 2024,"1 Oct.1, 2024",,IEEE,IEEE Journals,
,,2025,,,,,,,10.1109/icmlas64557.2025.10968589,,,,,,"['Fall detection', 'CNN', 'RNN', 'LSTM', 'GRU', 'Deep learning', 'Recurrent neural networks', 'Reviews', 'Computational modeling', 'Convolutional neural networks', 'Fall detection', 'Older adults', 'Wearable sensors', 'Long short term memory', 'Injuries']",S. V. Suryanarayana; L. H.N; P. T. Chiranjeevi Swamy; D. B. Mahesh,,,,,,,IEEE,A Comprehensive Review on Deep Learning Based Fall Detection in Elderly People,"Department of Computer Science and Engineering (Data Science), CVR College of Engineering, Hyderabad, India; Department of Computer Science and Engineering (AI&ML), CVR College of Engineering, Hyderabad, India; Department of Artificial Intelligence and Machine Learning, Swarnandhra College of Engineering and Technology, Narsapuram, Andhra Pradesh, India; Department of Computer Science and Engineering, KMIT, Hyderabad, India",2025 International Conference on Machine Learning and Autonomous Systems (ICMLAS),25 Apr 2025,,,396,402,"Elderly people are more vulnerable to falls, which can result in serious injuries, a lower quality of life, and higher medical expenses. Traditional fall detection methods, such as wearable sensors or vision-based systems, face limitations in accuracy, comfort, and practicality. Recent advancements in deep learning have significantly improved fall detection capabilities by leveraging powerful computational models for data analysis and feature extraction. With an emphasis on important methodologies, architectures, and datasets utilized in the area, this paper offers a thorough literature analysis of deep learning-based fall detection strategies. It investigates several deep learning techniques applied to sensor-based and video-based fall detection systems, such as convolutional neural networks (CNNs), recurrent neural networks (RNNs), and hybrid models. The review also emphasizes the difficulties encountered in practical application, including data privacy and computing cost, and the need for robust datasets. Finally, future research directions are proposed to address current limitations and improve fall detection systems' dependability and effectiveness for elderly care.",,979-8-3315-0574-5,,https://ieeexplore.ieee.org/stamp/stamp.jsp?arnumber=10968589,"['Deep learning', 'Recurrent neural networks', 'Reviews', 'Computational modeling', 'Convolutional neural networks', 'Fall detection', 'Older adults', 'Wearable sensors', 'Long short term memory', 'Injuries']",,1.0,,43.0,IEEE,25 Apr 2025,10-12 March 2025,10-12 March 2025,IEEE,IEEE Conferences,
,,2024,,,,,,,10.1109/accai61061.2024.10601838,,,,,,"['Elderly falls', 'prevalence', 'consequences', 'Technology', 'sensors', 'algorithms', 'Privacy', 'Protocols', 'Telemedicine', 'Sociology', 'Safety', 'Older adults', 'Fall detection']",B. Kumar; S. Anand; R. D. Sah,,,,,,,IEEE,Age Guardian: Sentinel for Elderly Safety through IoT powered Fall Detection and Wellness Assurance,"Amity Inst. of Information Technology, Amity University, Jharkhand, Ranchi, India; Amity Inst. of Information Technology, Amity University, Jharkhand, Ranchi, India; Department of Information Technology, Dr. Shyama Prasad Mukherjee University, Ranchi","2024 International Conference on Advances in Computing, Communication and Applied Informatics (ACCAI)",25 Jul 2024,,,1,8,"Among the elderly, falls are a common and crippling problem that frequently results in serious injuries and a loss of independence. This in-depth research explores the world of fall detection technology created to handle this pressing issue. It delves into the technical foundations of these tools, illuminating the different sensors, algorithms, and communication protocols that allow them to precisely detect falls. Statistics on the frequency and effects of falls are used in the study to support the necessity of fall detection in the context of elder care.Important players, market size, growth patterns, and competitive environments are revealed by a detailed market analysis. We look closely to the requirements and concerns of the user, including comfort, privacy, and ease of use. Testimonials and case studies from the real world offer useful information on how well various gadgets work. The paper also addresses the issues of false alarms and accuracy, the affordability and cost aspects, and future directions in fall detection technology. To sum up, it provides insightful advice for senior citizens, their carers, medical professionals, and legislators with the goal of enhancing their quality of life and safety.The paper explores the fundamental technologies of these gadgets—sensors, algorithms, and communication networks—and emphasizes how well they detect falls and notify caretakers or medical personnel. The paper highlights the critical need for effective solutions by providing statistics on the frequency and consequences of falls among the elderly, recognizing the deep significance of fall detection.A thorough market study provides prospective investors and consumers with insights by exposing the major companies in the fall detection device business, along with their market share, growth trends, and competitive landscape.",,979-8-3503-8944-9,,https://ieeexplore.ieee.org/stamp/stamp.jsp?arnumber=10601838,"['Privacy', 'Protocols', 'Telemedicine', 'Sociology', 'Safety', 'Older adults', 'Fall detection']",,,,19.0,IEEE,25 Jul 2024,9-10 May 2024,9-10 May 2024,IEEE,IEEE Conferences,
,,2025,,,,,,,10.1109/icites66466.2025.11274304,,,,,,"['Fall detection', 'Differential privacy', 'LSTM', 'Pose estimation', 'Elderly care', 'Training', 'Privacy', 'Differential privacy', 'Visualization', 'Accuracy', 'Pose estimation', 'Older adults', 'Fall detection', 'Long short term memory', 'Standards']",M. A. Fauzi; B. Yang; Y. S. Hayati; B. D. Setiawan; I. N. Sari; E. S. Pramukantoro,,,,,,,IEEE,Privacy-Aware Fall Detection with LSTM and Differential Privacy,"Faculty of Computer Science, Universitas Brawijaya, Malang, Indonesia; Department of Information Security and Communication Technology, Norwegian University of Science and Technology (NTNU), Gjøvik, Norway; Faculty of Computer Science, Universitas Brawijaya, Malang, Indonesia; Faculty of Computer Science, Universitas Brawijaya, Malang, Indonesia; Faculty of Computer Science, Universitas Brawijaya, Malang, Indonesia; Faculty of Computer Science, Universitas Brawijaya, Malang, Indonesia",2025 5th International Conference on Intelligent Technology and Embedded Systems (ICITES),11 Dec 2025,,,160,167,"Falls are a significant health risk among elderly populations, necessitating effective detection systems. Vision-based methods, particularly pose estimation combined with Long Short-Term Memory (LSTM) networks, have shown promising accuracy but raise privacy concerns due to the use of sensitive visual data. This paper proposes a privacy-aware fall detection system that leverages pose-based skeletal data and integrates Differential Privacy (DP) into LSTM training, providing formal guarantees of data privacy. We evaluate our approach using a publicly available dataset, comparing standard LSTM models against those trained with DP at various privacy levels (privacy budgets, ε). Our results indicate that incorporating DP introduces a measurable performance trade-off: higher privacy protection (smaller ε) leads to reductions in accuracy, precision, recall, and F1-score, particularly affecting the detection of minority-class events (falls). Nevertheless, moderate privacy settings ($\varepsilon \approx 2$ to 5) still achieve acceptable performance (approximately $85-87 \%$ accuracy), balancing privacy and practical utility effectively. This work underscores the importance of carefully selecting privacy budgets to maintain model efficacy while ensuring rigorous data protection, offering a robust approach suitable for sensitive environments such as elderly care facilities.",,979-8-3503-5719-6,,https://ieeexplore.ieee.org/stamp/stamp.jsp?arnumber=11274304,"['Training', 'Privacy', 'Differential privacy', 'Visualization', 'Accuracy', 'Pose estimation', 'Older adults', 'Fall detection', 'Long short term memory', 'Standards']",,,,27.0,IEEE,11 Dec 2025,19-22 Sept. 2025,19-22 Sept. 2025,IEEE,IEEE Conferences,
,,2025,,,,,,,10.1109/isnib64820.2025.10982741,,,,,,"['Federated Learning', 'Privacy', 'Differential Privacy', 'IoT', 'Fall Detection', 'Human Activity Recognition', 'Smart Healthcare', 'Differential privacy', 'Adaptation models', 'Privacy', 'Federated learning', 'Scalability', 'Medical services', 'Time factors', 'Fall detection', 'Older adults', 'Monitoring']",T. Souadia; D. Tandjaoui; H. Benkaouha,,,,,,,IEEE,Securing Fall Detection with Federated Learning: A Privacy-Centric Approach for IoT Healthcare,"Faculty of computer science USTHB University, Algiers, ALGERIA; Research Center on Scientific and Technical Information CERIST, Algiers, ALGERIA; Faculty of computer science USTHB University, Algiers, ALGERIA",2025 International Symposium on iNnovative Informatics of Biskra (ISNIB),9 May 2025,,,01,06,"Efficient and automated fall detection is crucial in healthcare, especially for monitoring elderly individuals. Rapid and accurate systems can reduce response times, mitigating the risk of prolonged injuries or fatalities. However, ensuring the privacy of sensitive data remains a significant challenge. This paper presents a privacy-preserving fall detection framework that leverages federated learning and differential privacy to collaboratively train models while keeping sensitive data on-device. To assess its effectiveness, we evaluated the framework using four widely-used public datasets: MobiAct, UNIMIB, SisFAll, and FALLALLD. The results demonstrate its robust performance and adaptability across various scenarios. A comparative analysis with existing models highlights the framework's strong results, scalability, and suitability as a privacy-focused solution for real-world IoT healthcare applications.",,979-8-3315-0957-6,,https://ieeexplore.ieee.org/stamp/stamp.jsp?arnumber=10982741,"['Differential privacy', 'Adaptation models', 'Privacy', 'Federated learning', 'Scalability', 'Medical services', 'Time factors', 'Fall detection', 'Older adults', 'Monitoring']",,,,32.0,IEEE,9 May 2025,28-30 Jan. 2025,28-30 Jan. 2025,IEEE,IEEE Conferences,
,,2024,,,,,,,10.1109/isstc63573.2024.10824100,,,,,,"['Fall Detection', 'CSI quotient', 'Co-channel Interference', 'Wireless communication', 'Wireless sensor networks', 'Accuracy', 'Working environment noise', 'Dynamics', 'Sensors', 'Fall detection', 'Interchannel interference', 'Wireless fidelity', 'Signal to noise ratio']",H. Xie; Z. Yang,,,,,,,IEEE,A Fall Detection Approach Based on ACF for WI-FI CSI Against Co-Channel Interference,"School of Automaition, Chongqing University of Posts and Telecommunications, Chongqing, China; School of Automaition, Chongqing University of Posts and Telecommunications, Chongqing, China",2024 3rd International Symposium on Sensor Technology and Control (ISSTC),8 Jan 2025,,,441,445,"Fall detection is an important research for wireless sensing to recognize human activities. WiFi CSI has emerged as an effective solution to the fall detection due to its advantages of being non-invasive, privacy-preserving. However, commercial WiFi devices are often deployed in complex electromagnetic environments, where interference caused by channel overlap among WiFi devices is especially pronounced. This interference may significantly impact the accuracy of fall detection.. In order to solve the above problems, the paper discusses the effect of cochannel interference on the actual CSI. Then the CSI data were utilized to obtain an improved signal-to-noise ratio (SNR). This approach enables us to establish a mapping relationship between the ratio of dynamic power associated with falls and noise power in the presence of co-channel interference (CCI), as well as the characteristics of human fall movements. According to the experiments, the approach was able to achieve an accuracy of $\mathbf{9 7 \%}$ for fall detection under CCI.",,979-8-3315-4163-7,,https://ieeexplore.ieee.org/stamp/stamp.jsp?arnumber=10824100,"['Wireless communication', 'Wireless sensor networks', 'Accuracy', 'Working environment noise', 'Dynamics', 'Sensors', 'Fall detection', 'Interchannel interference', 'Wireless fidelity', 'Signal to noise ratio']",,,,14.0,IEEE,8 Jan 2025,25-27 Oct. 2024,25-27 Oct. 2024,IEEE,IEEE Conferences,
,,2024,,,,,,,10.1109/sensors60989.2024.10785192,,,,,,"['Fall Detection', 'Event Cameras', 'Object Detection', 'Long Short-Term Memory Networks(LSTM)', 'Spiking Neural Networks (SNN)', 'Computer vision', 'Accuracy', 'System performance', 'Neural networks', 'Cameras', 'Real-time systems', 'Safety', 'Fall detection', 'Older adults', 'Long short term memory']",W. Liang; Y. o. Ma,,,,,,,IEEE,Event-Based Real-Time Fall Detection Using YOLOv8 and LSTM,"Dept. of Mechanical and Energy Engineering, Southern University of Science and Technology, Shenzhen, China; Dept. of Mechanical and Energy Engineering, Southern University of Science and Technology, Shenzhen, China",2024 IEEE SENSORS,17 Dec 2024,,,1,4,"Addressing the critical issue of fall detection among the elderly as global aging intensifies, this study develops an innovative system that integrates event cameras with advanced object detection and Long Short-Term Memory Networks (LSTM) to accurately identify fall incidents. The research methodology involves the utilization of these technologies to capture dynamic changes in the environment and analyze data through machine learning algorithms, ensuring the system operates effectively even in low-light and privacy-sensitive environments. The experiments conducted on the URFall and Le2i datasets demonstrate a 100% accuracy rate in fall detection, proving the system's efficacy in real-world scenarios. These findings indicate that the proposed system not only significantly improves the safety of elderly populations by providing timely and accurate fall detection but also pushes forward the boundaries of computer vision technology in health care applications.",2168-9229,979-8-3503-6351-7,,https://ieeexplore.ieee.org/stamp/stamp.jsp?arnumber=10785192,"['Computer vision', 'Accuracy', 'System performance', 'Neural networks', 'Cameras', 'Real-time systems', 'Safety', 'Fall detection', 'Older adults', 'Long short term memory']",,,,8.0,IEEE,17 Dec 2024,20-23 Oct. 2024,20-23 Oct. 2024,IEEE,IEEE Conferences,
,,2024,,,,,,,10.1109/hi-poct64255.2024.10876204,,,,,,"['Technological innovation', 'Accuracy', 'Wheelchairs', 'Radar detection', 'Radar', 'Safety', 'Reliability', 'Fall detection', 'Monitoring', 'SIMO']",J. Hall; J. B. Bae; J. Visser; H. Abedi; G. Shaker; S. Member,,,,,,,IEEE,Validating mm-Wave Radar System for Fall Detection and Recovery in Washrooms,NA; NA; NA; NA; NA; NA,2024 IEEE Healthcare Innovations and Point of Care Technologies (HI-POCT),7 Feb 2025,,,73,76,"Falls are a leading cause of death among individuals over 65, making timely detection crucial for preventing fatalities and improving recovery. Washrooms, despite being high-risk areas for falls, are underrepresented in fall detection research. This study aims to validate a non-contact fall-detection system capable of continuous and reliable monitoring in cluttered washroom environments, including scenarios involving common walking aids. The system uses Single Input Multiple Output Frequency-Modulated Continuous Wave (SIMO FMCW) radar to detect falls from both sitting and standing positions. Four participants simulated falls and fall recoveries in various scenarios, such as sitting on a toilet or wheelchair, standing with a walker, and standing freely. The system's ability to differentiate between falls and recoveries was also tested, as recovered falls are significant for fall history and injury risk. The radar system demonstrated an average fall detection accuracy of 100 % and a recovery detection accuracy of 92.5%. The findings support the use of SIMO FMCW radar as an effective, non-contact emergency alert system for washroom falls. This affordable and convenient system offers a life-saving solution for fall monitoring in personal spaces, ensuring safety while respecting privacy. Clinical Relevance-Our non-contact, autonomous fall detection system demonstrates 100 accuracy in detecting falls within washrooms and 92.5 % accuracy in detecting fall recoveries.",,979-8-3315-0803-6,,https://ieeexplore.ieee.org/stamp/stamp.jsp?arnumber=10876204,"['Technological innovation', 'Accuracy', 'Wheelchairs', 'Radar detection', 'Radar', 'Safety', 'Reliability', 'Fall detection', 'Monitoring', 'SIMO']",,,,15.0,IEEE,7 Feb 2025,19-20 Sept. 2024,19-20 Sept. 2024,IEEE,IEEE Conferences,
,,2024,,,,,,,10.1109/icaect60202.2024.10468881,,,,,,"['mm-wave Radar sensors', 'Point Cloud', 'signal processing', 'machine learning', 'fall detection', 'radar sensor', 'millimeter wave', 'Privacy', 'Data privacy', 'Costs', 'Radar detection', 'Radar', 'Medical services', 'Millimeter wave radar']",J. Joy; A. T. John; A. Anna Alex; A. S. Nair; P. R. Sreesh; A. Manuel,,,,,,,IEEE,Elderly Fall Detection System Using mm-Wave Radar Sensor,"Dept. of Electronics and Communication Engineering, St Joseph’s College of Engineering and Technology, Palai; Dept. of Electronics and Communication Engineering, St Joseph’s College of Engineering and Technology, Palai; Dept. of Electronics and Communication Engineering, St Joseph’s College of Engineering and Technology, Palai; Dept. of Electronics and Communication Engineering, St Joseph’s College of Engineering and Technology, Palai; Dept. of Electronics and Communication Engineering, St Joseph’s College of Engineering and Technology, Palai; Dept. of Electronics and Communication Engineering, St Joseph’s College of Engineering and Technology, Palai","2024 Fourth International Conference on Advances in Electrical, Computing, Communication and Sustainable Technologies (ICAECT)",21 Mar 2024,,,1,8,"This project focuses on the implementation of an elderly fall detection system using millimeter-wave radar technology, prioritizing privacy preservation within indoor environments. By harnessing mm-wave radar, our system offers technical advantages over camera-based solutions. Radar operates in the radio frequency spectrum, ensuring privacy, as it does not capture visual data, addressing concerns regarding surveillance and consent. Technical aspects encompass mm-wave radar sensor deployment, signal processing algorithm development for fall detection, and real-time data analysis integration. Radar mitigates issues posed by low lighting, occlusions, and line-of- sight limitations common in camera-based systems. Additionally, machine learning enhances fall detection accuracy, reducing false alarms while maintaining high sensitivity.",,979-8-3503-4367-0,,https://ieeexplore.ieee.org/stamp/stamp.jsp?arnumber=10468881,"['Privacy', 'Data privacy', 'Costs', 'Radar detection', 'Radar', 'Medical services', 'Millimeter wave radar']",,2.0,,42.0,IEEE,21 Mar 2024,11-12 Jan. 2024,11-12 Jan. 2024,IEEE,IEEE Conferences,
,,2024,,,,,,,10.1109/aiiot58432.2024.10574642,,,,,,"['Fall Detection', 'SO-Net(Self-Organizing Network)', 'Point Cloud Analysis', '3D Deep Learning', 'Point Clouds', 'Elderly Care', 'Safety Technology', 'Anomaly Detection', 'Health Monitoring', 'Technological innovation', 'Privacy', 'Cloud computing', 'Laser radar', 'Accuracy', 'Data models', 'Safety']",A. V. Viswa; V. Dharma Pravardhana; S. K. Thangavel; G. Jeyakumar,,,,,,,IEEE,Fall Detection for Elderly People using LiDAR Sensor,"Department of Computer Science and Engineering, Amrita School of Computing Coimbatore, Amrita Vishwa Vidyapeetham, Tamil Nadu, India; Department of Computer Science and Engineering, Amrita School of Computing Coimbatore, Amrita Vishwa Vidyapeetham, Tamil Nadu, India; Department of Computer Science and Engineering, Amrita School of Computing Coimbatore, Amrita Vishwa Vidyapeetham, Tamil Nadu, India; Department of Computer Science and Engineering, Amrita School of Computing Coimbatore, Amrita Vishwa Vidyapeetham, Tamil Nadu, India",2024 3rd International Conference on Artificial Intelligence For Internet of Things (AIIoT),2 Jul 2024,,,1,6,"Understanding the prevalence and severity of accidental falls among the elderly is crucial. Even for those living independently, falls are frequent and can lead to severe injuries, often being a primary cause of elderly mortality. To address this need, the development of a comprehensive platform becomes essential, capable of continuously monitoring individuals’ activity status for timely detection of falls and other unexpected behaviors. Real-time monitoring is vital for providing swift and efficient early warnings during a fall. Conventional methods of monitoring, such as manual surveillance, are resource-intensive and may lack the immediacy required to respond effectively to fall incidents. Therefore, to overcome these limitations, innovative solutions have been introduced. Implementing an automated system can significantly reduce the time and energy expended on monitoring while ensuring a prompt and proactive response to potential fall events. Despite advancements in fall detection research, many existing studies rely on wearable devices primarily within home settings. Extending the scope of these technologies to diverse environments could result in more inclusive and versatile fall detection systems, enhancing elderly safety across various settings. Conventional fall detection systems frequently encounter privacy concerns when employing RGB camera-based monitoring due to their intrusive nature. To tackle this issue, alternative non-intrusive methods such as LiDAR technology have been introduced. LiDAR proves to be effective in detecting falls while also upholding privacy, rendering it a promising option for enhancing geriatric safety.",,979-8-3503-7212-0,,https://ieeexplore.ieee.org/stamp/stamp.jsp?arnumber=10574642,"['Technological innovation', 'Privacy', 'Cloud computing', 'Laser radar', 'Accuracy', 'Data models', 'Safety']",,2.0,,19.0,IEEE,2 Jul 2024,3-4 May 2024,3-4 May 2024,IEEE,IEEE Conferences,
,,2025,,,,,,,10.1109/icws67624.2025.00047,,,,,,"['Fall detection', 'privacy-aware', 'FDaaS', 'smart home', 'unobtrusive sensing', 'iot services', 'fd-gpt', 'Generative Pre-trained transformer', 'Accuracy', 'Smart homes', 'Aging', 'Sensor systems', 'Service-oriented architecture', 'Internet of Things', 'Fall detection', 'Older adults', 'Ultra wideband radar']",A. Lakhdari; J. Li; A. Abusafia; A. Bouguettaya,,,,,,,IEEE,Privacy-Aware IoT Fall Detection Services for Aging in Place,"School of Computer Science, The University of Sydney, Australia; Department of Computer Science, ETH, Zürich, Switzerland; School of Computing and Information Systems, The University of Melbourne, Australia; School of Computer Science, The University of Sydney, Australia",2025 IEEE International Conference on Web Services (ICWS),30 Sep 2025,,,324,334,"Fall detection is critical to support the growing elderly population, projected to reach 2.1 billion by 2050. However, existing methods often face data scarcity challenges or compromise privacy. We propose a novel IoT-based Fall Detection as a Service (FDaaS) framework to assist the elderly in living independently and safely by accurately detecting falls. We design a service-oriented architecture that leverages Ultra-wideband (UWB) radar sensors as an IoT health-sensing service, ensuring privacy and minimal intrusion. We address the challenges of data scarcity by utilizing a Fall Detection Generative Pre-trained Transformer (FD-GPT) that uses augmentation techniques. We developed a protocol to collect a comprehensive dataset of the elderly daily activities and fall events. This resulted in a real dataset that carefully mimics the elderly's routine. We rigorously evaluate and compare various models using this dataset. Exper-imental results show our approach achieves 90.72% accuracy and 89.33% precision in distinguishing between fall events and regular activities of daily living.",2836-3868,979-8-3315-5563-4,"Australian Research Council(grant numbers:LE220100078,DP220101823); ",https://ieeexplore.ieee.org/stamp/stamp.jsp?arnumber=11169594,"['Generative Pre-trained transformer', 'Accuracy', 'Smart homes', 'Aging', 'Sensor systems', 'Service-oriented architecture', 'Internet of Things', 'Fall detection', 'Older adults', 'Ultra wideband radar']",,,,40.0,IEEE,30 Sep 2025,7-12 July 2025,7-12 July 2025,IEEE,IEEE Conferences,
,,2025,,,,,,,10.1109/cisp-bmei68103.2025.11259376,,,,,,"['Radar signal', 'fall detection', 'feature fusion', 'deep learning', 'multi-dimensional features', 'Adaptation models', 'Accuracy', 'Radar detection', 'Radar', 'Millimeter wave radar', 'Feature extraction', 'Radar signal processing', 'Doppler radar', 'Fall detection', 'Time-domain analysis']",Q. Yuan,,,,,,,IEEE,MMW Radar Fall Detection Based on Multidimensional Feature Fusion,Tianjin University of Technology and Education,"2025 18th International Congress on Image and Signal Processing, BioMedical Engineering and Informatics (CISP-BMEI)",3 Dec 2025,,,1,6,"With the increasing trend of global aging, more and more elderly people are facing a variety of security issues. And falling has gradually become the biggest crisis facing the elderly living alone. With the factors of privacy and portability, the application of millimeter wave radar in fall detection has gradually replaced cameras and various portable sensors. The time-frequency features of millimeter wave radar are often used as the main factor to judge the fall detection, but because a single feature cannot cover the complexity of the fall scene, it is vulnerable to interference, resulting in misjudgment or missed judgment; The multi-dimensional feature fusion can pass the “complementary verification”, taking into account the “accuracy” and “robustness” of the detection. Therefore, this paper proposes a deep learning model based on multidimensional feature fusion of millimeter wave radar gating. By extracting the time-domain, frequency-domain and doppler features of radar signals, four different feature fusion strategies (simple fusion, weighted fusion, interactive fusion and attention fusion) were compared, and compared with a single feature model. The experimental results show that the gated fusion model performs best in the task of action recognition, with the highest accuracy of 97.57 %, which is significantly better than other fusion strategies and single feature model. The research in this paper provides new ideas and methods for the field of radar signal processing and fall detection.",,979-8-3315-7736-0,,https://ieeexplore.ieee.org/stamp/stamp.jsp?arnumber=11259376,"['Adaptation models', 'Accuracy', 'Radar detection', 'Radar', 'Millimeter wave radar', 'Feature extraction', 'Radar signal processing', 'Doppler radar', 'Fall detection', 'Time-domain analysis']",,,,16.0,IEEE,3 Dec 2025,25-27 Oct. 2025,25-27 Oct. 2025,IEEE,IEEE Conferences,
,,2025,,,,,,,10.1109/icacrs67045.2025.11324291,,,,,,"['Elderly Health Monitoring Fall Detection', 'IOT', 'Wearable Device', 'Biomedical Sensors', 'Airbag Deployment', 'GSM/GPS Communication', 'Smart Healthcare', 'Assistive Technology', 'Data privacy', 'Atmospheric modeling', 'Medical services', 'Reliability engineering', 'Fall detection', 'Older adults', 'Wearable devices', 'Biomedical monitoring', 'Injuries', 'Wearable sensors']",D. L; D. V; K. K; P. Jayarajan,,,,,,,IEEE,Smart Wearable with Automatic Airbag Deployment and Guardian Alert System for Fall Detection using K Nearest Neighbors,"Department of Electronics and Communication Engineering, Sri Krishna College of Technology, Coimbatore, India; Department of Electronics and Communication Engineering, Sri Krishna College of Technology, Coimbatore, India; Department of Electronics and Communication Engineering, Sri Krishna College of Technology, Coimbatore, India; Department of Electronics and Communication Engineering, Sri Krishna College of Technology, Coimbatore, India","2025 4th International Conference on Automation, Computing and Renewable Systems (ICACRS)",14 Jan 2026,,,600,605,"The necessity for effective fall detection and health monitoring systems has increased due to the growing number of senior people. Current solutions, such as CCTV surveillance, smartphone apps, and wearable panic buttons, are obstructive or reactive and frequently fall short when quick action is required and also has some of the major privacy issues. In order to improve senior safety and minimize reaction times, this research suggests an intelligent, real time fall detection and health monitoring system. The device detects abnormal movements or sudden fall activities using MPU6050 accelerometer, gyroscope while continuously monitoring vital body signs like body temperature and heart rate and Spo2 using wearable sensors like MAX30100 and machine learning algorithms. There is no need for manual intervention here because it automatically notifies emergency services or caregivers upon detecting the abnormal activities. While secure data handling protects privacy, the non-intrusive, lightweight design guarantees user comfort. The proposed methodology secure data privacy ,differentiates daily activities and fall incidents with a high level of precision and reliability which helps the older adults to have a safe independent living and reducing the burden on health care professionals.",,979-8-3315-4886-5,,https://ieeexplore.ieee.org/stamp/stamp.jsp?arnumber=11324291,"['Data privacy', 'Atmospheric modeling', 'Medical services', 'Reliability engineering', 'Fall detection', 'Older adults', 'Wearable devices', 'Biomedical monitoring', 'Injuries', 'Wearable sensors']",,,,13.0,IEEE,14 Jan 2026,10-12 Dec. 2025,10-12 Dec. 2025,IEEE,IEEE Conferences,
,,2025,,,,,,,10.1109/icac65379.2025.11196291,,,,,,"['ADL', 'Fall Detection', 'Fall Prediction', 'Machine Learning', 'Sensor Fusion', 'Training', 'Privacy', 'Data privacy', 'Accuracy', 'Medical services', 'Convolutional neural networks', 'Fall detection', 'Older adults', 'Wearable sensors', 'Injuries']",N. Pathan; H. Yu; M. Vassallo; P. Koufaki,,,,,,,IEEE,FedFall: Federated Learning Based Framework for Fall Detection,"Queen Margaret University, Edinburgh, United Kingdom; Napier University, Edinburgh, United Kingdom; Royal Bournemouth Hospital, Bournemouth, United Kingdom; Queen Margaret University, Edinburgh, United Kingdom",2025 30th International Conference on Automation and Computing (ICAC),16 Oct 2025,,,1,9,"Falls are the world’s second-leading cause of unintentional injury death and disproportionately affect older adults. Wearable sensor methods combined with machine learning (ML) have improved automatic fall detection, but conventional centralised training requires transmitting raw, privacy sensitive signals to the cloud. We propose FedFall, a novel Federated Learning (FL) framework that trains fall detection models collaboratively across distributed, privacy constrained devices(e.g., wearable and ambient sensors). Experiments use the fall specific subset of the UMFall dataset, excluding everyday activities that lie outside this study’s scope. Five architectures are evaluated Deep Neural Network (DNN), Convolutional Neural Network (CNN), Long Short-Term Memory (LSTM), Bidirectional LSTM and a combination of CNN and LSTM. The DNN yielded the best performing results. While centralised baseline training started at just 41% accuracy, FL progressively improved performance, reaching 72% after successive communication rounds. This consistent convergence underscores FedFall’s effectiveness, enhancing detection accuracy while preserving the privacy of distributed sensor data.",,979-8-3315-2545-3,Academy of Medical Sciences; European Commission; ,https://ieeexplore.ieee.org/stamp/stamp.jsp?arnumber=11196291,"['Training', 'Privacy', 'Data privacy', 'Accuracy', 'Medical services', 'Convolutional neural networks', 'Fall detection', 'Older adults', 'Wearable sensors', 'Injuries']",,,,28.0,IEEE,16 Oct 2025,27-29 Aug. 2025,27-29 Aug. 2025,IEEE,IEEE Conferences,
,,2022,,,,,,,10.1109/access.2022.3229044,,,,,,"['Fall detection', 'federated learning', 'extreme learning machine', 'elderly fall', 'Fall detection', 'Older adults', 'Feature extraction', 'Federated learning', 'Training', 'Machine learning algorithms', 'Biomedical monitoring']",Z. Yu; J. Liu; M. Yang; Y. Cheng; J. Hu; X. Li,,,,,,,IEEE,An Elderly Fall Detection Method Based on Federated Learning and Extreme Learning Machine (Fed-ELM),"Institute of Big Data and Artificial Intelligence, China Telecom Research Institute, Beijing, China; Institute of Automation, Shenyang Aerospace University, Shenyang, China; Institute of Big Data and Artificial Intelligence, China Telecom Research Institute, Beijing, China; Institute of Big Data and Artificial Intelligence, China Telecom Research Institute, Beijing, China; Institute of Big Data and Artificial Intelligence, China Telecom Research Institute, Beijing, China; Institute of Big Data and Artificial Intelligence, China Telecom Research Institute, Beijing, China",IEEE Access,21 Dec 2022,10,,130816,130824,"The lack of fall data for the elderly is a challenging problem in the fall detection community. To date, the fall and activities of daily life simulated by young people have been used in most studies to train and test fall detection algorithms. However, there are differences in movement patterns between young and elderly individuals due to bone aging, which leads to the degradation of the algorithm performance in the elderly population. To solve the above issue, this paper proposes a fall detection algorithm combining Federated Learning and Extreme Learning Machine (Fed-ELM). First, the online extreme learning machine can use a small amount of misclassified user data to update the parameters so that its performance is improved for individual users. Then, Federated Learning is applied to share data information among different users without involving user privacy. In this way, the generalizability of the fall detection algorithm is improved. The performance of the proposed algorithm in different age groups is analyzed by experiments. For young people, the accuracy, sensitivity and specificity reach 96.96%, 94.50% and 99.29%, respectively, and the accuracy on each individual is more than 94%. For elderly individuals, the accuracy, sensitivity and specificity reach 99.07%, 96.00% and 98.33%, respectively, and the accuracy of each individual is more than 96%.",2169-3536,,Key Research Projects of China Telecom Research Institute “Research on the Technical Architecture and Key Technologies of Data Element Value”(grant numbers:P-2022-03); ,https://ieeexplore.ieee.org/stamp/stamp.jsp?arnumber=9984667,"['Fall detection', 'Older adults', 'Feature extraction', 'Federated learning', 'Training', 'Machine learning algorithms', 'Biomedical monitoring']",,24.0,,38.0,CCBY,14 Dec 2022,2022,,IEEE,IEEE Journals,
,,2025,,,,,,,10.1109/access.2025.3620430,,,,,,"['Fall detection', 'hypergraph attention', 'lightweight model', 'real-time inference', 'semantic reasoning', 'YOLOv13', 'Fall detection', 'Real-time systems', 'Feature extraction', 'Accuracy', 'Computational modeling', 'YOLO', 'Convolution', 'Cognition', 'Semantics', 'Image edge detection']",Y. Sanjalawe; S. Naser Makhadmeh; M. Almiani; S. Al-E’Mari,,,,,,,IEEE,HyperFallNet: Human Fall Detection in Real-Time Using YOLOv13 With Hypergraph-Enhanced Correlation Learning,"Department of Information Technology, King Abdullah II School for Information Technology, The University of Jordan (JU), Amman, Jordan; Department of Information Technology, King Abdullah II School for Information Technology, The University of Jordan (JU), Amman, Jordan; Accounting and MIS Department, Gulf University for Science and Technology, Hawally, Kuwait; Information Security Department, Faculty of Information Technology, University of Petra, Amman, Jordan",IEEE Access,16 Oct 2025,13,,177111,177126,"Falls remain a leading cause of injury-related morbidity among elderly populations and vulnerable individuals in smart living environments. Despite advances in deep learning-based fall detection systems, existing methods often suffer from trade-offs between real-time efficiency, detection accuracy, and semantic interpretability. Most state-of-the-art models either rely on computationally expensive architectures that are impractical for real-time edge deployment or cannot model complex fall-related spatial cues. This paper introduces HyperFallNet, a novel lightweight yet semantically rich fall detection framework designed for fast and accurate inference in real-world surveillance scenarios. The core motivation behind this work stems from the persistent gap between high-speed models and context-aware reasoning in fall detection. The objective of this paper is to bridge this gap by proposing an enhanced YOLOv13-based pipeline augmented with two architectural innovations: 1) HyperACE, a hypergraph-assisted attention module that captures high-order spatial dependencies among human joints and body posture: and 2) FullPAD, a pipeline-aware semantic injection mechanism that ensures refined feature propagation across the network hierarchy. We evaluate HyperFallNet on two benchmark datasets, CUCAFall and DiverseFALL10500, and conduct rigorous ablation studies and statistical tests. Results show that HyperFallNet achieves a mean average precision (mAP@0.5) of 0.982 while operating at 131.2 FPS—surpassing recent fall detection models in both accuracy and speed. Additionally, our model demonstrates statistically significant improvements and stable confidence intervals across key metrics. These findings highlight HyperFallNet’s suitability for real-time, privacy-aware, and resource-constrained fall detection applications.",2169-3536,,"Gulf University for Science and Technology, Kuwait; ",https://ieeexplore.ieee.org/stamp/stamp.jsp?arnumber=11201900,"['Fall detection', 'Real-time systems', 'Feature extraction', 'Accuracy', 'Computational modeling', 'YOLO', 'Convolution', 'Cognition', 'Semantics', 'Image edge detection']",,3.0,,23.0,CCBY,13 Oct 2025,2025,,IEEE,IEEE Journals,
,,2025,,,,,,,10.1109/jiot.2025.3585401,,,,,,"['channel state information (CSI)', 'convolutional neural network (CNN)', 'fall detection', 'scalogram', 'WiFi sensing', 'Fall detection', 'Wireless fidelity', 'Data mining', 'Feature extraction', 'Training', 'Noise', 'Principal component analysis', 'Continuous wavelet transforms', 'Accuracy', 'Privacy']",Y. Kim; W. S. Jeon; D. Geun Jeong,,,,,,,IEEE,AmFall: WiFi CSI Amplitude-Based Fall Detection Using Denoised Scalograms,"Department of Computer Science and Engineering, Seoul National University, Seoul, South Korea; Department of Computer Science and Engineering, Seoul National University, Seoul, South Korea; Department of Electronics Engineering, Hankuk University of Foreign Studies, Yongin-si, Kyonggi-do, South Korea",IEEE Internet of Things Journal,8 Sep 2025,12,18.0,37988,38003,"radio frequency (RF)-based fall detection systems have been actively studied over the past decade due to their low privacy concerns and convenient nonwearable nature. In particular, WiFi channel state information (CSI)-based solutions offer the additional benefit of requiring no specific hardware due to the widespread deployment of WiFi. However, WiFi CSI-based systems typically suffer from severe performance degradation in cross-domain scenarios, non-line-of-sight (NLOS) and/or through-the-wall (TTW) environments. For successful real-world deployment, a fall detection system must be able to provide reasonably good performance even in such poor conditions. In this article, we propose a new WiFi CSI amplitude-based fall detection system (called AmFall) that effectively addresses the aforementioned challenges. To cope with NLOS/TTW situations, AmFall selectively uses the subcarriers and principal component containing valuable information. Considering that the continuous wavelet transform (CWT) is suitable for time-frequency analysis of nonstationary signals, such as those generated during falls, AmFall generates a scalogram by applying CWT to the resulting CSI signal with a novel denoising algorithm and extracts the speed information for segmentation. The segmented scalograms are fed into a deep learning (DL)-based classifier. In this article, we also suggest a simple yet effective dataset augmentation method to generate multiple scalograms from a single CSI observation. The proposed system, implemented on commercial WiFi devices, achieves a high fall detection accuracy of 95.28% to 99.67% in TTW and cross-domain environments, outperforming state-of-the-art WiFi-based methods.",2327-4662,,National Research Foundation of Korea (NRF); Ministry of Science and ICT (MSIT) of Korea Government(grant numbers:2022R1A2C1004928); ,https://ieeexplore.ieee.org/stamp/stamp.jsp?arnumber=11063430,"['Fall detection', 'Wireless fidelity', 'Data mining', 'Feature extraction', 'Training', 'Noise', 'Principal component analysis', 'Continuous wavelet transforms', 'Accuracy', 'Privacy']",,2.0,,43.0,IEEE,2 Jul 2025,"15 Sept.15, 2025",,IEEE,IEEE Journals,
,,2025,,,,,,,10.1109/cictn64563.2025.10932358,,,,,,"['Transient evoked otoacoustic emissions', 'otoacoustic emissions', 'Signal processing', 'Hair', 'Privacy', 'Neurons', 'Signal processing algorithms', 'Signal processing', 'Hearing aids', 'Fall detection', 'Transient analysis', 'Recruitment', 'Microphones']",B. Tripathi; M. Lal Saini; M. Jain; A. Saxena; N. Pal,,,,,,,IEEE,Fall Detection and Alerts in Hearing Aids for Deaf using Generative AI,"Department of Computer Application, Allenhouse Institute of Technology, Kanpur, India; Department of Computer Science and Engineering, Apex Institute of Technology Chandigarh University, Punjab, India; Department of Computer Application, Allenhouse Business School, Kanpur, India; Department of Computer Science & Engineering, Axis Institute of Technology & Management, Kanpur, India; Department of Computer Science & Engineering, Invertis University, Bareilly, India","2025 2nd International Conference on Computational Intelligence, Communication Technology and Networking (CICTN)",26 Mar 2025,,,543,548,"Individuals with sensorineural hearing loss often experience difficulty comprehending speech when background noise is present. This paper investigates the extent of this problem in various listening scenarios and with different types of background sounds. Additionally, the section explores the contributing factors to this challenge such as reduced audibility, reduced frequency selectivity, loudness recruitment, and dead regions in the cochlea where there are no surviving inner hair cells and or neurons. The sections evaluate different techniques for compensating for the effects of these factors. While signal-processing methods using the output of a single microphone to compensate for reduced frequency selectivity have had limited success, techniques utilizing multiple microphones have proven effective. Amplitude compression has also been effective in compensating for the effects of loudness recruitment, enabling individuals to understand speech across a wide range of sound levels. Next, the paper delves into the technical aspects of implementing fall detection systems in hearing aids. learning algorithms are also investigated for their potential in enhancing fall detection accuracy and minimizing false alarms. Furthermore, the importance of user-friendly interfaces and customization features in ensuring the effectiveness and acceptance of fall detection alerts is also highlighted. The paper also addresses the ethical and privacy considerations associated with fall detection in hearing aids. It emphasizes the need for transparent data handling practices and user consent, while also addressing potential concerns related to user autonomy and intrusion.",,979-8-3315-3038-9,,https://ieeexplore.ieee.org/stamp/stamp.jsp?arnumber=10932358,"['Hair', 'Privacy', 'Neurons', 'Signal processing algorithms', 'Signal processing', 'Hearing aids', 'Fall detection', 'Transient analysis', 'Recruitment', 'Microphones']",,1.0,,18.0,IEEE,26 Mar 2025,6-7 Feb. 2025,6-7 Feb. 2025,IEEE,IEEE Conferences,
,,2025,,,,,,,10.1109/inecce64959.2025.11150921,,,,,,"['Fall Detection', 'Wearable Device', 'SVM', 'ESP32', 'IoT', 'GPS Tracking', 'Elderly Safety', 'Support vector machines', 'Accuracy', 'Machine learning', 'Real-time systems', 'Reliability', 'Fall detection', 'Older adults', 'Biomedical monitoring', 'Global Positioning System', 'Testing']",M. K. A. Razali; N. F. Zakaria; M. Yakno; R. A. Karim; N. W. Arshad,,,,,,,IEEE,Enhancing Elderly Safety: A Wearable Fall Detection System with IoT and Machine Learning,"Faculty of Electrical and Electronic Engineering Technology, UNIVERSITI MALAYSIA PAHANG AL-SULTAN ABDULLAH, Pekan, Pahang; Faculty of Electrical and Electronic Engineering Technology, UNIVERSITI MALAYSIA PAHANG AL-SULTAN ABDULLAH, Pekan, Pahang; Faculty of Electrical and Electronic Engineering Technology, UNIVERSITI MALAYSIA PAHANG AL-SULTAN ABDULLAH, Pekan, Pahang; Faculty of Electrical and Electronic Engineering Technology, UNIVERSITI MALAYSIA PAHANG AL-SULTAN ABDULLAH, Pekan, Pahang; Faculty of Electrical and Electronic Engineering Technology, UNIVERSITI MALAYSIA PAHANG AL-SULTAN ABDULLAH, Pekan, Pahang","2025 IEEE 8th International Conference on Electrical, Control and Computer Engineering (InECCE)",10 Sep 2025,,,477,482,"Falls represent a significant health concern, especially among the elderly and individuals with mobility impairments, often resulting in severe injuries or fatalities. Current fall detection solutions, such as webcam-based systems and manual alert devices, are often costly, raise privacy issues, and are prone to false alarms, highlighting a critical need for a more effective, reliable, and affordable solution. This project presents a wearable fall detection and emergency alert system integrating the ESP32 microcontroller, MPU6050 accelerometer and gyroscope, NEO-6M GPS module, and a Support Vector Machine (SVM) algorithm. The system aims to provide real-time fall detection and instant alerts to caregivers or emergency services, enhancing safety for vulnerable individuals, especially the elderly. The MPU6050 sensor monitors body movements, while SVM processes data to distinguish falls with 96% accuracy. The NEO-6M GPS module provides precise location tracking, and the ESP32 transmits alerts via Wi-Fi to the Blynk application, ensuring a timely emergency response. Comprehensive testing demonstrates high accuracy and reliability. This integration of machine learning, IoT, and advanced sensors offers an innovative and practical solution for fall detection in healthcare applications.",,979-8-3315-2023-6,,https://ieeexplore.ieee.org/stamp/stamp.jsp?arnumber=11150921,"['Support vector machines', 'Accuracy', 'Machine learning', 'Real-time systems', 'Reliability', 'Fall detection', 'Older adults', 'Biomedical monitoring', 'Global Positioning System', 'Testing']",,,,28.0,IEEE,10 Sep 2025,27-28 Aug. 2025,27-28 Aug. 2025,IEEE,IEEE Conferences,
,,2025,,,,,,,10.1109/jsen.2025.3629734,,,,,,"['Fall detection', 'machine learning', 'privacy-preserving monitoring', 'smart home', 'thermopile sensors', 'Sensors', 'Fall detection', 'Thermal sensors', 'Accuracy', 'Training', 'Machine learning algorithms', 'Intelligent sensors', 'Image resolution', 'Testing', 'Classification algorithms']",S. Ma; D. Konings; E. M. . -K. Lai; F. Alam,,,,,,,IEEE,Fall Detection Using Multiple Low-Resolution Thermopile Sensors and Machine Learning,"Department of Electrical and Electronic Engineering, School of Engineering, Computer and Mathematical Sciences, Auckland University of Technology, Auckland, New Zealand; Department of Data Science and Artificial Intelligence, School of Engineering Computer and Mathematical Sciences, Auckland University of Technology, Auckland, New Zealand; Department of Data Science and AI, Auckland University of Technology, Auckland, New Zealand; Department of Electrical and Electronic Engineering, School of Engineering, Computer and Mathematical Sciences, Auckland University of Technology, Auckland, New Zealand",IEEE Sensors Journal,12 Dec 2025,25,24.0,44751,44763,"Automated fall detection enhances the safety of older adults and individuals with health conditions that make them prone to falling. One promising option is based on the detection and measurement of the infrared (IR) radiation emitted by people. Thermopiles are IR sensors that have received significant interest from researchers in recent years for automated fall detection in a privacy-preserving manner. This study aims to develop and evaluate a fall detection system using the data captured by multiple ceilingand wall-mounted thermopile sensors with overlapping coverage. Unlike prior studies that use only a small number of thermopile sensors, this work systematically investigates 16 different ceiling- and wall-mounted sensor configurations. Three machine learning classifiers are trained with the data collected from five participants enacting fall poses and other activities like standing and sitting. The accuracy of the fall detection algorithms is tested on additional five participants whose data were not used for training. The accuracy of algorithms varies between 92.50% and 99.20% and depends on the number of sensors and their respective locations. We utilize this information to assess how many sensors are required for adequate performance and also to provide insight into the desired locations of the sensors. Our experimental results indicate that combining one ceiling-mounted and one wall-mounted sensor achieves the optimal balance between accuracy, cost, and implementation challenges.",1558-1748,,Nvidia; ,https://ieeexplore.ieee.org/stamp/stamp.jsp?arnumber=11244245,"['Sensors', 'Fall detection', 'Thermal sensors', 'Accuracy', 'Training', 'Machine learning algorithms', 'Intelligent sensors', 'Image resolution', 'Testing', 'Classification algorithms']",,,,53.0,IEEE,12 Nov 2025,"15 Dec.15, 2025",,IEEE,IEEE Journals,
,,2025,,,,,,,10.1109/i2cacis65476.2025.11100989,,,,,,"['elderly', 'fall detection', 'passive Wi-Fi radar', 'threshold-based', 'Privacy', 'Passive radar', 'Accuracy', 'Radar detection', 'Real-time systems', 'Threshold voltage', 'Reliability', 'Fall detection', 'Older adults', 'Wireless fidelity']",H. Razali; N. E. A. Rashid; K. K. B. M. Shariff; M. N. Farhan; N. N. Ismail; R. Jailani,,,,,,,IEEE,Implementing Passive Wi-Fi Radar for Fall Detection for the Elderly,"Faculty of Electrical Engineering, Universiti Teknologi MARA, Shah Alam, Selangor; Applied Electromagnetic Research Group Faculty of Electrical Engineering, Universiti Teknologi MARA, Shah Alam, Selangor; Applied Electromagnetic Research Group Faculty of Electrical Engineering, Universiti Teknologi MARA, Shah Alam, Selangor; SNS Network Jalan Sultan Nazrin Shah, Ipoh, Perak; Department of Computer and Communication Systems Engineering, Universiti Putra Malaysia, Serdang, Selangor; Faculty of Electrical Engineering, Universiti Teknologi MARA, Shah Alam, Selangor",2025 IEEE International Conference on Automatic Control and Intelligent Systems (I2CACIS),7 Aug 2025,1,,277,282,"Falls among the elderly pose serious health risks, often leading to injuries and loss of independence. Traditional fall detection methods, such as wearable sensors and camerabased systems, suffer from limitations, including privacy concerns, user discomfort, and compliance issues. While radarbased fall detection is gaining traction, current AI-driven methods demand extensive training data and high processing power. This paper explores a simpler, more efficient approach: threshold-based classification. Its low complexity, transparency, and minimal computational requirements make it ideal for real-time fall detection and rapid notification. A dataset of fall and non-fall signals is collected from participants performing both single and dual activities. The system evaluates using threshold-based classification techniques to differentiate falls from normal movements, which are time characteristics, voltage drop, and signal angle. The findings reveal that angle-based thresholding achieves the highest performance, with $100 \%$ detection accuracy for single activities and $\mathbf{7 5. 0 \%}$ accuracy for more complex dual activities. This significantly outperforms time and voltage parameters in distinguishing falls from non-falls. These findings underscore the potential of Passive Wi-Fi Radar as an efficient, privacypreserving solution for real-time fall detection, eliminating the need for wearable devices while ensuring timely intervention.",2995-2859,979-8-3315-4294-8,,https://ieeexplore.ieee.org/stamp/stamp.jsp?arnumber=11100989,"['Privacy', 'Passive radar', 'Accuracy', 'Radar detection', 'Real-time systems', 'Threshold voltage', 'Reliability', 'Fall detection', 'Older adults', 'Wireless fidelity']",,,,20.0,IEEE,7 Aug 2025,27-28 June 2025,27-28 June 2025,IEEE,IEEE Conferences,
,,2025,,,,,,,10.1109/aipip66876.2025.11299223,,,,,,"['Infrared Imaging', 'Fall Detection', 'Retinexformer', 'Yolov8', 'Accuracy', 'Working environment noise', 'Data enhancement', 'Infrared imaging', 'Interference', 'Infrared sensors', 'Classification algorithms', 'Fall detection', 'Older adults', 'Injuries']",T. Xu; Q. Lei; N. Hou,,,,,,,IEEE,A Detection System Based on Infrared Data Enhancement,"School of Automation, Shenyang Aerospace University, Shenyang, China; School of Automation, Shenyang Aerospace University, Shenyang, China; School of Automation, Shenyang Aerospace University, Shenyang, China",2025 International Conference on Aerospace Information Perception and Intelligent Processing (AIPIP),24 Dec 2025,,,82,87,"With ongoing economic and technological advances, the global challenge of population aging has intensified, and falls remain a leading cause of injury among older adults. Accordingly, fall detection for the elderly is of substantial practical significance. This paper proposes a novel non-contact fall detection method based on infrared data. While infrared imaging preserves privacy, the quality of infrared data directly affects detection accuracy. However, low-cost infrared sensors offer limited resolution and are susceptible to environmental noise. To enhance detection efficiency and accuracy while mitigating data quality issues, we employ the Retinexformer algorithm to amplify human silhouettes and attenuate environmental interference in support of fall detection. We further develop a fall detection algorithm based on YOLOv8, incorporating the TPP-CSPC and TA-GAM modules to implement a comprehensive enhancement strategy. The average accuracy of the detection system reaches 95.9%, surpassing the 92.7% achieved by the original YOLOv8 model. Compared with the original YOLOv8 algorithm, the proposed approach demonstrates superior accuracy.",,979-8-3315-9508-1,,https://ieeexplore.ieee.org/stamp/stamp.jsp?arnumber=11299223,"['Accuracy', 'Working environment noise', 'Data enhancement', 'Infrared imaging', 'Interference', 'Infrared sensors', 'Classification algorithms', 'Fall detection', 'Older adults', 'Injuries']",,,,12.0,IEEE,24 Dec 2025,17-19 Oct. 2025,17-19 Oct. 2025,IEEE,IEEE Conferences,
,,2025,,,,,,,10.1109/icisc65841.2025.11188327,,,,,,"['Panic Alarm System', 'Elderly Care', 'IoT', 'MQTT', 'CoAP', 'HTTP', 'Fall Detection', 'Wearable Devices', 'Smart Homes', 'Internet Protocols', 'Ethics', 'Privacy', 'Smart homes', 'Alarm systems', 'HTTP', 'Older adults', 'Fall detection', 'Artificial intelligence', 'Wearable devices', 'Usability']",A. Vijay; N. VR; J. Prabhas; M. M,,,,,,,IEEE,Centralized Panic and Alarm Systems Using Internet Protocols for Supporting Elderly Individuals: a Literature Review,"Department of Electronics and Communication Engineering, Sri Ramakrishna Engineering College, Coimbatore, India; Department of Electronics and Communication Engineering, Sri Ramakrishna Engineering College, Coimbatore, India; Department of Electronics and Communication Engineering, Sri Ramakrishna Engineering College, Coimbatore, India; Department of Electronics and Communication Engineering, Sri Ramakrishna Engineering College, Coimbatore, India",2025 9th International Conference on Inventive Systems and Control (ICISC),13 Oct 2025,,,1,7,"With the global aging population comes great responsibility for the safety and independence of the elderly. Falls present an important risk and require strong support systems. This literature review examines central panic and alarm systems using internet protocols as key technology for seniors assistance. We review existing research, relevant internet protocols (MQTT, CoAP, HTTP), key features for elderly users (ease of use, accessibility, reliability), implementation challenges (technical, social, ethical), critical security and privacy aspects, user acceptance and effectiveness and emerging trends like AI integration, wearable technology and smart home convergence. Examples of commercial systems and research prototypes are described with various architectures and functions. The review highlights research gaps and future directions such as usercentered design, robust fall detection, enhanced security, AIdriven personalization and longitudinal impact assessment for these critical support technologies.",,979-8-3315-1247-7,,https://ieeexplore.ieee.org/stamp/stamp.jsp?arnumber=11188327,"['Ethics', 'Privacy', 'Smart homes', 'Alarm systems', 'HTTP', 'Older adults', 'Fall detection', 'Artificial intelligence', 'Wearable devices', 'Usability']",,,,54.0,IEEE,13 Oct 2025,12-13 Aug. 2025,12-13 Aug. 2025,IEEE,IEEE Conferences,
,,2024,,,,,,,10.1109/radarconf2458775.2024.10548702,,,,,,"['human activity recognition', 'fall detection', 'millimeter waves', 'MIMO', 'radar', 'radar network', 'MIMO radar', 'Millimeter wave measurements', 'Radar detection', 'Millimeter wave radar', 'Signal processing', 'Human activity recognition', 'Velocity measurement']",A. -C. Froehlich; D. Mejdani; L. Engel; J. Braeunig; C. Kammel; M. Vossiek; I. Ullmann,,,,,,,IEEE,A Millimeter-Wave MIMO Radar Network for Human Activity Recognition and Fall Detection,"Department Electrical Engineering, Institute of Microwaves and Photonics, Friedrich-Alexander-Universität Erlangen-Nürnberg (FAU), Erlangen, Germany; Department Electrical Engineering, Institute of Microwaves and Photonics, Friedrich-Alexander-Universität Erlangen-Nürnberg (FAU), Erlangen, Germany; Department Electrical Engineering, Institute of Microwaves and Photonics, Friedrich-Alexander-Universität Erlangen-Nürnberg (FAU), Erlangen, Germany; Department Electrical Engineering, Institute of Microwaves and Photonics, Friedrich-Alexander-Universität Erlangen-Nürnberg (FAU), Erlangen, Germany; Department Electrical Engineering, Institute of Microwaves and Photonics, Friedrich-Alexander-Universität Erlangen-Nürnberg (FAU), Erlangen, Germany; Department Electrical Engineering, Institute of Microwaves and Photonics, Friedrich-Alexander-Universität Erlangen-Nürnberg (FAU), Erlangen, Germany; Department Electrical Engineering, Institute of Microwaves and Photonics, Friedrich-Alexander-Universität Erlangen-Nürnberg (FAU), Erlangen, Germany",2024 IEEE Radar Conference (RadarConf24),13 Jun 2024,,,1,5,"Falling is a major risk for elderly people. To enable independent living, fall detection and activity monitoring are desirable. Radar is a sensor principle that offers the possibility to detect falls in a contactless, privacy-preserving fashion. Therefore, in combination with deep learning, it has become a widely investigated technique for human activity recognition and fall detection. Current systems, however, come with some limitations: When using just one monostatic radar, it is impossible to measure lateral velocities. This motivates the use of a radar network consisting of two spatially orthogonal radars. Contrary to some previous works which applied similar radar networks, this paper introduces the first millimeter-wave multiple-input-multiple-output (MIMO) radar network with two orthogonal radars for human activity recognition and fall detection. Using millimeter-wave MIMO radars enables a higher resolution and the use of angular information for the recognition task. First measurement results and deep-learning-based activity recognition are presented.",2375-5318,979-8-3503-2920-9,,https://ieeexplore.ieee.org/stamp/stamp.jsp?arnumber=10548702,"['MIMO radar', 'Millimeter wave measurements', 'Radar detection', 'Millimeter wave radar', 'Signal processing', 'Human activity recognition', 'Velocity measurement']",,10.0,,6.0,IEEE,13 Jun 2024,6-10 May 2024,6-10 May 2024,IEEE,IEEE Conferences,
,,2022,,,,,,,10.1109/icfeict57213.2022.00064,,,,,,"['fall detection', 'Millimeter wave radar', 'HOG features', 'SVM', 'Support vector machines', 'Machine learning algorithms', 'Image edge detection', 'Statistical learning', 'Radar detection', 'Millimeter wave radar', 'Feature extraction']",C. Song; K. Ma; J. He; Y. Jia,,,,,,,IEEE,Fall Detection Based on HOG Features for Millimeter Wave Radar,"School of Mechanical and Electrical Engineering, Chengdu University of Technology, Chengdu, China; School of Mechanical and Electrical Engineering, Chengdu University of Technology, Chengdu, China; School of Mechanical and Electrical Engineering, Chengdu University of Technology, Chengdu, China; School of Mechanical and Electrical Engineering, Chengdu University of Technology, Chengdu, China","2022 2nd International Conference on Frontiers of Electronics, Information and Computation Technologies (ICFEICT)",28 Nov 2022,,,316,321,"The secondary injury caused by falls poses a serious threat to the physical and mental health of the elderly. Millimeter-wave radar has the characteristics of all-weather, unaffected by light, privacy-friendly, and strong penetration. It has the ability to compete with wearable sensors and video monitoring systems. With its excellent performance, it has become a fall detection method that has attracted much attention. In this paper, we propose a novel human fall detection method for millimeter wave radar based on histogram of oriented gradient (HOG) features and machine learning. The manual extracted HOG features of time-range maps, time-velocity maps and time-angle maps are used as the input of support vector machine (SVM) classifier. We separately verify the accuracy of the SVM classifier with single HOG feature and multiple HOG features. Our experiments proved that the accuracy of fall detection can reach 95% by using the HOG features of three maps as the input of the SVM classifier, which is at least 12.5% higher than that of single map.",,978-1-6654-5476-6,National Natural Science Foundation of China(grant numbers:61871080); ,https://ieeexplore.ieee.org/stamp/stamp.jsp?arnumber=9951574,"['Support vector machines', 'Machine learning algorithms', 'Image edge detection', 'Statistical learning', 'Radar detection', 'Millimeter wave radar', 'Feature extraction']",,4.0,,17.0,IEEE,28 Nov 2022,19-21 Aug. 2022,19-21 Aug. 2022,IEEE,IEEE Conferences,
,,2024,,,,,,,10.1109/icc51166.2024.10622434,,,,,,"['Fall Detection', '3D-LiDAR', 'Transfer Learning', 'Dynamic Non-linear Mapping', 'Pose Estimation', 'Privacy', 'Accuracy', 'Transfer learning', 'Sociology', 'Pose estimation', 'Skeleton', 'Older adults']",X. Meng; M. Bouazizi; T. Ohtsuki,,,,,,,IEEE,3D-LiDAR-Based Fall Detection by Dynamic Non-Linear Mapping with LSTM,"Graduate School of Science and Technology, Keio University, Yokohama, Japan; Faculty of Science and Technology, Keio University, Yokohama, Japan; Faculty of Science and Technology, Keio University, Yokohama, Japan",ICC 2024 - IEEE International Conference on Communications,20 Aug 2024,,,818,823,"With the aging of the population, the health of the elderly people has become a concern for many families. Monitoring of elderly people and the detection of their activities have become hot research topics. Several approaches have been proposed in the literature to detect such activity (e.g., falls), but their reliance on RGB cameras poses a serious threat to the privacy of the elderly. Therefore, Light Detection and Ranging (LiDAR) has attracted the attention of researchers. In this paper, we propose a novel method for fall detection using transfer learning and dynamic non-linear mapping to extract the human skeletons from depth images and implement a fall detection method using a Long Short-Term Memory (LSTM) neural network. We collected RGB images and depth images using 3D-LiDAR. The RGB images are used as a ground-truth for annotation and evaluation, whereas depth images are used as input to our proposed method. For fall detection, we achieved 98.5% accuracy, 97.0% precision, 100% recall, and 98.5% F1 score.",1938-1883,978-1-7281-9054-9,,https://ieeexplore.ieee.org/stamp/stamp.jsp?arnumber=10622434,"['Privacy', 'Accuracy', 'Transfer learning', 'Sociology', 'Pose estimation', 'Skeleton', 'Older adults']",,2.0,,17.0,IEEE,20 Aug 2024,9-13 June 2024,9-13 June 2024,IEEE,IEEE Conferences,
,,2025,,,,,,,10.1109/icetea64585.2025.11099926,,,,,,"['Fall Detection', 'Machine Learning', 'IoT', 'Gait Analysis', 'Smart Healthcare', 'Deep learning', 'Accuracy', 'Prevention and mitigation', 'Scalability', 'Image edge detection', 'Medical services', 'Internet of Things', 'Time factors', 'Fall detection', 'Wearable sensors']",A. J; V. A,,,,,,,IEEE,Recent Advances in Fall Detection and Prevention Using Machine Learning and IoT: A Comprehensive Review,"Department of Information Technology, Sona College of Technology, Salem, Tamilnadu, India; Department of Information Technology, Sona College of Technology, Salem, Tamilnadu, India",2025 International Conference on Emerging Technologies in Engineering Applications (ICETEA),11 Aug 2025,,,1,5,"Traditional falls among elderly adults generate major health problems which result in severe injuries as well as independence loss while driving up healthcare expenses. Threshold-based sensor systems used traditionally exhibit insufficient accuracy together with slow response times which explain their inability to help during important scenarios. The use of machine learning (ML) and Internet of Things (IoT) technology to enable sophisticated proactive monitoring, realtime data analysis, and personalized intervention systems has resulted in significant advancements in fall detection and prevention. A synthesis of ML and IoT progress for fall detection analyzes ten core studies which appeared from 2018 to 2023. Because they provide noticeably higher detection accuracy, deep learning models—in particular, Convolutional neural networks (CNNs) and Recurrent neural networks (RNNs)—progressively gain traction. Because edge computing and wearable sensors, such as smart watches and inertial measurement units (IMUs), can guarantee low-latency processing, their application has grown widespread. The detection system faces ongoing obstacles since it requires solutions to address privacy concerns and scalability problems and require customized detection protocols. Future study directions on fall detection and prevention systems require solutions around multimodal sensor fusion and edge-ML deployment and user-specific modeling for optimal performance.",,979-8-3315-1485-3,,https://ieeexplore.ieee.org/stamp/stamp.jsp?arnumber=11099926,"['Deep learning', 'Accuracy', 'Prevention and mitigation', 'Scalability', 'Image edge detection', 'Medical services', 'Internet of Things', 'Time factors', 'Fall detection', 'Wearable sensors']",,1.0,,16.0,IEEE,11 Aug 2025,5-6 June 2025,5-6 June 2025,IEEE,IEEE Conferences,
,,2025,,,,,,,10.1109/icecie66637.2025.11363794,,,,,,"['Internet of Things (IoT)', 'Computer Vision', 'Artificial Intelligence (AI)', 'YOLOv8', 'MediaPipe', 'Telegram Bot', 'Real-time Fall Detection', 'YOLO', 'Accuracy', 'Chatbots', 'Real-time systems', 'Safety', 'Internet of Things', 'Time factors', 'Older adults', 'Fall detection', 'Injuries']",T. Tongsrihon; C. Sattayasansakul; A. Songwattana; P. Suesaowaluk,,,,,,,IEEE,CareVision: Real-Time Fall Detection for Elderly Care,"Department of Computer Science, College of Digital Innovation Technology, Rangsit University, Pathumthani, Thailand; Department of Computer Science, College of Digital Innovation Technology, Rangsit University, Pathumthani, Thailand; Department of Computer Science, College of Digital Innovation Technology, Rangsit University, Pathumthani, Thailand; Department of Computer Science, College of Digital Innovation Technology, Rangsit University, Pathumthani, Thailand","2025 7th International Conference on Electrical, Control and Instrumentation Engineering (ICECIE)",3 Feb 2026,,,1,4,"Falls are a major cause of injuries, increased mortality rates, and reduced quality of life among the elderly, especially those living alone who may not receive timely assistance. This study aims to develop a fall detection system integrating Internet of Things (IoT) and Computer Vision technologies to enhance safety and mitigate fall-related risks. The system operates with smart cameras and IoT devices, utilizing AI-powered image processing techniques, including MediaPipe and You Only Look Once version 8 (YOLOv8), for real-time fall detection. When a fall is detected, the system records the incident images directly onto the device’s local storage, ensuring data privacy and fast access. It then sends an alert via Telegram Bot to caregivers, ensuring rapid and timely intervention. The empirical test demonstrated high accuracy in fall detection using MediaPipe and YOLOv8, minimizing false positives and negatives through confidence thresholding and post-processing, thereby improving reliability and reducing unnecessary alerts. Real-time alerts via Telegram Bot enable prompt caregiver intervention, improving response times. The outcomes result in a secure, reduced risk of injury situation, and allow elderly individuals to live with more faith in their health and a good quality of life.",2832-9848,979-8-3315-9759-7,,https://ieeexplore.ieee.org/stamp/stamp.jsp?arnumber=11363794,"['YOLO', 'Accuracy', 'Chatbots', 'Real-time systems', 'Safety', 'Internet of Things', 'Time factors', 'Older adults', 'Fall detection', 'Injuries']",,,,14.0,IEEE,3 Feb 2026,22-23 Nov. 2025,22-23 Nov. 2025,IEEE,IEEE Conferences,
,,2025,,,,,,,10.1109/icct67417.2025.11374211,,,,,,"['Fall Detection', 'mmWave Radar', 'Target Detection', 'Bathroom', 'Point cloud compression', 'Wireless sensor networks', 'Filters', 'Clustering algorithms', 'Radar detection', 'Interference', 'Millimeter wave radar', 'Fall detection', 'Millimeter wave communication', 'Biomedical monitoring']",Y. Zhao; Q. Hu; D. Miao; P. Huang; Z. Shi; Y. Wang,,,,,,,IEEE,Fall Detection in Bathroom: A Millimeter-Wave Radar and Multi-Dimensional Clustering Approach,"College of Information Science and Electronic Engineering, Zhejiang University, Hangzhou, China; College of Information Science and Electronic Engineering, Zhejiang University, Hangzhou, China; College of Information Science and Electronic Engineering, Zhejiang University, Hangzhou, China; College of Information Science and Electronic Engineering, Zhejiang University, Hangzhou, China; College of Information Science and Electronic Engineering, Zhejiang University, Hangzhou, China; College of Information Science and Electronic Engineering, Zhejiang University, Hangzhou, China",2025 IEEE 25th International Conference on Communication Technology (ICCT),24 Feb 2026,,,1731,1735,"Wireless sensing technologies leverage radio frequency, microwave, and infrared signals to unobtrusively detect and monitor environmental conditions. In particular, bathrooms, which are confined spaces with high humidity, are high-risk environments for elderly individuals prone to falls. Millimeter-wave radar-based fall detection systems offer significant advantages in such settings, providing robust privacy protection, reliable performance, and high accuracy. However, in shower scenarios, water flow disrupts radar signals, generating point clouds with non-human artifacts that complicate human activity detection. To address this, we propose a point cloud clustering algorithm leveraging multi-dimensional velocity and spatial features. The algorithm segments the point cloud into clusters based on spatial distribution. Subsequently, by analyzing velocity differences between the clusters, the algorithm identifies and filters out the cluster with a higher descent speed as the interference source. This approach enables precise detection of falls, including soft falls caused by sudden medical events, which are rarely addressed in prior literature. Falls are identified by tracking temporal changes in the height of the remaining cluster, which represents human movement. Using this method, we develop a low-complexity, training-free bathroom fall detection system, achieving a fall detection recall rate of 97.5%.",2576-7828,979-8-3315-8578-5,,https://ieeexplore.ieee.org/stamp/stamp.jsp?arnumber=11374211,"['Point cloud compression', 'Wireless sensor networks', 'Filters', 'Clustering algorithms', 'Radar detection', 'Interference', 'Millimeter wave radar', 'Fall detection', 'Millimeter wave communication', 'Biomedical monitoring']",,,,16.0,IEEE,24 Feb 2026,16-18 Oct. 2025,16-18 Oct. 2025,IEEE,IEEE Conferences,
,,2023,,,,,,,10.1109/usnc-ursi52151.2023.10238313,,,,,,"['Deep learning', 'Training', 'UHF measurements', 'Tagging', 'Feature extraction', 'Received signal strength indicator', 'Security']",M. Z. Khan; A. Qayyum; K. Arshad; K. Assaleh; H. Abbas; M. A. Imran; Q. H. Abbasi,,,,,,,IEEE,Contactless Fall Detection Using RFID Wall and AI,"James Watt School of Engineering, University of Glasgow, Glasgow, UK; James Watt School of Engineering, University of Glasgow, Glasgow, UK; Department of Electrical and Computer Engineering, College of Engineering and IT, Ajman University, UAE; Department of Electrical and Computer Engineering, College of Engineering and IT, Ajman University, UAE; James Watt School of Engineering, University of Glasgow, Glasgow, UK; James Watt School of Engineering, University of Glasgow, Glasgow, UK; James Watt School of Engineering, University of Glasgow, Glasgow, UK",2023 IEEE International Symposium on Antennas and Propagation and USNC-URSI Radio Science Meeting (USNC-URSI),7 Sep 2023,,,1491,1492,"Fall detection (FD) in elderly people is crucial for preventing serious injuries that could lead to prolonged dependence and even death in severe cases. The world health organization reports that 50% of elderly people fall annually, underscoring the need for early FD to prevent hospitalized or dying in accidents. Contactless FD systems have developed as a viable alternative to wearable sensor-based systems for detecting falls amid concern to security and privacy. This paper proposes a contactless FD system that leverages a passive UHF RFID tag array to measure the received signal strength indicator (RSSI) and utilizes deep learning (DL) to accurately predict fall activity by observing RSSI fluctuations. The system can effectively differentiate between standing and falling activities by training the DL-based classifiers on features extracted from raw data. Our proposed contactless system is capable of detecting indoor falling activity with an accuracy of 95%, which demonstrates the efficacy of the approach.",1947-1491,978-1-6654-4228-2,,https://ieeexplore.ieee.org/stamp/stamp.jsp?arnumber=10238313,"['Deep learning', 'Training', 'UHF measurements', 'Tagging', 'Feature extraction', 'Received signal strength indicator', 'Security']",,5.0,,8.0,IEEE,7 Sep 2023,23-28 July 2023,23-28 July 2023,IEEE,IEEE Conferences,
,,2022,,,,,,,10.1109/csrswtc56224.2022.10098357,,,,,,"['Wireless communication', 'Privacy', 'Radar detection', 'Smart homes', 'Millimeter wave radar', 'Traffic control', 'Robustness']",R. Ma; X. -Y. Zhang,,,,,,,IEEE,Indoor Human Activity and Vital Sign Monitoring Based on Millimeter Wave Radar,"South China University of Technology, Guangzhou, China; South China University of Technology, Guangzhou, China",2022 Cross Strait Radio Science & Wireless Technology Conference (CSRSWTC),17 Apr 2023,,,1,1,"Millimeter wave radars have been widely used in many military and civil applications. For example, they are used in missile fire-control systems, autonomous driving of cars and robots, traffic control, altimeter of unmanned aerial vehicles, airport security, and smart home among others. In these applications, it is generally appreciated that millimeter wave radars have the benefits of high-precision, high robustness again light and element changing, protection of privacy, light weight and low cost. As a result, millimeter wave radars have drawn more and more attentions in indoor human monitoring, such as positioning, activity monitoring, hand-gesture recognition, and fall detection mostly in the daytime, and breath and heart-beat monitoring mostly at night.",2377-8512,978-1-6654-6096-5,,https://ieeexplore.ieee.org/stamp/stamp.jsp?arnumber=10098357,"['Wireless communication', 'Privacy', 'Radar detection', 'Smart homes', 'Millimeter wave radar', 'Traffic control', 'Robustness']",,,,0.0,IEEE,17 Apr 2023,17-18 Dec. 2022,17-18 Dec. 2022,IEEE,IEEE Conferences,
,,2023,,,,,,,10.1109/icscss57650.2023.10169322,,,,,,"['Arduino', 'wheelchair', 'fall detection', 'accelerometer', 'GSM (Global System for Mobile Communication)', 'GPS (Global Positioning System) module', 'GSM', 'Accelerometers', 'Wheelchairs', 'Prototypes', 'Real-time systems', 'Security', 'Reliability']",C. V. S. Revanth; B. Alekhya; M. H. Abbas,,,,,,,IEEE,Arduino based Wheelchair Fall Detection System using GPS and GSM Module,"Dept of Electronics and communication Engineering, VR Siddhartha Engineering College (Affiliated to JNTUK), Vijayawada, India; Dept of Electronics and communication Engineering, VR Siddhartha Engineering College (Affiliated to JNTUK), Vijayawada, India; Dept of Electronics and communication Engineering, VR Siddhartha Engineering College (Affiliated to JNTUK), Vijayawada, India",2023 International Conference on Sustainable Computing and Smart Systems (ICSCSS),7 Jul 2023,,,1022,1026,"Wheelchairs are essential for people with physical disabilities, the elderly, and those who are temporarily incapacitated due to illness or accidents. However, traditional wheelchairs require personal effort or assistance from others. With the advancement of technology, patient support and monitoring systems have become more user-friendly and easier to use. This study involves the development of a wheelchair prototype and a fall detection system using Arduino. The prototype and system can be monitored by an overseer or concerned individual. The fall detection system consists of an accelerometer, GSM module, and GPS module. In the event of a fall, the system triggers an emergency buzzer alert and sends a notification to the concerned person along with the location. This innovative system is designed to improve patient safety and security by providing real-time monitoring of wheelchair users. With the use of Arduino, the system is easy to operate and can be customized to meet specific patient needs. The combination of the accelerometer, GSM, and GPS modules provides a reliable and effective fall detection solution. Overall, this study offers a promising solution to improve the quality of life for wheelchair users and their caregivers.",,979-8-3503-3360-2,,https://ieeexplore.ieee.org/stamp/stamp.jsp?arnumber=10169322,"['GSM', 'Accelerometers', 'Wheelchairs', 'Prototypes', 'Real-time systems', 'Security', 'Reliability']",,6.0,,15.0,IEEE,7 Jul 2023,14-16 June 2023,14-16 June 2023,IEEE,IEEE Conferences,
,,2022,,,,,,,10.1109/aicit55386.2022.9930275,,,,,,"['fall detection', 'NB-IoT', 'STM32', 'MPU6050', 'OneNET', 'Wireless communication', 'Cloud computing', 'Wireless sensor networks', 'Wearable computers', 'Software', 'Safety', 'Older adults']",X. Fan; Z. Li; L. Zhang,,,,,,,IEEE,Design and Implementation of Fall Detection Equipment for the Elderly Based on NB-IoT,"School of Electrical and Information Engineering, Wuhan Institute of Technology, Wuhan, China; School of Electrical and Information Engineering, Wuhan Institute of Technology, Wuhan, China; School of Electrical and Information Engineering, Wuhan Institute of Technology, Wuhan, China",2022 International Conference on Artificial Intelligence and Computer Information Technology (AICIT),1 Nov 2022,,,1,5,"In today’s society, the phenomenon of elderly people getting lost and accidentally falling often occurs, and the death caused by falling without timely assistance has become a public concern. In order to solve this problem, a low-power fall detection wearable device for the elderly based on Narrowband Internet of Things (NB-IoT) technology is designed and developed. The device uses STM32 MCU as the control core, and collects position information and motion status through ATK1218-BD positioning module and MPU6050 acceleration sensor respectively. When an elderly person falls, the device will immediately upload the fall alarm signal and location information to the OneNET cloud platform through the M5310A 4G wireless transmission module. The cloud platform can notify the elderly’s family by SMS through the mobile phone APP, so that the family can provide timely assistance to the elderly. Compared with traditional fall detection devices, the device is not only much smaller in size and power consumption, but also can achieve richer functions such as remote positioning and tracking, fall detection, and one-touch call for help. The experimental results prove that this device provides more reliable security for the health monitoring of the elderly.",,978-1-6654-5087-4,,https://ieeexplore.ieee.org/stamp/stamp.jsp?arnumber=9930275,"['Wireless communication', 'Cloud computing', 'Wireless sensor networks', 'Wearable computers', 'Software', 'Safety', 'Older adults']",,4.0,,12.0,IEEE,1 Nov 2022,16-18 Sept. 2022,16-18 Sept. 2022,IEEE,IEEE Conferences,
,,2023,,,,,,,10.1109/tii.2022.3221208,,,,,,"['Graph convolutional network', 'human joints', 'joint adjacency', 'spatiotemporal modeling', '2-D human skeleton', 'Skeleton', 'Feature extraction', 'Joints', 'Fall detection', 'Privacy', 'Monitoring', 'Informatics']",S. Zahan; G. M. Hassan; A. Mian,,,,,,,IEEE,SDFA: Structure-Aware Discriminative Feature Aggregation for Efficient Human Fall Detection in Video,"Department of Computer Science and Software Engineering, The University of Western Australia, Crawley, WA, Australia; Department of Computer Science and Software Engineering, The University of Western Australia, Crawley, WA, Australia; Department of Computer Science and Software Engineering, The University of Western Australia, Crawley, WA, Australia",IEEE Transactions on Industrial Informatics,13 Jul 2023,19,8.0,8713,8721,"Older people are susceptible to fall due to instability in posture and deteriorating health. Immediate access to medical support can greatly reduce repercussions. Hence, there is an increasing interest in automated fall detection, often incorporated into a smart health-care system to provide better monitoring. Existing systems focus on wearable devices that are inconvenient or video monitoring that has privacy concerns. Moreover, these systems provide a limited perspective of their generalization ability as they are tested on datasets containing few activities that have wide disparity in the action space and are easy to differentiate. Complex daily life scenarios pose much greater challenges with activities that overlap in action spaces due to similar posture or motion. To overcome these limitations, we propose a fall detection model, called structure-aware discriminative feature aggregation, based on human skeletons extracted from low-resolution videos. The use of skeleton data ensures privacy and low-resolution videos ensures low hardware and computational cost. Our model captures discriminative structural displacements and motion trends using unified joint and motion features projected onto a shared high-dimensional space. Particularly, the use of separable convolution combined with a powerful graph convolutional network architecture provides improved performance. Extensive experiments on five large-scale datasets with a wide range of evaluation settings show that our model achieves competitive performance with extremely low computational complexity and runs faster than existing models.",1941-0050,,Australian Research Council(grant numbers:DP190102443); University Postgraduate Award; Australian Research Council Future Fellowship Award(grant numbers:FT210100268); Australian Government; ,https://ieeexplore.ieee.org/stamp/stamp.jsp?arnumber=9944919,"['Skeleton', 'Feature extraction', 'Joints', 'Fall detection', 'Privacy', 'Monitoring', 'Informatics']",,18.0,,30.0,IEEE,10 Nov 2022,Aug. 2023,,IEEE,IEEE Journals,
,,2024,,,,,,,10.1109/access.2024.3401651,,,,,,"['Fall detection', 'older people', 'finite state machines', 'LIDAR technology', 'Fall detection', 'Laser radar', 'Sensors', 'Older adults', 'Classification algorithms', 'Thermal sensors', 'Sensor systems', 'Automata']",M. Piñeiro; D. Araya; D. Ruete; C. Taramasco,,,,,,,IEEE,Low-Cost LIDAR-Based Monitoring System for Fall Detection,"Instituto de Tecnología e Innovación para la Salud y Bienestar Facultad de Ingeniería, Universidad Andrés Bello, Viña del Mar, Chile; Instituto de Tecnología e Innovación para la Salud y Bienestar Facultad de Ingeniería, Universidad Andrés Bello, Viña del Mar, Chile; Instituto de Tecnología e Innovación para la Salud y Bienestar Facultad de Ingeniería, Universidad Andrés Bello, Viña del Mar, Chile; Instituto de Tecnología e Innovación para la Salud y Bienestar Facultad de Ingeniería, Universidad Andrés Bello, Viña del Mar, Chile",IEEE Access,27 May 2024,12,,72051,72061,"Every year, over 30% of individuals aged 65 and above experience fall, leading to potential physical and psychological harm. This is particularly concerning for those who live independently and lack immediate assistance. To address this issue, numerous studies in the field have focused on early fall detection of the elderly, employing diverse sensors and algorithms. In this paper, we present a low-cost fall detection system based on Laser Imaging, Detection And Ranging (LIDAR) technology, specifically designed for older individuals residing alone, monitoring daily routines without disruption and without camera, to respect user privacy, as these are essential factors for user acceptance and overall effectiveness. The system’s significance lies in its capacity to function with minimal computational resources and its high level of interpretability. This is due to our solution being based on Finite State Machines (FSM), which contain clear rules, distinguishing between different states such as no human presence, human presence, and a fall, offering a more transparent and interpretable detection process. These characteristics contrast with traditional methods such as Support Vector Machine (SVM) and Artificial Neural Network (ANN), which are more computationally expensive and operate as black boxes. This approach combines simplicity, low computational load, privacy preservation, low cost, interpretability, and high accuracy. It represents an advancement in enhancing the care and safety of older adults living independently.",2169-3536,,"FONDECYT Regular Project “Multimodal Machine Learning Approach for Detecting Pathological Activity Patterns in Elderlies”(grant numbers:1201787); FOVI220145 Project “International Collaboration Program for Research and Development of Intelligent Environments,”; STIC-AmSud(grant numbers:230045); ",https://ieeexplore.ieee.org/stamp/stamp.jsp?arnumber=10531190,"['Fall detection', 'Laser radar', 'Sensors', 'Older adults', 'Classification algorithms', 'Thermal sensors', 'Sensor systems', 'Automata']",,9.0,,49.0,CCBYNCND,15 May 2024,2024,,IEEE,IEEE Journals,
,,2024,,,,,,,10.1109/access.2024.3457571,,,,,,"['Fall detection', 'transformer-based classification', 'ultra-wideband (UWB)', 'human activity recognition', 'Human activity recognition', 'Ultra wideband radar', 'Radar', 'Accuracy', 'Safety', 'Privacy', 'Fall detection', 'Classification algorithms']",K. Thipprachak; P. Tangamchit; S. Lerspalungsanti,,,,,,,IEEE,Privacy-Preserving Fall Detection Using an Ultra-Wideband Sensor With Continuous Human State Classification,"Department of Control Systems and Instrumentation Engineering, King Mongkut’s University of Technology Thonburi, Bangkok, Thailand; Department of Control Systems and Instrumentation Engineering, King Mongkut’s University of Technology Thonburi, Bangkok, Thailand; National Metal and Materials Technology Center, National Science and Technology Development Agency, Khlong Nueng, Pathum Thani, Thailand",IEEE Access,23 Sep 2024,12,,129103,129119,"Detecting falls in elderly individuals is crucial for their safety and well-being, especially in high-risk areas such as bathrooms. To enhance human activity recognition (HAR) while ensuring user privacy, we developed an advanced fall detection system using ultra-wideband (UWB) radar technology. The UWB radar transmits high-frequency pulse signals that are used to reflect human activities without compromising user privacy. Our innovative continuous human state classification approach analyzes the sequences of the activities identified using a single-shot recognition algorithm. This method interprets these activities as cohesive events, leveraging the preceding activities to predict and identify falls. Our algorithm meticulously organized these activities into a comprehensive chronicle of human behavior, significantly enhancing the model’s ability to accurately identify falls. The historical context provided by this chronicle boosted the model’s performance. Our research revealed that the continuous human state classification model increased the accuracy by 26 % compared with that of the single-shot approach. Furthermore, we incorporated a novel transformer-based model that surpasses previous methods employing convolutional neural networks (CNN) and long short-term memory (LSTM) models. This study provides an exhaustive account of the design, implementation, and evaluation of our approach, demonstrating its effectiveness through real-world testing. Our findings highlight the superior accuracy and reliability of the continuous human state classification model for fall detection, thereby setting a new standard in elderly care technology.",2169-3536,,"National Science and Technology Department Agency (NSTDA), Junior Science Talent Project(grant numbers:SCA-CO-2563-11901-TH); ",https://ieeexplore.ieee.org/stamp/stamp.jsp?arnumber=10670471,"['Human activity recognition', 'Ultra wideband radar', 'Radar', 'Accuracy', 'Safety', 'Privacy', 'Fall detection', 'Classification algorithms']",,3.0,,39.0,CCBYNCND,10 Sep 2024,2024,,IEEE,IEEE Journals,
,,2025,,,,,,,10.1109/icsses64899.2025.11010062,,,,,,"['Fall detection', 'pose estimation', 'depth camera', 'Intel RealSense D455', 'MediaPipe', 'elderly care', 'point of equilibrium', 'center of gravity', 'non-intrusive monitoring', 'real-time detection', 'Privacy', 'Pose estimation', 'Cameras', 'Real-time systems', 'Fall detection', 'Older adults', 'Wearable devices', 'Usability', 'Wearable sensors', 'Gravity']",N. N. P. B; V. K; M. P,,,,,,,IEEE,Fall Detection for Elderly People Using RealSense Depth Camera,"dept. of CCE, Amrita Vishwa Vidyapeetham, Chennai, India; dept. of CCE, Amrita Vishwa Vidyapeetham, Chennai, India; dept. of CCE, Amrita Vishwa Vidyapeetham, Chennai, India",2025 3rd International Conference on Smart Systems for applications in Electrical Sciences (ICSSES),2 Jun 2025,,,1,6,"This paper presents a novel and efficient fall detection system designed for real-time monitoring of elderly individuals using an Intel RealSense D455 depth camera integrated with MediaPipe Pose estimation. The proposed method leverages a bounding box-based technique that analyzes feet positions and computes the center of gravity (CoG) from skeletal data to assess posture stability. By relying exclusively on depth sensor-derived skeletal information, the system ensures user privacy by avoiding intrusive video analysis. Quantitative evaluation on recorded video frames yielded a detection accuracy of 90-92% and a latency ranging from 33 to 300 milliseconds, thereby ensuring prompt alerts during potential fall events. Extensive testing demonstrated the system's ability to accurately classify various postures, including sitting, standing, and falls in multiple directions, with the CoG displacement exceeding a critical 50-pixel threshold for fall detection. A comparative analysis with existing wearable sensorbased, machine learning-based, and action recognition approaches revealed that the proposed method offers a compelling balance between efficiency, computational cost, and privacy protection. Moreover, the system maintained robust performance under diverse lighting conditions, affirming its applicability in real-world scenarios such as nursing homes, assisted living facilities, and home care environments. Future work will focus on integrating wearable sensors for cross-verification, implementing adaptive thresholding based on real-time data, and extending the system to predict instability for proactive intervention. These enhancements are expected to further improve detection reliability and broaden the scope of application for vulnerable populations, ultimately contributing to enhanced elderly safety and improved quality of life. Overall, it enhances safety.",,979-8-3315-0767-1,,https://ieeexplore.ieee.org/stamp/stamp.jsp?arnumber=11010062,"['Privacy', 'Pose estimation', 'Cameras', 'Real-time systems', 'Fall detection', 'Older adults', 'Wearable devices', 'Usability', 'Wearable sensors', 'Gravity']",,1.0,,13.0,IEEE,2 Jun 2025,21-22 March 2025,21-22 March 2025,IEEE,IEEE Conferences,
,,2025,,,,,,,10.1109/avss65446.2025.11149756,,,,,,"['Point cloud compression', 'Training', 'Privacy', 'Accuracy', 'Radar detection', 'Radar', 'Real-time systems', 'Fall detection', 'Long short term memory', 'Tuning']",Istiqomah; K. Afifah; F. Y. Suratman,,,,,,,IEEE,Comparing LSTM and GRU for Fall Detection in FMCW Radar-Based Point Cloud Data,"School of Electrical Engineering, Telkom University The University Center of Excellence Intelligent Sensing-IoT, Telkom University, Bandung, Indonesia; School of Electrical Engineering, Telkom University The University Center of Excellence Intelligent Sensing-IoT, Telkom University, Bandung, Indonesia; School of Electrical Engineering, Telkom University The University Center of Excellence Intelligent Sensing-IoT, Telkom University, Bandung, Indonesia",2025 IEEE International Conference on Advanced Visual and Signal-Based Systems (AVSS),9 Sep 2025,,,1,6,"In safety monitoring systems, automatic fall detection is a major problem, particularly for high-risk and elderly people. There are often issues with camera-based techniques, such as privacy issues and lighting disturbances, which call for more reliable alternatives. This study proposes using Frequency-Modulated Continuous Wave (FMCW) radar as a non-visual sensor to detect human activity through point cloud data representing XYZ position, velocity, and acceleration in time-series form. The method used is Recurrent Neural Network (RNN), specifically Long Short-Term Memory (LSTM) and Gated Recurrent Unit (GRU), with a focus on tuning parameters such as the number of timesteps, memory units, activation functions, and optimizers. Experimental results show that GRU with 30 timesteps, tanh activation, and Adam optimizer produces the best performance with a training accuracy of 98.89% and a validation accuracy of 98.92%, outperforming LSTM in similar configurations. In addition, GRU shows higher recall in detecting falls, making it an efficient and accurate model choice. These findings indicate that radar point clouds can be effectively used in a precise real-time fall detection system that does not compromise user privacy.",2643-6213,979-8-3315-1480-8,,https://ieeexplore.ieee.org/stamp/stamp.jsp?arnumber=11149756,"['Point cloud compression', 'Training', 'Privacy', 'Accuracy', 'Radar detection', 'Radar', 'Real-time systems', 'Fall detection', 'Long short term memory', 'Tuning']",,,,17.0,IEEE,9 Sep 2025,11-13 Aug. 2025,11-13 Aug. 2025,IEEE,IEEE Conferences,
,,2024,,,,,,,10.1109/swc62898.2024.00053,,,,,,"['FMCW radar', 'activity recognition', 'fall detection', 'transfer learning', 'Custom CNN', 'deep learning', 'Deep learning', 'Transfer learning', 'Radar detection', 'Radar', 'Activity recognition', 'Reliability', 'Fall detection', 'Wearable devices', 'Monitoring', 'Residual neural networks']",Y. Wang; W. Brahim; J. Ma,,,,,,,IEEE,A Comparative Study of Deep Learning Models for Activity Recognition and Fall Detection Using FMCW Radar,"Graduate School of Computer and Information Sciences, Hosei University, Tokyo, Japan; Graduate School of Computer and Information Sciences, Hosei University, Tokyo, Japan; Faculty of Computer and Information Sciences, Hosei University, Tokyo, Japan",2024 IEEE Smart World Congress (SWC),24 Mar 2025,,,136,140,"Activity recognition and fall detection play a pivotal role in ensuring the health and safety of elderly individuals and patients. Traditional monitoring methods, such as wearable devices and camera-based systems, present inherent drawbacks, including user discomfort and privacy concerns. In contrast, Frequency-Modulated Continuous Wave (FMCW) radar offers a non-intrusive and privacy-preserving solution for human activity monitoring. This paper proposes a deep learning-based framework for activity recognition (including fall detection) utilizing FMCW radar data. Data were collected using the Texas Instruments IWR6843AoP radar sensor, and the performance of six different models—VGG16, ResNet50, MobileNetV2, Efficient-NetB0, DenseNet121, and a custom CNN—was evaluated. Experimental results indicate that the proposed approach achieves high accuracy in distinguishing between various activities. Notably, the ResNet50 model outperformed the others, particularly in subject-independent validation settings. These findings highlight the potential of radar-based contactless methods for reliable and efficient activity monitoring.",2993-396X,979-8-3315-2086-1,,https://ieeexplore.ieee.org/stamp/stamp.jsp?arnumber=10925156,"['Deep learning', 'Transfer learning', 'Radar detection', 'Radar', 'Activity recognition', 'Reliability', 'Fall detection', 'Wearable devices', 'Monitoring', 'Residual neural networks']",,,,16.0,IEEE,24 Mar 2025,2-7 Dec. 2024,2-7 Dec. 2024,IEEE,IEEE Conferences,
,,2025,,,,,,,10.1109/ciacon65473.2025.11189745,,,,,,"['Pose estimation', 'Internet of things (IoT)', 'Floor vibration', 'Multi-sensor data fusion', 'Machine Learning (ML)', 'Cloud Computing', 'Vibrations', 'Privacy', 'Cloud computing', 'Machine learning algorithms', 'Accuracy', 'Detectors', 'Internet of Things', 'Older adults', 'Fall detection', 'Floors']",A. Chakraborty; S. Ekka; S. Nandy; S. R. K. Vadali; S. Aruchamy,,,,,,,IEEE,Smart Fall Detection for Elderly with IoT-Based Ground Vibration Signal Fusion,"Academy of Scientific and Innovative Research (AcSIR), Ghaziabad, India; Dept. of Computer Science & Engineering, IIIT, Ranchi; URASG CSIR-CMERI, Durgapur; URASG CSIR-CMERI, Durgapur; URASG CSIR-CMERI, Durgapur","2025 International Conference on Computing, Intelligence, and Application (CIACON)",9 Oct 2025,,,1,6,"Ageing makes an elderly person vulnerable from loss of control as well as occasional to frequent loss of consciousness; as a result, detection of the fall of an elderly person received considerable attention. Fast detection of the fall and prompt notification can increase the probability of survive at a significant rate. It is observed that while existing vision surveillance solutions hinder the privacy of a person, wearable devices are body worn 24X7. In this paper, an IoT enabled sensor fusion scheme is proposed for elderly fall detection in an indoor environment. An important advantage of the proposed idea is that the privacy of the person is ensured intact. In the proposed approach, an energy detector comparing background and foreground ground vibration is deployed to continuously detect a footfall. When a footfall is detected by the ground vibration sensing module, a camera records the footage of the movement and extracts 33 landmarks each, for fall as well as other poses of a human. The landmarks are then uploaded to the cloud for estimating the actual pose of the human in the scene. Note, analysis of popular algorithms for binary classification of fall versus other poses indicated that a light gradient boosting machine learning algorithm outperforms those in comparison. Performance of the proposed approach is evaluated in a real ambience, wherein, the floor movement detector provides 96.3% accuracy with very low false alarm rate; also, the fall detection module (using the pose estimate) yields an accuracy of 99.3%.",,979-8-3315-4411-9,,https://ieeexplore.ieee.org/stamp/stamp.jsp?arnumber=11189745,"['Vibrations', 'Privacy', 'Cloud computing', 'Machine learning algorithms', 'Accuracy', 'Detectors', 'Internet of Things', 'Older adults', 'Fall detection', 'Floors']",,,,14.0,IEEE,9 Oct 2025,18-19 July 2025,18-19 July 2025,IEEE,IEEE Conferences,
,,2025,,,,,,,10.1109/ifuzzy67152.2025.11286882,,,,,,"['Fall detection', 'Millimeter-wave radar', 'Ensemble learning', 'Accuracy', 'Quantization (signal)', 'Predictive models', 'Millimeter wave radar', 'Data models', 'Hardware', 'Ensemble learning', 'Fall detection', 'Optimization', 'Long short term memory']",J. -G. Wang; C. -Y. Hsu; H. -C. Li; C. -Y. Chuang,,,,,,,IEEE,Privacy-Preserving Fall Detection Using Ensemble Learning on mmWave Radar Signals,"Department of Medical Informatics, Tzu Chi University, Hualien, Taiwan; Department of Medical Informatics, Tzu Chi University, Hualien, Taiwan; Department of Medical Informatics, Tzu Chi University, Hualien, Taiwan; Department of Medical Informatics, Tzu Chi University, Hualien, Taiwan",2025 International Conference on Fuzzy Theory and Its Applications (iFUZZY),15 Dec 2025,,,1,4,"Fall detection devices have been one of the technologies continuously developed by various parties in recent years. These systems had detected falls and notified relevant personnel through the use of camera devices. However, the deployment of camera-based solutions in private areas, such as bathrooms or bedrooms, has raised significant concerns regarding personal privacy. To address these issues, we have adopted millimeter-wave radar as the primary sensing technology. We have utilized the signals acquired from the millimeter-wave radar for fall detection applications. These signals have included three-dimensional coordinates and velocity information of detected objects. Since such data are signal-based rather than image-based, they have offered substantial protection of personal privacy. Furthermore, millimeter-wave radar has demonstrated high sensitivity to moving objects, which has significantly enhanced its capability for accurate localization of targets within an environment. This study has employed Long Short-Term Memory (LSTM), Recurrent Neural Network (RNN), and a modified Gated Recurrent Unit (GRU) to perform comparative analyses across different datasets. Hyperparameter optimization has been carried out using the Optuna framework. Subsequently, ensemble learning has been applied to further enhance the predictive performance of the models, resulting in a final accuracy of 99.40%.",2377-5831,978-1-6654-5792-7,,https://ieeexplore.ieee.org/stamp/stamp.jsp?arnumber=11286882,"['Accuracy', 'Quantization (signal)', 'Predictive models', 'Millimeter wave radar', 'Data models', 'Hardware', 'Ensemble learning', 'Fall detection', 'Optimization', 'Long short term memory']",,,,12.0,IEEE,15 Dec 2025,5-8 Nov. 2025,5-8 Nov. 2025,IEEE,IEEE Conferences,
,,2025,,,,,,,10.1109/cvidl65390.2025.11086045,,,,,,"['Fall detection', 'spatio-temporal collaborative attention', 'multimodal fusion', 'lightweight model', 'privacy preservation', 'Data privacy', 'Computational modeling', 'Collaboration', 'Computer architecture', 'Feature extraction', 'Data models', 'Real-time systems', 'Spatiotemporal phenomena', 'Fall detection', 'Optimization']",Y. Chen,,,,,,,IEEE,121Real-Time Fall Detection via Spatio-Temporal Collaborative Attention and Multimodal Feature Fusion Based on Deep Learning,"Wuhan University of Technology, Wuhan, China","2025 6th International Conference on Computer Vision, Image and Deep Learning (CVIDL)",24 Jul 2025,,,1038,1047,"Existing fall detection methods face three critical challenges in complex dynamic environments: high false alarm rates, insufficient modeling of long-duration action sequences, and privacy risks from data leakage. Traditional unimodal models struggle to capture the multi-stage causal evolution of fall motions comprehensively. To address these limitations, we propose a Spatio-Temporal Collaborative Attention Network (STCANet) that integrates bidirectional spatio-temporal attention mechanisms with optimized multimodal feature fusion, significantly enhancing detection accuracy and efficiency. The architecture employs a dual-path Transformer framework, jointly modeling spatial joint correlations and temporal causal chains through space $\rightarrow$ time and time $\rightarrow$ space pathways. Additionally, a fusion framework combining kinematic features (centroid velocity/joint angular velocity) with geometric features (silhouette deformation/aspect ratio) is designed to strengthen the model's discriminative power for fall recognition. Furthermore, a lightweight skeleton-based data anonymization model is developed to ensure privacy security while achieving synergistic optimization of both privacy and computational efficiency. Experimental results on the Human3.6M dataset demonstrate a detection precision of 94.2% and recall rate of 93.8%, with false alarms reduced by 74.7% compared to state-of-the-art methods. The model requires only 1.2M parameters and achieves real-time inference at 167 FPS.",,979-8-3315-2324-4,,https://ieeexplore.ieee.org/stamp/stamp.jsp?arnumber=11086045,"['Data privacy', 'Computational modeling', 'Collaboration', 'Computer architecture', 'Feature extraction', 'Data models', 'Real-time systems', 'Spatiotemporal phenomena', 'Fall detection', 'Optimization']",,,,13.0,IEEE,24 Jul 2025,23-25 May 2025,23-25 May 2025,IEEE,IEEE Conferences,
,,2025,,,,,,,10.1109/icetea64585.2025.11100004,,,,,,"['Recurrent Neural Networks', 'fall detection', 'machine learning', 'Wearable Sensors', 'Environmental Sensors', 'Edge Computing', 'Recurrent neural networks', 'Reviews', 'Sensor fusion', 'Transformers', 'Real-time systems', 'Fall detection', 'Wearable devices', 'Wearable sensors', 'Long short term memory', 'Edge computing']",M. E; D. P; V. A; K. K; V. I; P. R,,,,,,,IEEE,"Emerging Trends in Machine Learning-Driven Fall Detection: A Review of Deep Learning Architectures, Sensor Fusion and Edge Computing for Real-Time Applications","Department of Pharmacology, VMKVMC&H, Salem, Tamil Nadu, India; Department of Pharmacology, VMKVMC&H, Salem, Tamil Nadu, India; Department of IT, Sona College of Technology, Salem, Tamil Nadu, India; Department of AI & ML, Dr. Mahalingam College of Engineering and Technology, Pollachi, Tamil Nadu, India; Department of CSE Vel Tech Rangarajan Dr.Sagunthala, R&D Institute of Science and Technology, Chennai, Tamil Nadu, India; Department of IT, Dr. Mahalingam College of Engineering and Technology, Pollachi, Tamil Nadu, India",2025 International Conference on Emerging Technologies in Engineering Applications (ICETEA),11 Aug 2025,,,1,6,"The occurrence of falls creates danger for people who are older adults and those with limited mobility because it produces serious medical outcomes such as hospitalization with extended disabilities. The existing methods for fall detection, which include threshold-based systems and human observation, fail to deliver satisfactory results because they trigger many incorrect alarms and lack personalization capabilities. Current advances in real-time fall detection as well as prevention systems emerged through the combination of machine learning techniques with Internet of Things devices. The paper combines analysis from ten essential studies published between 2018 to 2025 which study deep learning network progress through Convolutional Neural Networks (CNNs) and Long Short-Term Memory (LSTM) and Transformer-based algorithms. The paper investigates how wearable and environmental sensors together with multimodal sensor fusion and edge computing enhance both detection accuracy along with operational effectiveness. An evaluation of present techniques demonstrates their operational potential together with defined weaknesses and implementation capabilities in real-world scenarios. This review examines crucial issues surrounding privacy in addition to identifying performance and adaptability challenges that affect different population groups. Future studies should create individualized models and should focus on real-time edge processing and establish more secure protection systems for data security.",,979-8-3315-1485-3,,https://ieeexplore.ieee.org/stamp/stamp.jsp?arnumber=11100004,"['Recurrent neural networks', 'Reviews', 'Sensor fusion', 'Transformers', 'Real-time systems', 'Fall detection', 'Wearable devices', 'Wearable sensors', 'Long short term memory', 'Edge computing']",,1.0,,16.0,IEEE,11 Aug 2025,5-6 June 2025,5-6 June 2025,IEEE,IEEE Conferences,
,,2023,,,,,,,10.1109/thms.2022.3203021,,,,,,"['Activities of daily living (ADL) recognition', 'anomaly detection', 'fall detection', 'human-in-the-loop', 'machine learning', 'optical flow', 'privacy-preserving approach', 'thermal sensor array (TSA)', 'Fall detection', 'Sensors', 'Temperature sensors', 'Human in the loop', 'Older adults', 'Histograms', 'Feature extraction']",A. Naser; A. Lotfi; M. D. Mwanje; J. Zhong,,,,,,,IEEE,"Privacy-Preserving, Thermal Vision With Human in the Loop Fall Detection Alert System","Department of Computer Science, Nottingham Trent University, Nottingham, U.K.; Computational Intelligence and Applications Research Group, Nottingham Trent University, Nottingham, U.K.; Department of Computer Science, Nottingham Trent University, Nottingham, U.K.; The Hong Kong Polytechnic University, Hong Kong",IEEE Transactions on Human-Machine Systems,13 Jan 2023,53,1.0,164,175,"To support the independent living of older adults in their own homes, it is essential to identify their abnormal behaviors before triggering an automated alert system. Existing normal vision sensing approaches to detect human falls in the activities of daily living (ADL) experienced acceptability issues due to outstanding privacy concerns when they are deployed in personal environments. Besides, false alerts (false-positive) fall detection has not been addressed thoroughly in systems that report abnormal human behaviors as emergency alerts to the information support. This article proposes a novel human-in-the-loop fall detection approach in the ADLs using a low-resolution thermal sensor array. The motivation for enabling a human interactive model, fall detection confirmation, is to influence resource efficiency by reducing false-positive alerts while keeping the false-negative fall predictions as low as possible. The proposed approach is based on the motion sequence classification of human movements using a recurrent neural network. The proposed approach is evaluated with comprehensive experiments using different learning techniques, users, and domestic environment conditions. This article shows a performance accuracy of 99.7% to detect human falls from various typical ADLs.",2168-2305,,Nottingham Trent University; ,https://ieeexplore.ieee.org/stamp/stamp.jsp?arnumber=9882393,"['Fall detection', 'Sensors', 'Temperature sensors', 'Human in the loop', 'Older adults', 'Histograms', 'Feature extraction']",,18.0,,43.0,IEEE,9 Sep 2022,Feb. 2023,,IEEE,IEEE Journals,
,,2024,,,,,,,10.1109/jiot.2023.3301887,,,,,,"['Contactless', 'fall detection', 'frequency-modulated continuous wave (FMCW) radar', 'unsupervised deep learning', 'Radar', 'Feature extraction', 'Fall detection', 'Training', 'Radar detection', 'Radar antennas', 'Sensors']",Y. Yao; H. Zhang; C. Liu; F. Geng; P. Wang; L. Du; X. Chen; B. Han; T. Yang; Z. Fang,,,,,,,IEEE,Unsupervised-Learning-Based Unobtrusive Fall Detection Using FMCW Radar,"Aerospace Information Research Institute, Chinese Academy of Sciences, Beijing, China; Aerospace Information Research Institute, Chinese Academy of Sciences, Beijing, China; Aerospace Information Research Institute, Chinese Academy of Sciences, Beijing, China; Aerospace Information Research Institute, Chinese Academy of Sciences, Beijing, China; Aerospace Information Research Institute, Chinese Academy of Sciences, Beijing, China; Aerospace Information Research Institute, Chinese Academy of Sciences, Beijing, China; Aerospace Information Research Institute, Chinese Academy of Sciences, Beijing, China; Department of Cardiology, Sixth Medical Center of Chinese PLA General Hospital, Beijing, China; Department of Respiratory and Critical Care Medicine, China-Japan Friendship Hospital, Beijing, China; Aerospace Information Research Institute, Chinese Academy of Sciences, Beijing, China",IEEE Internet of Things Journal,24 Jan 2024,11,3.0,5078,5089,"It is necessary to detect the fall of the elderly in time. As a noncontact monitoring device, radar can monitor users without their knowledge and protect their privacy. The unsupervised fall detection method does not need to collect and label fall samples, which avoids the difficulty of collecting fall data and saves researchers time and cost. The current unsupervised fall detection studies consider fewer types of actions and do not test the generalization of their models in new environments and subjects. This article proposes a new unsupervised fall detection system, including a feature extractor and predictor. We first use 3-D convolution and 3-D transposed convolution to construct a feature extractor to extract the range–velocity–time features of radar signals. Then, we construct a predictor to learn the pattern of nonfall action. Finally, we design an unsupervised training method based on hard sample mining to improve the ability of the model to identify hard negative samples. We train the model using only unlabeled nonfall samples and test it in new scenarios. The system’s accuracy in the data set containing 52 kinds of nonfall actions and 12 kinds of fall actions is 95.54%, the false alarm rate is 1.07%, and the area under the receiver operating characteristic is 0.9974.",2327-4662,,"National Key Research and Development Project(grant numbers:2020YFC2003703,2020YFC1512304,2018YFC2001101,2018YFC2001802); CAMS Innovation Fund for Medical Sciences(grant numbers:2019-I2M-5-019); National Natural Science Foundation of China(grant numbers:62071451); ",https://ieeexplore.ieee.org/stamp/stamp.jsp?arnumber=10208150,"['Radar', 'Feature extraction', 'Fall detection', 'Training', 'Radar detection', 'Radar antennas', 'Sensors']",,13.0,,52.0,IEEE,4 Aug 2023,"1 Feb.1, 2024",,IEEE,IEEE Journals,
,,2025,,,,,,,10.1109/jsen.2024.3509266,,,,,,"['Contacless fall detection', 'machine learning (ML)', 'real-time detection', 'visual impaired people', 'Fall detection', 'Real-time systems', 'Sensors', 'Accuracy', 'Ultra wideband radar', 'Bandwidth', 'Radar', 'Radio frequency', 'Millimeter wave communication', 'Radar detection']",M. Z. Khan; T. Althobaiti; M. Almutiry; U. Rashid; N. Ramzan,,,,,,,IEEE,VisiSafe: Real-Time Fall Detection for Visually Impaired People Using RF Sensing,"James Watt School of Engineering, University of Glasgow, Glasgow, U.K.; Department of Computer Science, Faculty of Science, Northern Border University, Arar, Saudi Arabia; Department of Electrical Engineering, Northern Border University, Arar, Saudi Arabia; Department of Electrical Engineering, University of Engineering and Technology Lahore, Lahore, Pakistan; School of Computing, Engineering and Physical Sciences, University of the West of Scotland, Paisley, U.K.",IEEE Sensors Journal,3 Feb 2025,25,3.0,5654,5667,"Falls are a leading cause of mortality among individuals aged 65 and above, making timely fall detection alarms essential for preventing fatalities. Contactless radio frequency (RF) technology for fall detection has gained traction due to its wide coverage and privacy-preserving features. However, existing RF-based systems often assume falls create predictable RF signal patterns, which can be problematic, especially among visually impaired people (VIP), who cannot detect environmental changes. To overcome this challenge, we propose an innovative approach that focuses on recognizing normal, repeatable human activities and detecting falls as deviations from these patterns. Our prototype, developed using commercial ultrawideband (UWB) XeThru radar, was tested on human subjects, including VIPs. The results demonstrated a classification accuracy of 98.8% within a 1.5-m range in indoor environments, proving our system’s high reliability and adaptability for real-time fall detection. This approach provides a more dependable solution for protecting the elderly, especially those with visual impairments, from fall-related dangers.",1558-1748,,King Salman center For Disability Research through Research Group(grant numbers:KSRG-2023-374); ,https://ieeexplore.ieee.org/stamp/stamp.jsp?arnumber=10786311,"['Fall detection', 'Real-time systems', 'Sensors', 'Accuracy', 'Ultra wideband radar', 'Bandwidth', 'Radar', 'Radio frequency', 'Millimeter wave communication', 'Radar detection']",,3.0,,53.0,IEEE,9 Dec 2024,"1 Feb.1, 2025",,IEEE,IEEE Journals,
,,2025,,,,,,,10.1109/jbhi.2024.3481237,,,,,,"['Fall detection', 'electrostatic detection', 'human electrostatics', 'VMD', 'channel attention mechanism', 'Fall detection', 'Accuracy', 'Feature extraction', 'Electrostatics', 'Older adults', 'Monitoring', 'Convolutional neural networks', 'Cameras', 'Biomedical monitoring', 'Accelerometers']",X. Chen; J. Yan; S. Qin; P. Li; S. Ning; Y. Liu,,,,,,,IEEE,Fall Detection Method Based on a Human Electrostatic Field and VMD-ECANet Architecture,"School of Mechanical and Electrical Engineering, Beijing Institute of Technology, Beijing, China; School of Mechanical and Electrical Engineering, Beijing Institute of Technology, Beijing, China; School of Mechanical and Electrical Engineering, Beijing Institute of Technology, Beijing, China; School of Mechanical and Electrical Engineering, Beijing Institute of Technology, Beijing, China; School of Mechanical and Electrical Engineering, Beijing Institute of Technology, Beijing, China; School of Mechanical and Electrical Engineering, Beijing Institute of Technology, Beijing, China",IEEE Journal of Biomedical and Health Informatics,7 Jan 2025,29,1.0,583,595,"Falls are one of the most serious health risks faced by older adults worldwide, and they can have a significant impact on their physical and mental well-being as well as their quality of life. Detecting falls promptly and accurately and providing assistance can effectively reduce the harm caused by falls to older adults. This paper proposed a noncontact fall detection method based on the human electrostatic field and a VMD-ECANet framework. An electrostatic measurement system was used to measure the electrostatic signals of four types of falling postures and five types of daily actions. The signals were randomly divided in proportion and by individuals to construct a training set and test set. A fall detection model based on the VMD-ECA network was proposed that decomposes electrostatic signals into modal component signals using the variational mode decomposition (VMD) technique. These signals were then fed into a multichannel convolutional neural network for feature extraction. Information fusion was achieved through the efficient channel attention network (ECANet) module. Finally, the extracted features were input into a classifier to obtain the output results. The constructed model achieved an accuracy of 96.44%. The proposed fall detection solution has several advantages, including being noncontact, cost-effective, and privacy friendly. It is suitable for detecting indoor falls by older individuals living alone and helps to reduce the harm caused by falls.",2168-2208,,China Postdoctoral Science Foundation(grant numbers:GZB20240936); ,https://ieeexplore.ieee.org/stamp/stamp.jsp?arnumber=10716766,"['Fall detection', 'Accuracy', 'Feature extraction', 'Electrostatics', 'Older adults', 'Monitoring', 'Convolutional neural networks', 'Cameras', 'Biomedical monitoring', 'Accelerometers']","Humans;Accidental Falls;Static Electricity;Signal Processing, Computer-Assisted;Neural Networks, Computer;Aged;Monitoring, Ambulatory;Male;Female;Algorithms",2.0,,48.0,IEEE,15 Oct 2024,Jan. 2025,,IEEE,IEEE Journals,
,,2022,,,,,,,10.1109/taee54169.2022.9840598,,,,,,"['Artificial vision', 'temporal convolutional neural network.fall detection', 'far infrared', 'human balance', 'Visualization', 'Costs', 'Finite impulse response filters', 'Wearable computers', 'Surveillance', 'Sociology', 'Fall detection']",J. Gutiérrez; V. Rodriguez; S. Martin,,,,,,,IEEE,Fall Detection System Based on Far Infrared Images,"Electrical and Computer Engineering Department, Universidad Nacional de Educación a Distancia (UNED), Madrid, Spain; EduQTech, E.U. Politécnica, Zaragoza, Spain; Electrical and Computer Engineering Department, Universidad Nacional de Educación a Distancia (UNED), Madrid, Spain","2022 Congreso de Tecnología, Aprendizaje y Enseñanza de la Electrónica (XV Technologies Applied to Electronics Teaching Conference)",9 Aug 2022,,,1,7,"The world is in an aging process that will significantly lift the average age of its population over the course of the next decades. This phenomenon, more acute in the developed countries but present everywhere, will make the elderly care sector a very relevant one from all possible points of view, the economical one included. The elderly care sector has, so far, automated a low number of tasks. However, a higher number of them will need to be automated if universal elderly care at reasonable costs is desired. One of the tasks candidate to this automation will be elderly surveillance and, within that field, fall detection. Although developed over different technologies, all automatic detection systems can be associated to one of the following groups, wearables, ambient and vision based. Vision-based fall detection systems have experienced fast development over the last years, mainly propelled by the incorporation of artificial neural networks able to characterize human activities in general and falls in particular. All fall detections systems based on artificial vision developed so far extract static or kinematic descriptors from visual or near infrared images to assess fall probability. Within the framework of this PhD, for the very first time, a proof of concept of a fall detection system able to infer dynamic descriptors from far infrared (FIR) images is developed. This way, the problems associated to insufficient amount of human fall real world data, privacy protection and suboptimal system performances under poor illumination conditions, main identified deficiencies in today's systems, can be overcome.",2766-2616,978-1-6654-2161-4,,https://ieeexplore.ieee.org/stamp/stamp.jsp?arnumber=9840598,"['Visualization', 'Costs', 'Finite impulse response filters', 'Wearable computers', 'Surveillance', 'Sociology', 'Fall detection']",,2.0,,43.0,IEEE,9 Aug 2022,29 June-1 July 2022,29 June-1 July 2022,IEEE,IEEE Conferences,
,,2025,,,,,,,10.1109/memea65319.2025.11068083,,,,,,"['fall detection', 'WiFi sensing', 'Channel State Information (CSI)', 'lightweight deep learning', 'adaptive systems', 'Training', 'Adaptation models', 'Accuracy', 'Adaptive systems', 'Human activity recognition', 'Fall detection', 'Wearable devices', 'Wireless fidelity', 'Channel state information', 'Testing']",I. Bayad; S. Mahfouz; K. Samrouth; F. Mourad-Chehade; H. Amoud,,,,,,,IEEE,Adaptive Fall Detection Using WiFi CSI for Unseen Environments and New Individuals,"Computer Science and Digital Society Laboratory (LIST3N), Université de Technologie de Troyes, Troyes, France; Computer Science and Digital Society Laboratory (LIST3N), Université de Technologie de Troyes, Troyes, France; Azm Platform for Research in Biotechnology and its Applications, Lebanese University, Tripoli, Lebanon; Computer Science and Digital Society Laboratory (LIST3N), Université de Technologie de Troyes, Troyes, France; Azm Platform for Research in Biotechnology and its Applications, Lebanese University, Tripoli, Lebanon",2025 IEEE Medical Measurements & Applications (MeMeA),10 Jul 2025,,,1,6,"Quick detection of falls is crucial for elderly individuals to prevent severe injuries, reduce hospitalization risks, and ensure timely medical intervention. This work introduces a scalable, non-invasive fall detection system that leverages WiFi Channel State Information (CSI), eliminating the need for wearable devices or intrusive cameras, thus providing a privacy-preserving solution. Our lightweight 2D-CNN architecture consists of only 202,705 parameters, making it computationally efficient while achieving up to 100% accuracy in controlled settings, where training and testing data are collected from the same indoor environments with different sets of activities. It also demonstrates strong generalization, detecting new falls in unseen environments with 87% accuracy and falls from entirely new individuals with 79% accuracy. To enhance adaptability to real-world conditions, various data augmentation techniques such as shadowing and time shifting are applied, leading to a 13% improvement in generalization accuracy compared to baseline models up to 97% larger. Designed for real-time operation, our system is highly effective in practical fall scenarios. It also contributes to human activity recognition (HAR), demonstrating broader applicability beyond fall detection. These findings establish our model as a robust, efficient, and practical solution for fall detection and beyond.",2837-5882,979-8-3315-2347-3,,https://ieeexplore.ieee.org/stamp/stamp.jsp?arnumber=11068083,"['Training', 'Adaptation models', 'Accuracy', 'Adaptive systems', 'Human activity recognition', 'Fall detection', 'Wearable devices', 'Wireless fidelity', 'Channel state information', 'Testing']",,1.0,,12.0,IEEE,10 Jul 2025,28-30 May 2025,28-30 May 2025,IEEE,IEEE Conferences,
,,2025,,,,,,,10.1109/isai-nlp66160.2025.11320519,,,,,,"['Fall Detection', 'Wi-Fi Channel State Information', 'Deep Learning', 'Convolutional Neural Network', 'Lightweight Convolutional Neural Network', 'Measurement', 'Deep learning', 'Accuracy', 'Computational modeling', 'Real-time systems', 'Computational efficiency', 'Convolutional neural networks', 'Fall detection', 'Wireless fidelity', 'Channel state information']",K. Kingkaew; J. Thaenthong; T. Suwanapong,,,,,,,IEEE,A Comparative Analysis of Lightweight CNN Architectures for Wi-Fi CSI-Based Fall Detection,"College of Computing, Prince of Songkla University, Phuket, Thailand; College of Computing, Prince of Songkla University, Phuket, Thailand; Faculty of Commerce and Management, Prince of Songkla University, Trang, Thailand",2025 20th International Joint Symposium on Artificial Intelligence and Natural Language Processing (iSAI-NLP),12 Jan 2026,,,1,6,"Fall detection for elderly care has gained substantial research attention, with Wi-Fi Channel State Information (CSI) emerging as a promising non-intrusive sensing modality that addresses privacy concerns associated with camera-based systems. However, the adoption of deep learning in this domain requires models that balance high accuracy with computational efficiency, enabling deployment on resource-constrained devices. This study presents a comparative analysis of four lightweight Convolutional Neural Network (CNN) architectures-MobileNetV2, MobileNetV3, EfficientNet-B0, and ShuffleNetV2-that has been presented for Wi-Fi CSI-based fall detection. The models were evaluated using classification metrics, including accuracy, loss, precision, recall, and F1-score, as well as efficiency metrics such as model size, parameter count, FLOPs, and inference time. Experimental results showed that the highest classification accuracy of 98.61% was achieved by EfficientNet-B0, along with the lowest loss and best F1-score (0.986), while a near-fastest inference time of 8.53 ms was maintained. This combination of predictive performance and computational efficiency has been demonstrated to highlight strong potential for practical, real-time fall detection applications. Meanwhile, ShuffleNetV2 achieved a comparable accuracy of 98.47% and an $F 1$-score of 0.985, with the fastest inference time of $\mathbf{7. 1 9}$ ms and a small model size of only 5.21 MB. These results indicate that ShuffleNetV2 provides an excellent trade-off between accuracy and computational cost, making it a highly suitable candidate for deployment on real-time edge devices.",2831-4565,979-8-3315-0217-1,,https://ieeexplore.ieee.org/stamp/stamp.jsp?arnumber=11320519,"['Measurement', 'Deep learning', 'Accuracy', 'Computational modeling', 'Real-time systems', 'Computational efficiency', 'Convolutional neural networks', 'Fall detection', 'Wireless fidelity', 'Channel state information']",,,,21.0,IEEE,12 Jan 2026,12-14 Nov. 2025,12-14 Nov. 2025,IEEE,IEEE Conferences,
,,2025,,,,,,,10.1109/radar52380.2025.11031826,,,,,,"['fall detection', 'mmWave', 'FMCW radar', 'deep learning', 'elderly care', 'ambient assisted living', 'Deep learning', 'Ambient assisted living', 'Three-dimensional displays', 'Fast Fourier transforms', 'Radar detection', 'Radar', 'Reliability engineering', 'Data models', 'Fall detection', 'Older adults']",A. S. Fard; M. Mashhadigholamali; S. Zolfaghari; H. Abedi; M. Chakraborty; S. Karmani; L. Borzì; M. Daneshtalab; G. Shaker,,,,,,,IEEE,Fall Detection in Ambient-Assisted Living Environments Using FMCW Radars and Deep Learning,"Department of Control and Computer Engineering, Politecnico di Torino, Turin, Italy; Department of Control and Computer Engineering, Politecnico di Torino, Turin, Italy; School of Innovation, Design and Engineering, Mälardalen University, Västerås, Sweden; Department of Electrical and Computer Engineering, University of Waterloo, Ontario, Canada; School of Innovation, Design and Engineering, Mälardalen University, Västerås, Sweden; Department of Electrical and Computer Engineering, University of Waterloo, Ontario, Canada; Department of Control and Computer Engineering, Politecnico di Torino, Turin, Italy; School of Innovation, Design and Engineering, Mälardalen University, Västerås, Sweden; Department of Electrical and Computer Engineering, University of Waterloo, Ontario, Canada",2025 IEEE International Radar Conference (RADAR),19 Jun 2025,,,1,6,"The global rise in the elderly population has increased the demand for effective fall detection in Ambient Assisted Living (AAL) environments. This paper introduces a novel and reliable fall detection system utilizing frequencymodulated continuous wave (FMCW) radar, designed to address privacy concerns, operate reliably in low-light conditions, and provide ease of installation. Data from two wall-mounted radars capture a variety of activities, including simulated falls, across five configurations to enhance model generalizability. Radar data processing employs the Fast Fourier Transform (FFT) and the Capon algorithm to generate Range-Azimuth and Range-Elevation maps, which serve as input features for a proposed 3D Convolutional Neural Network (3D CNN) model. This model achieves an accuracy of 94.33 % and F1-score of 93.5 %, combining high performance with adaptability across diverse environments and user needs. This work provides a robust solution for fall detection with significant potential for deployment in real-world elderly care settings.",,979-8-3315-3956-6,,https://ieeexplore.ieee.org/stamp/stamp.jsp?arnumber=11031826,"['Deep learning', 'Ambient assisted living', 'Three-dimensional displays', 'Fast Fourier transforms', 'Radar detection', 'Radar', 'Reliability engineering', 'Data models', 'Fall detection', 'Older adults']",,,,26.0,IEEE,19 Jun 2025,3-9 May 2025,3-9 May 2025,IEEE,IEEE Conferences,
,,2025,,,,,,,10.1109/iciss66954.2025.11389223,,,,,,"['Fall detection', 'Radar sensor', '3D point cloud', 'Deep learning', 'PointNet', 'Point cloud compression', 'Deep learning', 'Accuracy', 'Three-dimensional displays', 'Noise', 'Pipelines', 'Radar detection', 'Standardization', 'Fall detection', 'Older adults']",N. F. Rosyidin; F. Y. Suratman; K. Afifah,,,,,,,IEEE,Fall Detection Based on Radar Sensor with Point Cloud Data using Pointnet-Based Deep Learning,"Center of Excellence for Intelligent Sensing-IoT, Research Institute for Digital Health, Social and Wellness, Telkom University, Bandung, Indonesia; Center of Excellence for Intelligent Sensing-IoT, Research Institute for Digital Health, Social and Wellness, Telkom University, Bandung, Indonesia; Center of Excellence for Intelligent Sensing-IoT, Research Institute for Digital Health, Social and Wellness, Telkom University, Bandung, Indonesia",2025 International Conference on ICT for Smart Society (ICISS),24 Feb 2026,,,1,6,"Human Activity Recognition (HAR) is an essential study area focused on identifying activities, especially in elderly care, where fall detection is vital for preventing serious injuries. millimeter-wave radar sensors represent a non-contact and privacy-preserving alternative to traditional sensors. This study attempts to create a radar-based fall detection system that uses 3D point cloud data and a deep learning approach based on PointNet. The primary focus is to address challenges such as limited dataset size, noise, and fluctuations in the number of points at each timestamp. These challenges are addressed through a pre-processing pipeline that includes augmentation, noise cleaning (ADBSCAN), data standardization (Moving Block Bootstrap), and temporal segmentation (sliding window). Classification is performed using the PointNet architecture, which directly processes point clouds. Based on testing results, the system achieved an accuracy of 99.97 %, with 0 False Positives and 2 False Negatives. Recall was 100% for ‘not_fall’ and 99.80% for ‘fall’. This excellent performance, especially the high recall across classes and zero False Positives, demonstrates the system's reliability and significant potential for accurate, non-intrusive elderly fall detection.",,979-8-3315-6791-0,,https://ieeexplore.ieee.org/stamp/stamp.jsp?arnumber=11389223,"['Point cloud compression', 'Deep learning', 'Accuracy', 'Three-dimensional displays', 'Noise', 'Pipelines', 'Radar detection', 'Standardization', 'Fall detection', 'Older adults']",,,,24.0,IEEE,24 Feb 2026,3-4 Sept. 2025,3-4 Sept. 2025,IEEE,IEEE Conferences,
,,2025,,,,,,,10.1109/rcar65431.2025.11139630,,,,,,"['YOLO', 'Accuracy', 'Image processing', 'Optical imaging', 'Cameras', 'Robustness', 'Stability analysis', 'Optical sensors', 'Fall detection', 'Older adults']",X. Kong; M. Yamaguchi,,,,,,,IEEE,Fall Detection in Eight Directions via Head-to-Floor Distance Measurement Using Depth Image Processing,"Faculty of Information Engineering, Toyama Prefectural University, Imizu-shi, Toyama, Japan; Faculty of Information Engineering, Toyama Prefectural University, Imizu-shi, Toyama, Japan",2025 IEEE International Conference on Real-time Computing and Robotics (RCAR),4 Sep 2025,,,1,6,"This study validates a fall detection algorithm that is effective for multi-directional falls. Automatically detecting falls in elderly individuals is a critical issue in the fields of image processing and artificial intelligence. Bounding box-based fall detection is a classical approach that has been continuously improved; however, it struggles to effectively handle all fall directions. Joint analysis methods based on depth images have demonstrated strong privacy protection capabilities. However, considering factors such as the stability of floor plane estimation, the robustness of these methods across different fall directions has not been fully verified. In this study, we employ a fall detection method based on the head-to-floor distance and conduct multi-directional fall experiments. Furthermore, we compare it with the latest bounding box-based method. Experimental results show that for falls occurring perpendicular to the camera’s optical axis, both methods achieved a 100% accuracy. For falls parallel to the optical axis, the head-to-floor distance method significantly outperformed the bounding box-based approach.",,979-8-3315-0205-8,,https://ieeexplore.ieee.org/stamp/stamp.jsp?arnumber=11139630,"['YOLO', 'Accuracy', 'Image processing', 'Optical imaging', 'Cameras', 'Robustness', 'Stability analysis', 'Optical sensors', 'Fall detection', 'Older adults']",,,,32.0,IEEE,4 Sep 2025,1-6 June 2025,1-6 June 2025,IEEE,IEEE Conferences,
,,2024,,,,,,,10.1109/aiccsa63423.2024.10912529,,,,,,"['SVM', 'Hyper-Parameter Selection', 'Fall detection', 'Machine Learning', 'Formal Modeling', 'Formal Verification', 'Support vector machines', 'Measurement', 'Machine learning algorithms', 'Accuracy', 'Machine learning', 'Fall detection', 'Older adults', 'Wearable sensors', 'Optimization', 'Context modeling']",S. Ben Ahmed; A. Elaoud; I. Ben Hafaiedh; R. Attia,,,,,,,IEEE,Model-Based SVM Parameter Selection Approach for Multi-View Fall Detection,"Tunisia SERCOM Laboratory, Ecole Polytechnique de Tunisie, Université de Carthage, La Marsa, Tunisia; École Supérieure de Génie Informatique et de Technologie (ESGITECH); University of Tunis El Manar (UTM), Institut Supérieur d'Informatique (ISI); Tunisia SERCOM Laboratory, Ecole Polytechnique de Tunisie, Université de Carthage, La Marsa, Tunisia",2024 IEEE/ACS 21st International Conference on Computer Systems and Applications (AICCSA),11 Mar 2025,,,1,8,"Falls indeed contribute significantly to injury-related fatalities among the elderly population worldwide. Thus detecting falls efficiently is crucial for reducing risks of harm. This process of detection is in general achieved through wearable gadgets or environmental sensors which encounter challenges such as user adherence or false alerts. Alternatively, video cameras offer an interesting passive solution, yet susceptible to lighting changes and privacy issues. From a machine learning standpoint, crafting a reliable fall detection system poses difficulties due to the infrequency and diverse nature of falls. Among the important challenges and issues reported in literature is the difficulty of fair comparison and analysis between fall detection machine learning techniques. This challenge arises due to variations in datasets, evaluation metrics, and experimental setups across studies. This paper utilizes a model-based approach to select hyper-parameters for training Support Vector Machine (SVM) models in the context of failure detection. Experimental results demonstrate that this method enables the discovery of parameter sets that yield higher values for two evaluation metrics: accuracy and F1-score. The proposed model-based approach effectively selects hyper-parameters for SVM models in failure detection, resulting in higher accuracy and F1 scores. It outperforms existing solutions and algorithms in predicting fall detection.",2161-5330,979-8-3315-1824-0,,https://ieeexplore.ieee.org/stamp/stamp.jsp?arnumber=10912529,"['Support vector machines', 'Measurement', 'Machine learning algorithms', 'Accuracy', 'Machine learning', 'Fall detection', 'Older adults', 'Wearable sensors', 'Optimization', 'Context modeling']",,,,31.0,IEEE,11 Mar 2025,22-26 Oct. 2024,22-26 Oct. 2024,IEEE,IEEE Conferences,
,,2025,,,,,,,10.1109/jsen.2025.3604050,,,,,,"['Bluetooth angle of arrival (AOA)', 'fall detection', 'machine learning', 'movement track tracking', 'Fall detection', 'Bluetooth', 'Sensors', 'Accuracy', 'Older adults', 'Monitoring', 'Radar imaging', 'Privacy', 'Wearable sensors', 'Videos']",Q. Wan; Z. Liu; Y. Wang; Y. Huang; J. Yu; J. Liu,,,,,,,IEEE,B-FD: Indoor Fall Detection System Based On Bluetooth AOA,"Faculty of Electronic and Information Engineering, Hubei University of Science and Technology, Xianning, China; Faculty of Electronic and Information Engineering, Hubei University of Science and Technology, Xianning, China; Faculty of Electronic and Information Engineering, Hubei University of Science and Technology, Xianning, China; Faculty of Electronic and Information Engineering, Hubei University of Science and Technology, Xianning, China; Faculty of Electronic and Information Engineering, Hubei University of Science and Technology, Xianning, China; Faculty of Electronic and Information Engineering, Hubei University of Science and Technology, Xianning, China",IEEE Sensors Journal,15 Oct 2025,25,20.0,38925,38937,"China has now entered a moderately aging society. With the ever-accelerating process of population aging, more and more elderly people are living alone. And accidents such as falls among the elderly continue to occur, requiring a low-cost indoor fall detection system. The system is able to detect the occurrence of elderly falls and determine the location of the fall in order to notify the rescue in a timely manner. Currently, the most common method of indoor fall detection is to use cameras for monitoring, but this method will face the problem of invasion of privacy. To address this situation, this article proposes a fall detection system called B-FD. The system is based on low-power Bluetooth angle of arrival (AOA) technology, which uses a Bluetooth AOA base station to collect in-phase quadrature (IQ) values from Bluetooth beacon transmissions. It then uses machine-learning techniques to categorize six common indoor postures to determine whether a fall has occurred. It can achieve an average detection accuracy of 98.14% for fall. The system can also accurately track the user’s movement and determine the exact location of the fall when it occurs. The Bluetooth beacon in the system is worn on the user’s arm and only needs to send low-power Bluetooth 5.1 broadcasts, which consume less power. The beacon does not require frequent recharging and is easy to wear for long periods of time. As a result, this monitoring system has a wide range of applications.",1558-1748,,Major Program [JianDao] of Hubei Province(grant numbers:2023BAA025); ,https://ieeexplore.ieee.org/stamp/stamp.jsp?arnumber=11152577,"['Fall detection', 'Bluetooth', 'Sensors', 'Accuracy', 'Older adults', 'Monitoring', 'Radar imaging', 'Privacy', 'Wearable sensors', 'Videos']",,,,50.0,IEEE,5 Sep 2025,"15 Oct.15, 2025",,IEEE,IEEE Journals,
,,2026,,,,,,,10.1109/access.2026.3663174,,,,,,"['Fall detection', 'frequency-modulated continuous-wave radar', 'inception–ResNet one-dimensional convolutional neural network', 'deep learning', 'subject’s physical information', 'real-time processing', 'elderly monitoring', 'privacy-preserving sensing', 'radar signal processing', 'Real-time systems', 'Radar', 'Fall detection', 'Sensors', 'Monitoring', 'Reliability', 'Accuracy', 'Robustness', 'Radar detection', 'Pipelines']",T. Patriananda; Istiqomah; F. Y. Suratman,,,,,,,IEEE,Inception-ResNet 1-D CNN With Subject’s Physical Information for Reliable Real-Time FMCW Radar Fall Detection,"School of Electrical Engineering, Telkom University, Bandung, Indonesia; School of Electrical Engineering, Telkom University, Bandung, Indonesia; School of Electrical Engineering, Telkom University, Bandung, Indonesia",IEEE Access,18 Feb 2026,14,,22644,22660,"Reliable real-time fall detection using radar sensing remains challenging due to the strong similarity between fall events and fall-like daily activities such as squatting, bending or sitting, as well as the sensitivity of deep learning models to environmental variations during real-time deployment, such as changes in sensing conditions. In particular, false alarms frequently arise near the edges of the region of interest (ROI), reducing the stability of deep learning–based radar systems in practical deployments. To solve this issue, this study proposes a privacy-preserving fall detection system based on frequency-modulated continuous-wave (FMCW) millimeter-wave (mmWave) radar by integrating the Inception–ResNet 1D architecture with a physics-informed decision layer called Subject’s Physical Information (SPI). The proposed system combines deep learning–based temporal modeling with lightweight physical validation derived from vertical motion cues, including the minimum height ( $z_{\min }$ ), vertical displacement ( $\Delta z$ ), and downward velocity ratio ( $r_{v_{z}^{-}}$ ), to stabilize real-time decisions. The system is implemented in a multithreaded architecture with bounded real-time latency. The learning model was trained using data collected from ten subjects, while experiments were conducted on five different subjects distinct from the training cohort for real-time evaluation within a  $3\times 3~\mathrm {m}$  area covering both center and edge ROI. Compared with the baseline Inception–ResNet model without SPI, the proposed system improves precision from 62.71% to 84.90%, accuracy from 70.27% to 91.11%, and F1-score from 77.09% to 91.84%, while maintaining a recall of 100% from tests on five subjects under controlled room conditions. In addition, a supplementary robustness evaluation in an uncontrolled-room setting further shows that SPI integration helps maintain improved overall system performance under more challenging sensing conditions. These results indicate that combining deep learning-based prediction with lightweight physical validation yields a more reliable and stable radar-based fall detection system suitable for real-time deployment in elderly monitoring applications.",2169-3536,,"Riset dan Inovasi untuk Indonesia Maju (RIIM) Kompetisi; Indonesia Endowment Fund for Education (LPDP), Ministry of Finance of Indonesia, and the National Research and Innovation Agency (BRIN)(grant numbers:205/IV/KS/11/2023,369/SAM4/PPM/2023); ",https://ieeexplore.ieee.org/stamp/stamp.jsp?arnumber=11389751,"['Real-time systems', 'Radar', 'Fall detection', 'Sensors', 'Monitoring', 'Reliability', 'Accuracy', 'Robustness', 'Radar detection', 'Pipelines']",,,,44.0,CCBY,10 Feb 2026,2026,,IEEE,IEEE Journals,
,,2022,,,,,,,10.1109/acit54803.2022.9913158,,,,,,"['Smart House', 'Assistive Technologies', 'Artificial Intelligence', 'Modularization', 'IoT', 'Schedules', 'Privacy', 'Protocols', 'Prototypes', 'Entertainment industry', 'Switches', 'Assistive technologies']",L. Nchena,,,,,,,IEEE,Smart House Assistive Technologies for Senior Citizens,"Faculty of Applied Informatics, Tomas Bata University in Zlín, Zlin, Czech Republic",2022 12th International Conference on Advanced Computer Information Technologies (ACIT),12 Oct 2022,,,448,453,"A Smart house is a special type of house that has automated services it offers to its residents to enhance their comfortability. Smart houses can implement for various purposes including luxury automation capability, entertainment, security, mitigation of disability, health, or medical reasons. In this paper, a special smart house design prototype for senior citizens is proposed. The design is proposed to have assistive technologies services easily added to or removed from the smart house. Depending on the need, a service could be added, modified, or removed with little effort. The complexity of service can be extended or limited based on the requirements of the subject senior citizen. Some of the service offerings in this house include; (a) security services, for instance in case of a fire, a fall detection, or a sharp rise in fever symptoms, an alert distress signal would be sent to the caregivers center; (b) action execution services, for example, automated preparation of bathwater, preparation of breakfast, preparation of dinner, switching lights on or off, etc.; (c) interactive services, for instance, remainders for medicine taking schedule, prompt of beverage choice, prompt to send distress signal when possible danger is detected by the system, etc. The comprehensive design would have four main modules: smart house automated services, assistive technologies services, privacy policy protocol, and security services. The design has been developed and would be implemented in the future.",2770-5226,978-1-6654-1050-2,,https://ieeexplore.ieee.org/stamp/stamp.jsp?arnumber=9913158,"['Schedules', 'Privacy', 'Protocols', 'Prototypes', 'Entertainment industry', 'Switches', 'Assistive technologies']",,1.0,,15.0,IEEE,12 Oct 2022,26-28 Sept. 2022,26-28 Sept. 2022,IEEE,IEEE Conferences,
,,2023,,,,,,,10.1109/compsac57700.2023.00216,,,,,,"['Fall detection', 'Blockchain technology', 'Machine learning', 'Wearable devices', 'Wearable computers', 'Sociology', 'Software', 'Blockchains', 'Security', 'Reliability', 'Fall detection']",B. Saha; M. S. Islam; A. Kamrul Riad; S. Tahora; H. Shahriar; S. Sneha,,,,,,,IEEE,BlockTheFall: Wearable Device-based Fall Detection Framework Powered by Machine Learning and Blockchain for Elderly Care,"Department of Information Technology, Kennesaw State University, Georgia, United States; Department of Information Technology, Kennesaw State University, Georgia, United States; Department of Information Technology, Kennesaw State University, Georgia, United States; Department of Information Technology, Kennesaw State University, Georgia, United States; Department of Information Technology, Kennesaw State University, Georgia, United States; Department of Information Systems and Security, Kennesaw State University, Georgia, United States","2023 IEEE 47th Annual Computers, Software, and Applications Conference (COMPSAC)",2 Aug 2023,,,1412,1417,"Falls among the elderly are a major health concern, frequently resulting in serious injuries and a reduced quality of life. In this paper, we propose ""BlockTheFall,"" a wearable device-based fall detection framework which detects falls in real time by using sensor data from wearable devices. To accurately identify patterns and detect falls, the collected sensor data is analyzed using machine learning algorithms. To ensure data integrity and security, the framework stores and verifies fall event data using blockchain technology. The proposed framework aims to provide an efficient and dependable solution for fall detection with improved emergency response, and elderly individuals’ overall well-being. Further experiments and evaluations are being carried out to validate the effectiveness and feasibility of the proposed framework, which has shown promising results in distinguishing genuine falls from simulated falls. By providing timely and accurate fall detection and response, this framework has the potential to substantially boost the quality of elderly care.",0730-3157,979-8-3503-2697-0,National Science Foundation; National Science Foundation; ,https://ieeexplore.ieee.org/stamp/stamp.jsp?arnumber=10196872,"['Wearable computers', 'Sociology', 'Software', 'Blockchains', 'Security', 'Reliability', 'Fall detection']",,20.0,,15.0,IEEE,2 Aug 2023,26-30 June 2023,26-30 June 2023,IEEE,IEEE Conferences,
,,2023,,,,,,,10.1109/jsen.2023.3307160,,,,,,"['Attention mechanism', 'infrared thermography', 'pose estimation', 'spatial pyramid pooling', 'Fall detection', 'Neurons', 'Computational modeling', 'Task analysis', 'Feature extraction', 'Wearable sensors', 'Object detection']",H. Fu; J. Gao,,,,,,,IEEE,Human Fall Detection Based on Posture Estimation and Infrared Thermography,"School of Automation, Qingdao University, Qingdao, China; School of Automation, Qingdao University, Qingdao, China",IEEE Sensors Journal,16 Oct 2023,23,20.0,24744,24751,"Fall detection holds significant practical value in the fields of medicine and security. In this study, we propose a pose-based human fall detection system that incorporates an infrared thermal imaging camera to overcome challenges faced during nocturnal and poorly illuminated scenarios. To facilitate fall detection, we have integrated a classification function into the YOLOv7POSE network. Furthermore, the introduction of a simple attention mechanism (SimAM) to the backbone network substantially enhances its capability to discern human features. In terms of image processing, we optimized the ConvNeXt structure and integrated it into the backbone network to improve the accuracy of keypoint detection and fall classification. Our enhancements also encompass the redesign of the spatial pyramid pool structure within the head layer, resulting in improved model accuracy. We also replaced the regression function of the target detection framework with scylla intersection over union (SIOU) and correspondingly adjusted the calculation formula to enhance the accuracy of coordinate regression. Experiments show that the mean average precision (mAP) of the improved model reaches 0.964, which is 0.045 higher than that of the original YOLOv7POSE model. The accuracy of fall pose recognition and the confidence of detection are significantly increased.",1558-1748,,Shandong Provincial Natural Science Foundation(grant numbers:ZR2019MF063); ,https://ieeexplore.ieee.org/stamp/stamp.jsp?arnumber=10231115,"['Fall detection', 'Neurons', 'Computational modeling', 'Task analysis', 'Feature extraction', 'Wearable sensors', 'Object detection']",,12.0,,33.0,IEEE,25 Aug 2023,"15 Oct.15, 2023",,IEEE,IEEE Journals,
,,2024,,,,,,,10.1109/icvrv62410.2024.00031,,,,,,"['fall detection', 'PPYOLOE', 'HS-FPN', 'Efficient Multi-Scale Attention', 'DSConv', 'Visualization', 'Accuracy', 'Surveillance', 'Disasters', 'Graphics processing units', 'Feature extraction', 'Real-time systems', 'Public security', 'Fall detection', 'Older adults']",Y. Wan; X. Hu; Y. Wu,,,,,,,IEEE,Research on fall detection algorithm based on PPYOLOE,"Dept. College of Computer Science and Technology, Donghua University, Shanghai, China; Dept. College of Computer Science and Technology, Donghua University, Shanghai, China; Dept. College of Computer Science and Technology, Donghua University, Shanghai, China",2024 International Conference on Virtual Reality and Visualization (ICVRV),13 Jun 2025,,,124,129,"Falls pose a serious challenge to the health and safety of the elderly population. In crowded public places, such incidents may also trigger secondary disasters such as stampede, so rapid identification of fall behavior is crucial for maintaining public safety. Traditional fall detection algorithms have significant deficiencies in terms of insufficient feature extraction, single detection method, and poor real-time performance, which make it difficult to cope with complex fall scenarios and real-time detection requirements. In order to overcome the shortcomings of traditional fall detection algorithms, this study improves the PPYOLOE algorithm. We optimize feature extraction using Depthwise Separable Convolution (DSConv) and introduce High-Level Screening-feature Fusion Pyramid Networks (HS-FPN) and Efficient Multi-Scale Attention (EMA) to enhance important features. The improved algorithm significantly improves the detection performance and computational efficiency. Compared with the traditional PPYOLOE algorithm, the fall detection algorithm designed in this paper shows significant advantages in detection accuracy and real-time performance. In the experiment, Our improved algorithm has achieved a 3.5% increase in accuracy on the mAP@0.5 metric, it reaches 94.4% and achieves 24fps on GPU, which realizes the high precision detection of fall events and meets the deployment requirements in low computation scenarios. The real-time and high precision of the algorithm makes it suitable for various monitoring scenarios, which improves the social security level and emergency response capability.",2473-571X,979-8-3315-1544-7,,https://ieeexplore.ieee.org/stamp/stamp.jsp?arnumber=11028692,"['Visualization', 'Accuracy', 'Surveillance', 'Disasters', 'Graphics processing units', 'Feature extraction', 'Real-time systems', 'Public security', 'Fall detection', 'Older adults']",,,,22.0,IEEE,13 Jun 2025,27-29 Dec. 2024,27-29 Dec. 2024,IEEE,IEEE Conferences,
,,2023,,,,,,,10.1109/iccit60459.2023.10441619,,,,,,"['Fall Detection', 'FMCW Radar', 'MIMO Antenna', 'mmWave', 'Patient monitoring', 'Privacy', 'Patient monitoring', 'Spaceborne radar', 'Radar detection', 'Radar', 'Radar antennas', 'Older adults']",M. S. R. Akash; M. N. Shahria; M. A. Morshed; S. S. Rodsee; N. Hannan; M. H. Imam,,,,,,,IEEE,Elderly Patient Monitoring and Fall Detection Using mmWave FMCW Radar System,"Department of Electrical and Electronics Engineering, AIUB; Department of Electrical and Electronics Engineering, AIUB; Department of Electrical and Electronics Engineering, AIUB; Department of Electrical and Electronics Engineering, AIUB; Department of Electrical and Electronics Engineering, AIUB; Department of Electrical and Electronics Engineering, AIUB",2023 26th International Conference on Computer and Information Technology (ICCIT),27 Feb 2024,,,1,6,"Frequency Modulated Continuous Wave radar is nowadays considered as an important technology to monitor the health condition, fall condition and activities of elderly patients for their well-being and safety. Infrared Proximity (IP) and Passive Infrared (PIR) camera systems have traditionally been used for this purpose, but this system has crucial limitations, especially with regards to fast detection technique for such as preventing accident in the bathroom and indoor environment. The use of surveillance cameras not only struggles at nighttime detection but also can compromise patients' privacy, such as bathroom activities. FMCW radar technology can operate effectively in no-light conditions making them particularly suitable for nighttime monitoring by addressing privacy concerns. The principles of FMCW radar, signal processing algorithms and methods are discussed in this paper. Depending on the type of motion activity, a patient's returning radar signal will exhibit varying Doppler effect properties. This technology not only enhances patient care but also relieves healthcare providers and families from the need for constant in-room surveillance. FMCW radar technology bridges the gap between patient privacy concerns and the necessity for improving patient healthcare. This paper explores the utilization of FMCW radar for monitoring elderly patients and fall detection, with the goal of developing a privacy friendly app-based solution for real-time remote patient activity tracking.",,979-8-3503-5901-5,,https://ieeexplore.ieee.org/stamp/stamp.jsp?arnumber=10441619,"['Privacy', 'Patient monitoring', 'Spaceborne radar', 'Radar detection', 'Radar', 'Radar antennas', 'Older adults']",,5.0,,21.0,IEEE,27 Feb 2024,13-15 Dec. 2023,13-15 Dec. 2023,IEEE,IEEE Conferences,
,,2025,,,,,,,10.1109/uemcon67449.2025.11267584,,,,,,"['Human Activity Recognition', 'Elderly Health Monitoring', 'Edge AI', 'Multimodal Data Fusion', 'Gaussian Splatting', 'Fall Detection', 'Data privacy', 'Visualization', 'Three-dimensional displays', 'Federated learning', 'Edge AI', 'Human activity recognition', 'Older adults', 'Wearable devices', 'Monitoring', 'Wearable sensors']",L. B. Aime; D. Das; P. Chatterjee; U. Ghosh,,,,,,,IEEE,Human-Centric Edge Intelligence with Gaussian Splatting for Privacy-Aware Elderly Care,"Department of Computer Science and Data Science, Meharry Medical College, Nashville, TN, USA; Department of Computer Science and Data Science, Meharry Medical College, Nashville, TN, USA; Department of Computer Science and Data Science, Meharry Medical College, Nashville, TN, USA; Department of Computer Science and Data Science, Meharry Medical College, Nashville, TN, USA","2025 IEEE 16th Annual Ubiquitous Computing, Electronics & Mobile Communication Conference (UEMCON)",4 Dec 2025,,,0427,0433,"The growing elderly population makes it challenging to provide safe, effective, and respectful healthcare, especially for those living alone or in assisted facilities. Existing health monitoring systems, mainly using centralized architectures and single-sensor data, face latency, limited context awareness, and privacy issues. Although deep learning and IoT systems have advanced Human Activity Recognition (HAR), most still send raw data to the cloud, which is not ideal for elderly care. This study addresses these gaps by developing a people-focused, privacy-preserving edge monitoring framework using immersive modeling and multimodal sensing. The framework uses federated learning to let people train models together without sharing their raw personal data. It combines wearable devices, ambient sensors, and vision-based data streams with federated learning to enable decentralized, collaborative model training without exposing raw personal data. Herein, privacy is further enforced through embedded Gaussian-based visual obfuscation and a proof-of-concept Gaussian splatting module for anonymized 3D human modeling. The proposed strategy has been tested on multimodal datasets like UP-Fall and has been shown to perform well. The findings indicate the existence of distinct activity signatures across modalities. Late-fusion models also show superior fall-detection recall than unimodal baselines, even when there are issues with class imbalance and noise. Overall, the findings show that edge AI that is immersive and cares about privacy might greatly improve the accuracy, speed, and dependability of health monitoring systems for older people.",,979-8-3315-6501-5,National Science Foundation(grant numbers:2401928); ,https://ieeexplore.ieee.org/stamp/stamp.jsp?arnumber=11267584,"['Data privacy', 'Visualization', 'Three-dimensional displays', 'Federated learning', 'Edge AI', 'Human activity recognition', 'Older adults', 'Wearable devices', 'Monitoring', 'Wearable sensors']",,,,24.0,IEEE,4 Dec 2025,22-24 Oct. 2025,22-24 Oct. 2025,IEEE,IEEE Conferences,
,,2022,,,,,,,10.23919/fusion49751.2022.9841327,,,,,,"['Fall detection', 'skeleton features', 'noisy label', 'confident learning', 'cascaded learning', 'Learning systems', 'Training', 'Data privacy', 'Sociology', 'Skeleton', 'Classification algorithms', 'Noise measurement']",L. Xie; Y. Sun; J. A. Chambers; S. M. Naqvi,,,,,,,IEEE,Privacy Preserving Multi-class Fall Classification Based on Cascaded Learning And Noisy Labels Handling,"Intelligent Sensing and Communications, Research Group Newcastle University, Newcastle upon Tyne, UK; Big Data Institute University of Oxford Oxford, UK; School of Engineering University of Leicester Leicester, UK; Intelligent Sensing and Communications, Research Group Newcastle University, Newcastle upon Tyne, UK",2022 25th International Conference on Information Fusion (FUSION),9 Aug 2022,,,1,6,"With an increasingly ageing population in the world, fall detection and classification for elderly people becomes an imperative problem that needs to be addressed for assisted living. Currently, most of the fall detection algorithms are based on wearable and non-wearable sensors, such as accelerometer and video camera respectively. In this work, different from previous vision-based methods where the whole images are used, to mitigate the privacy protection problem and detect different types of fall events, we utilize only the skeleton data to achieve the classification of different fall events by using a deep neural network (DNN). The cost of manually labelling and due to varieties of annotators, for a recorded dataset, there always exist errors which will deteriorate the performance. To address this issue, we introduce the confident learning to remove wrong labelled samples and propose a new cascaded learning method to solve the noisy labelled data problem. To confirm the efficacy of the proposed method, we compare different algorithms on the UP-Fall dataset to show that the proposed method performs better than the state-of-the-art.",,978-1-7377497-2-1,,https://ieeexplore.ieee.org/stamp/stamp.jsp?arnumber=9841327,"['Learning systems', 'Training', 'Data privacy', 'Sociology', 'Skeleton', 'Classification algorithms', 'Noise measurement']",,4.0,,22.0,,9 Aug 2022,4-7 July 2022,4-7 July 2022,IEEE,IEEE Conferences,
,,2024,,,,,,,10.1109/icspis63676.2024.10812620,,,,,,"['Fall Detection', 'Wi-Fi CSI', 'Machine Learning', 'Deep Learning', 'Elderly Care', 'Privacy', 'Information security', 'Medical services', 'Signal processing', 'Fall detection', 'Wearable devices', 'Older adults', 'Wireless fidelity', 'Long short term memory', 'Channel state information']",F. Nasser; A. Suliman; K. Poon; A. Alteneiji; U. Ahmad,,,,,,,IEEE,Fall Detection Using Wi-Fi Channel State Information,"Computer Engineering, American University of Sharjah, Sharjah, United Arab Emirates; EBTIC (Emirates ICT Innovation Center), Khalifa University, Abu Dhabi, United Arab Emirates; EBTIC (Emirates ICT Innovation Center), Khalifa University, Abu Dhabi, United Arab Emirates; EBTIC (Emirates ICT Innovation Center), Khalifa University, Abu Dhabi, United Arab Emirates; EBTIC (Emirates ICT Innovation Center), Khalifa University, Abu Dhabi, United Arab Emirates",2024 7th International Conference on Signal Processing and Information Security (ICSPIS),30 Dec 2024,,,1,5,"The deployment of Wi-Fi Channel State Information (CSI) for non-invasive fall detection offers a promising avenue for enhancing elderly care without the constraints of wearable devices. This study highlights the potential of CSI in fall detection applications and demonstrates how it can be integrated into intelligent healthcare systems without compromising senior citizens’ privacy or comfort. The proposed framework focuses on extracting amplitude data from CSI signals, which are then processed and segmented to identify fall-related patterns. Multiple Machine Learning (ML) and Deep Learning (DL) models were trained and evaluated for their performance in accurately detecting falls. Experimental results showed that the Long Short-Term Memory (LSTM) model excelled by displaying high accuracy and proving its proficiency in managing the time-series data characteristic of CSI.",2831-3844,979-8-3503-6867-3,,https://ieeexplore.ieee.org/stamp/stamp.jsp?arnumber=10812620,"['Privacy', 'Information security', 'Medical services', 'Signal processing', 'Fall detection', 'Wearable devices', 'Older adults', 'Wireless fidelity', 'Long short term memory', 'Channel state information']",,3.0,,12.0,IEEE,30 Dec 2024,12-14 Nov. 2024,12-14 Nov. 2024,IEEE,IEEE Conferences,
,,2023,,,,,,,10.1109/biocas58349.2023.10388590,,,,,,"['falls', 'fall detection', 'human pose estimation', 'HPE', 'RGB-D', 'edge inference', 'Computational modeling', 'Pose estimation', 'Refining', 'Predictive models', 'Cameras', 'Real-time systems', 'Convolutional neural networks']",S. N. Ramesh; M. Sarkar; M. Audette; C. Paolini,,,,,,,IEEE,Efficient Real-time Fall Prediction and Detection using Privacy-Centric Vision-based Human Pose Estimation on the Xilinx® Kria™ K26 SOM,"Electrical and Computer Engineering, San Diego State University, San Diego, United States; Electrical and Computer Engineering, San Diego State University, San Diego, United States; Electrical and Computer Engineering, Old Dominion University, Norfolk, United States; Electrical and Computer Engineering, San Diego State University, San Diego, United States",2023 IEEE Biomedical Circuits and Systems Conference (BioCAS),18 Jan 2024,,,1,5,"Falls among elderly people can lead to serious injuries and significantly impact their quality of life. This research proposes a portable, low-power battery-operated, vision-based fall prediction and detection system using a human pose estimation (HPE) model running on an edge computing device, the Xilinx® Kira™ K26 System-on-Module (SOM). The system consists of an Intel® RealSense™ D455 range-sensing camera connected to a KV260 platform. The camera captures synchronized RGB and depth frames of pixel dimensions 640x480x3 (HxWxC) and 640x480, respectively, at a rate of 60 frames per second (FPS) for real-time processing. The KV260 employs a 3-stage pipeline architecture to process the frames through quantized YOLOX, A2J, and fall detection machine learning models.The YOLOX model takes each RGB frame with a dimension of 640x640x3 to produce a bounding box for each human in the frame. The system then discards the RGB frame, preserving privacy. The second model, Anchor-to-Joint (A2J), accepts a depth frame with a dimension of 288x288. The model then produces 15 key points of joint information for each detected human. The final model is a convolutional neural network (CNN) that takes informative joint coordinates (x, y, z) from a set of frames and predicts and detects human fall activity. The fall classification output is displayed on an LCD display.The YOLOX model has a quantized accuracy of 74% and an inference time of 43ms. The A2J model has a quantized accuracy of 76% and an average inference time of 49ms on the SOM board. The fall detection model has a quantized accuracy of 72.86% and an average inference time of 1.17 ms.",2766-4465,979-8-3503-0026-0,,https://ieeexplore.ieee.org/stamp/stamp.jsp?arnumber=10388590,"['Computational modeling', 'Pose estimation', 'Refining', 'Predictive models', 'Cameras', 'Real-time systems', 'Convolutional neural networks']",,2.0,,22.0,IEEE,18 Jan 2024,19-21 Oct. 2023,19-21 Oct. 2023,IEEE,IEEE Conferences,
,,2023,,,,,,,10.1109/honet59747.2023.10374742,,,,,,"['fall detection', 'artificial intelligence', 'internet of things', 'neural network', 'Accelerometers', 'Privacy', 'Tracking', 'Smart cities', 'Medical services', 'Infrared sensors', 'Robot sensing systems']",Z. Liu,,,,,,,IEEE,Detecting Falls Through Convolutional Neural Networks Using Infrared Sensor and Accelerometer,"Valley Christian High School, San Jose, California","2023 IEEE 20th International Conference on Smart Communities: Improving Quality of Life using AI, Robotics and IoT (HONET)",1 Jan 2024,,,152,155,"Over 20 million seniors in the US live alone, at risk of falling without being able to notify anyone of their distress. Falls among the elderly pose significant health risks, and early detection is crucial for minimizing their impact. Current methods for fall detection utilize camera-based systems and accelerometers to track body position and movement. However, these methods suffer from high false-positive rates and lack of user privacy. In our work, we remedy these issues by combining infrared sensors and accelerometers with advanced machine-learning algorithms for fall detection. Our work shows that through our unique integration of multiple sensors' data, a convolutional neural network (CNN) is able to accurately detect falls while maintaining high precision and recall rates. This research aims to guide future advancements in the field, assisting researchers, engineers, and healthcare professionals in developing innovative solutions to improve the quality of life for the elderly and reduce healthcare burdens.",1949-4106,979-8-3503-3111-0,,https://ieeexplore.ieee.org/stamp/stamp.jsp?arnumber=10374742,"['Accelerometers', 'Privacy', 'Tracking', 'Smart cities', 'Medical services', 'Infrared sensors', 'Robot sensing systems']",,2.0,,13.0,IEEE,1 Jan 2024,4-6 Dec. 2023,4-6 Dec. 2023,IEEE,IEEE Conferences,
,,2025,,,,,,,10.1109/yac66630.2025.11149881,,,,,,"['fall detection', 'thermal infrared images', 'pose estimation', 'ST-GCN', 'transfer learning', 'Privacy', 'Accuracy', 'Image resolution', 'Target tracking', 'Pose estimation', 'Transfer learning', 'Feature extraction', 'Reliability', 'Fall detection', 'Older adults']",L. Hu; W. Xu,,,,,,,IEEE,Fall Detection by Pose Estimation with Thermal Infrared Images for Elderly in Daily Life,"College of Information Science and Technology, Donghua University, Shanghai, China; College of Information Science and Technology, Donghua University, Shanghai, China",2025 40th Youth Academic Annual Conference of Chinese Association of Automation (YAC),12 Sep 2025,,,189,194,"Falls present a significant risk to elderly individuals in their daily life, particularly during nighttime activities such as getting in and out of bed or using the bathroom. Accurate and rapid detection of falls can enable caregivers to intervene promptly, thereby reducing potential harm. To address issues of invasiveness, reliability, and privacy associated with existing methods, an automatic fall detection method based on thermal infrared images is proposed. The approach utilizes a human pose estimation network (AlphaPose) to extract human keypoints, which are then fed into a spatio-temporal graph convolutional network (ST-GCN) to detect falls. Initially, to enhance the performance of AlphaPose, a YOLOv7-tiny framework is integrated, augmented with a squeeze-and-excitation self-attention mechanism, and traditional upsampling is replaced with content-aware reassembly of features (CARAFE). Additionally, a low-complexity Kalman filter is employed for target tracking, ensuring stable fall detection. Experimental results demonstrate that, for images with resolutions ranging from 416×416 to 96×96, the improved model achieves a high mean average precision (mAP) in 2D pose estimation. The proposed method ensures immediate response during fall events, achieving 100% accuracy while maintaining a low computational complexity.",2837-8601,979-8-3315-0330-7,,https://ieeexplore.ieee.org/stamp/stamp.jsp?arnumber=11149881,"['Privacy', 'Accuracy', 'Image resolution', 'Target tracking', 'Pose estimation', 'Transfer learning', 'Feature extraction', 'Reliability', 'Fall detection', 'Older adults']",,,,17.0,IEEE,12 Sep 2025,17-19 May 2025,17-19 May 2025,IEEE,IEEE Conferences,
,,2024,,,,,,,10.1109/iswta62130.2024.10651725,,,,,,"['passive radar', 'fall detection', 'threshold', 'Wi-Fi', 'Passive radar', 'Privacy', 'Accuracy', 'Radar detection', 'Threshold voltage', 'Safety', 'Reliability']",H. Razali; N. E. Abd Rashid; A. B. Azman; M. N. F. Nasarudin; Z. I. Khan; S. A. Che Ab Rahim,,,,,,,IEEE,Threshold-Based Fall Detection System Utilizing Passive Wi-Fi Radar Technology,"School of Engineering, Universiti Teknologi MARA, Shah Alam, Selangor; Microwave Research Institute, Universiti Teknologi MARA, Shah Alam, Selangor; School of Engineering, Universiti Teknologi MARA, Shah Alam, Selangor; School of Engineering, Univerisiti Teknologi MARA, Shah Alam, Selangor; Microwave Research Institute, Universiti Teknologi MARA, Shah Alam, Selangor; Microwave Research Institute, Universiti Teknologi MARA, Shah Alam, Selangor",2024 IEEE Symposium on Wireless Technology & Applications (ISWTA),3 Sep 2024,,,157,161,"This research introduces a Wi-Fi passive radar approach to address key challenges in current fall detection systems, including privacy concerns associated with camera-based systems, and the inconvenience of wearable sensors. By leveraging existing Wi-Fi signals, this research offers a non-intrusive and low-cost solution for continuous fall monitoring in home environments. The primary objective is to enhance safety for individuals at risk of falling by developing a sensor capable of accurately differentiating between fall and non-fall incidents. The methodology involves analyzing a dataset of 10 radar signals, equally distributed between falls and non-falls by using effective thresholding techniques. The system examines features such as voltage drop and signal envelope characteristics to identify fall incidents. The threshold-based classification method demonstrates remarkable accuracy, successfully distinguishing between falls and non-falls with 100% precision in our experimental dataset. This research contributes to the development of non-intrusive, reliable fall detection systems, potentially improving the safety and independence of elderly individuals living alone.",2324-7851,979-8-3503-5135-4,Universiti Teknologi MARA (UiTM); ,https://ieeexplore.ieee.org/stamp/stamp.jsp?arnumber=10651725,"['Passive radar', 'Privacy', 'Accuracy', 'Radar detection', 'Threshold voltage', 'Safety', 'Reliability']",,,,11.0,IEEE,3 Sep 2024,20-21 July 2024,20-21 July 2024,IEEE,IEEE Conferences,
,,2025,,,,,,,10.1109/imas66694.2025.11387181,,,,,,"['Fall detection', 'CW Doppler radar systems', 'Machine learning approach', 'LSTM and Random forest', 'Time frequency analysis', 'Radio frequency', 'Microwave antennas', 'Time-frequency analysis', 'Privacy', 'Accuracy', 'Doppler radar', 'Discrete cosine transforms', 'Fall detection', 'Long short term memory', 'Spectrogram']",J. N. Sameera; M. S. Ishrak; V. M. Lubecke; O. Boric-Lubecke,,,,,,,IEEE,Machine Learning-Driven Fall Detection with CW 2.4 GHz Doppler Radar Based on Time-Frequency Domain Features,"Electrical and Computer Engineering, University of Hawaii at Manoa Honolulu, USA; Electrical and Computer Engineering, University of Hawaii at Manoa Honolulu, USA; Electrical and Computer Engineering, University of Hawaii at Manoa Honolulu, USA; Electrical and Computer Engineering, University of Hawaii at Manoa Honolulu, USA",2025 IEEE International Microwave and Antenna Symposium (IMAS),20 Feb 2026,,,1,5,"Doppler radar-based fall detection is a promising technique for elderly monitoring, without compromising privacy and requiring user compliance. Reliable fall detection requires differentiation between intentional body motion and fall events. In this paper, we present a machine learning based method that successfully differentiates falls from other motions with overlapping frequency content by using time-frequency markers obtained by applying the Discrete Cosine Transform and the Spectral binning method. This method achieves an accuracy of 99% in detecting fall and non-fall events with the Long Shortterm memory model while lowering the computational cost.",,979-8-3315-4907-7,National Science Foundation; ,https://ieeexplore.ieee.org/stamp/stamp.jsp?arnumber=11387181,"['Radio frequency', 'Microwave antennas', 'Time-frequency analysis', 'Privacy', 'Accuracy', 'Doppler radar', 'Discrete cosine transforms', 'Fall detection', 'Long short term memory', 'Spectrogram']",,,,19.0,IEEE,20 Feb 2026,21-23 Oct. 2025,21-23 Oct. 2025,IEEE,IEEE Conferences,
,,2024,,,,,,,10.1109/iwcmc61514.2024.10592481,,,,,,"['Fall detection', 'wearable devices', 'diabetes', 'ambient assisted living (AAL)', 'wireless sensors', 'smartphone application', 'Wireless communication', 'Wireless sensor networks', 'Hospitals', 'Sensors', 'Security', 'Fall detection', 'Older adults']",B. Al-Rowaili; N. Al-Obaidli; D. Al-Marri; K. Abualsaud; E. Yaacoub,,,,,,,IEEE,Fall Detection Wristband with Optimized Security and Health Monitoring,"Depratment of Computer Science and Engineering, College of Engineering, Qatar University, Doha, Qatar; Depratment of Computer Science and Engineering, College of Engineering, Qatar University, Doha, Qatar; Depratment of Computer Science and Engineering, College of Engineering, Qatar University, Doha, Qatar; Depratment of Computer Science and Engineering, College of Engineering, Qatar University, Doha, Qatar; Depratment of Computer Science and Engineering, College of Engineering, Qatar University, Doha, Qatar",2024 International Wireless Communications and Mobile Computing (IWCMC),17 Jul 2024,,,697,702,"Several people suffer from sudden falls, which puts them seriously at high risk if they do not get help right away. However, if people own a wearable device, they can utilize it to get them help from a nearest hospital whenever they feel tired or suffer from a sudden fall. Elderly people also tend to live alone. After a fall, it is rare for an elderly person to be able to get up or ask for assistance. Therefore, to enable patients to request assistance even in cases where they are unable to get up after a fall, an advanced fall detection system is required, with appropriate hardware and software components. Wireless sensors and Global Positioning System (GPS) gadgets are among the technologies that can be utilized in this regard. While sensors collect information about movement, a GPS device uses information from satellites to pinpoint an object’s exact location inside a given space. The goal of this paper is to describe a developed and implemented fall detection wearable wristband with lightweight security for health monitoring. In the event of an emergency, the smartphone application will communicate the user’s specific location to the nearest hospital and their emergency contacts. The proposed wristband achieved our goal by developing a system that can communicate with the mobile application. Furthermore, the model testing produced $92 \%$ overall accuracy.",2376-6506,979-8-3503-6126-1,Qatar University; ,https://ieeexplore.ieee.org/stamp/stamp.jsp?arnumber=10592481,"['Wireless communication', 'Wireless sensor networks', 'Hospitals', 'Sensors', 'Security', 'Fall detection', 'Older adults']",,4.0,,20.0,IEEE,17 Jul 2024,27-31 May 2024,27-31 May 2024,IEEE,IEEE Conferences,
,,2024,,,,,,,10.1109/iscas58744.2024.10558331,,,,,,"['Deep Learning (CNN)', 'FMCW Radar', 'mmWave', 'point-cloud', 'posture classification', 'Point cloud compression', 'Deep learning', 'Accuracy', 'Radar measurements', 'Current measurement', 'Millimeter wave radar', 'Bending']",P. Mahajan; D. Chaudhary; M. Khan; M. H. Khan; M. Wajid; A. Srivastava,,,,,,,IEEE,A Point Cloud-Based Non-Intrusive Approach for Human Posture Classification by Utilizing 77 GHz FMCW Radar and Deep Learning Models,"Centre for VLSI and Embedded Systems Technology (CVEST), IIIT Hyderabad, India; Department of Electronics Engineering, Z.H.C.E.T. Aligarh Muslim University, India; Department of Electronics Engineering, Z.H.C.E.T. Aligarh Muslim University, India; Centre for VLSI and Embedded Systems Technology (CVEST), IIIT Hyderabad, India; Department of Electronics Engineering, Z.H.C.E.T. Aligarh Muslim University, India; Centre for VLSI and Embedded Systems Technology (CVEST), IIIT Hyderabad, India",2024 IEEE International Symposium on Circuits and Systems (ISCAS),2 Jul 2024,,,1,5,"Human posture analysis has gained a significant research interest in the recent times. It helps in many applications such as gait analysis for detecting neurological disorders, fall detection of elderly people, and continuous monitoring of severely ill patients. Camera-based vision systems are commonly employed for detecting human postures; however, they cause concerns over the subjects’ privacy. To address this challenge, we present a millimeter wave (mmWave) radar-based, truly non-contact, non-intrusive, and privacy-conscious posture detection and classification system in this research. The proposed system utilizes three-dimensional point cloud data of the subject to comprehensively classify body postures, capturing intricate real-time details. In this work, we also present a custom-designed Convolutional Neural Network (CNN) and its comparison with other models, which are conventionally used for posture classification. We also demonstrate the hardware implementation of the proposed system and present the measurement results using Texas Instruments’ IWR1843BOOST radar module. The proposed CNN model achieves an accuracy of 97.10% while classifying standing, sitting, lying and bending postures.",2158-1525,979-8-3503-3099-1,,https://ieeexplore.ieee.org/stamp/stamp.jsp?arnumber=10558331,"['Point cloud compression', 'Deep learning', 'Accuracy', 'Radar measurements', 'Current measurement', 'Millimeter wave radar', 'Bending']",,7.0,,28.0,IEEE,2 Jul 2024,19-22 May 2024,19-22 May 2024,IEEE,IEEE Conferences,
,,2023,,,,,,,10.1109/tensymp55890.2023.10223481,,,,,,"['Bed falls', 'Force sensitive resistors', 'Prediction system', 'Remote monitoring', 'Internet of Things', 'Resistors', 'Neurological diseases', 'Privacy', 'Patient monitoring', 'Wearable computers', 'Force', 'Psychology']",M. F. Wafiq; M. Taz; F. Nowrin; A. M. Chowdhury; A. H. M. A. Rahim; M. M. H. Shawon; M. R. Hasan; T. Mahmud,,,,,,,IEEE,An IoT-Based Bed Fall Prediction System Using Force Sensitive Resistor,"Department of Electrical and Electronic Engineering, Brac University, Dhaka, Bangladesh; Department of Electrical and Electronic Engineering, Brac University, Dhaka, Bangladesh; Department of Electrical and Electronic Engineering, Brac University, Dhaka, Bangladesh; Department of Electrical and Electronic Engineering, Brac University, Dhaka, Bangladesh; Department of Electrical and Electronic Engineering, Brac University, Dhaka, Bangladesh; Department of Electrical and Electronic Engineering, Brac University, Dhaka, Bangladesh; Department of Electrical and Electronic Engineering, Brac University, Dhaka, Bangladesh; Department of Electrical and Electronic Engineering, Brac University, Dhaka, Bangladesh",2023 IEEE Region 10 Symposium (TENSYMP),28 Aug 2023,,,1,6,"Patients with impaired mobility and neurological disorders such as Alzheimer's disease, Parkinson's disease, dementia etc. are vulnerable to bed falls, which can be damaging to their physical and psychological well-being. Existing systems are mostly fall detection based on wearable devices, which can be uncomfortable to wear or ambient devices such as cameras that invade privacy. A bed falls prediction system using force sensitive resistors (FSR) has been proposed in this paper. It is designed to eliminate privacy intrusion and discomfort issues. The system can identify the patient's different on-bed positions and determine the possibility of bed falls. In case of any risky position, the caretaker will be alerted to mobile applications via the Internet of Things (IoT), making patient monitoring more accessible and manageable. This integrated system yields an average of 92% accuracy for 5 different on-bed positions. The bed fall prediction system will facilitate caretakers/nurses to take care conveniently at homes, hospitals and assisted care facilities to ensure patients' health and safety.",2642-6102,978-1-6654-8258-5,,https://ieeexplore.ieee.org/stamp/stamp.jsp?arnumber=10223481,"['Resistors', 'Neurological diseases', 'Privacy', 'Patient monitoring', 'Wearable computers', 'Force', 'Psychology']",,2.0,,13.0,IEEE,28 Aug 2023,6-8 Sept. 2023,6-8 Sept. 2023,IEEE,IEEE Conferences,
,,2025,,,,,,,10.1109/ecnct66493.2025.11172429,,,,,,"['community elderly care', 'intelligent elderly care', 'IoT', 'fall detection', 'privacy protection', 'Privacy', 'Data privacy', 'Visualization', 'Hardware', 'Sensor systems', 'Environmental monitoring', 'Older adults', 'Fall detection', 'Protection', 'Intelligent sensors']",P. Ren; F. Liu; R. Qi; W. Huang,,,,,,,IEEE,Design and Implementation of Community Intelligent Elderly Care System,"School of Electronic Information Engineering, Inner Mongolia University, Hohhot, China; School of Electronic Information Engineering, Inner Mongolia University, Hohhot, China; School of Electronic Information Engineering, Inner Mongolia University, Hohhot, China; School of Electronic Information Engineering, Inner Mongolia University, Hohhot, China","2025 7th International Conference on Electronics and Communication, Network and Computer Technology (ECNCT)",25 Sep 2025,,,581,584,"Aiming at the existing intelligent elderly care systems only for home users, which has the problems of missing status information, high hardware requirements, and reliance on third-party platforms, this paper proposes a community elderly care program. First, an image acquisition and transmission system based on fall detection triggering is designed, which fully considers privacy protection rather than real-time monitoring. Secondly, an environmental parameter monitoring system based on STM32 and analog sensors is developed to effectively reduce the performance requirements of hardware. Finally, a three-node IoT transmission system of ""Resident-Cloud-Community"" is built based on the public network to realize the direct connection between resident and communities. The program aims to build a more independent, efficient and privacy-protected community-based intelligent elderly care system.",,979-8-3315-9969-0,,https://ieeexplore.ieee.org/stamp/stamp.jsp?arnumber=11172429,"['Privacy', 'Data privacy', 'Visualization', 'Hardware', 'Sensor systems', 'Environmental monitoring', 'Older adults', 'Fall detection', 'Protection', 'Intelligent sensors']",,,,9.0,IEEE,25 Sep 2025,18-20 July 2025,18-20 July 2025,IEEE,IEEE Conferences,
,,2025,,,,,,,10.1109/amathe65477.2025.11081239,,,,,,"['Fall detection', 'Healthcare monitoring', 'Telemedicine', 'Real-time processing', 'Personalization', 'Training', 'Visualization', 'Accuracy', 'Medical services', 'Real-time systems', 'Internet of Things', 'Object recognition', 'Convolutional neural networks', 'Older adults', 'Smart glasses']",C. S. Ranganathan; P. Sangeetha; N. Mohankumar; D. Bharathi Dhasan; T. Geetha; S. Murugan,,,,,,,IEEE,IoT-Driven Smart Glasses for Visual Assistance in Elderly Care with Deep Learning Solutions,"Mphasis Corporation, Chennai, Tamil Nadu, India; Department of Electronics and Communication Engineering, Sona College of Technology, Salem, Tamil Nadu, India; Symbiosis Institute of Technology, Nagpur Campus,Symbiosis International (Deemed University), Pune, India; Department of Electronics and Communication Engineering, R.M.D Engineering college, Chennai, Tamil Nadu, India; Science(CAIDS), Department of Computer Science and Engineering, Centre for Artificial Intelligence & Data Science(CAIDS), Vinayaka Missions Kirupananda Variyar Engineering College, Vinayaka Missions Research Foundation (Deemed to be University), Salem, Tamil Nadu, India; Department of Biomedical Engineering, Saveetha School of Engineering, Saveetha Institute of Medical and Technical Sciences Saveetha University, Chennai, Tamil Nadu, India",2025 International Conference on Advances in Modern Age Technologies for Health and Engineering Science (AMATHE),22 Jul 2025,,,1,6,"Smart glasses with advanced visual aid features are a primary instance of how recent advances in the IoT and machine learning have creative solutions for the care of the elderly. These Internet of Things (IoT) devices use machine learning methods, most especially Convolutional Neural Networks (CNNs), to help the elderly with a variety of tasks in real-time, thereby improving their quality of life. This research delves into incorporating CNN algorithms into IoT smart glasses, specifically examining features like object identification, text enlargement, and fall detection. It goes over the theoretical underpinnings of CNNs for image processing, how they may be personalized to meet the specific requirements of individual users, and how they facilitate telemedicine and remote healthcare monitoring. It also optimized the user interface and thought about optimized privacy and security to ensure it works in senior care settings. This investigation highlights the revolutionary effect that CNN-powered IoT smart glasses might have on the autonomy, security, and general well-being of the elderly. It also emphasizes the potential for their widespread use in healthcare transformation.",,979-8-3315-0103-7,,https://ieeexplore.ieee.org/stamp/stamp.jsp?arnumber=11081239,"['Training', 'Visualization', 'Accuracy', 'Medical services', 'Real-time systems', 'Internet of Things', 'Object recognition', 'Convolutional neural networks', 'Older adults', 'Smart glasses']",,1.0,,20.0,IEEE,22 Jul 2025,24-25 April 2025,24-25 April 2025,IEEE,IEEE Conferences,
,,2022,,,,,,,10.1109/jiot.2022.3175894,,,,,,"['Contactless', 'deep learning', 'fall detection', 'information fusion', 'millimeter-wave radar', 'Radar', 'Radar detection', 'Fall detection', 'Older adults', 'Feature extraction', 'Neural networks', 'Ultra wideband radar']",Y. Yao; C. Liu; H. Zhang; B. Yan; P. Jian; P. Wang; L. Du; X. Chen; B. Han; Z. Fang,,,,,,,IEEE,Fall Detection System Using Millimeter-Wave Radar Based on Neural Network and Information Fusion,"Aerospace Information Research Institute, Chinese Academy of Sciences, Beijing, China; Aerospace Information Research Institute, Chinese Academy of Sciences, Beijing, China; Aerospace Information Research Institute, Chinese Academy of Sciences, Beijing, China; School of Electronic Information and Electrical Engineering, Shanghai Jiao Tong University, Shanghai, China; Aerospace Information Research Institute, Chinese Academy of Sciences, Beijing, China; Aerospace Information Research Institute, Chinese Academy of Sciences, Beijing, China; Aerospace Information Research Institute, Chinese Academy of Sciences, Beijing, China; Aerospace Information Research Institute, Chinese Academy of Sciences, Beijing, China; Department of Cardiology, Sixth Medical Center of Chinese PLA General Hospital, Beijing, China; Aerospace Information Research Institute, Chinese Academy of Sciences, Beijing, China",IEEE Internet of Things Journal,21 Oct 2022,9,21.0,21038,21050,"Falls are fatal for the elderly, and timely detection after falls is crucial. As a contactless device, the radar sensor can monitor users’ falls with the advantage of not revealing their privacy. Today, the use of radar for fall detection has made a significant progress. However, most current methods cannot be used in real complex scenes. They usually collect fewer types of actions, and the ratio of the number of nonfall samples to the number of fall samples is small, which is not consistent with the real-life scene. In addition, the classifiers are usually trained and tested on the same environments and the same people, which cannot be easily extended to new environments and new people. We designed a robust fall detection system based on the frequency-modulated continuous-wave (FMCW) radar to solve these issues. The system detects the moment of human movement and calculates the range–velocity map, range–horizontal angle map, and range–vertical angle map of the radar signals, and creates three neural networks for these three signal maps. The stacking method of ensemble learning is used to fuse the time–space–velocity features extracted by the three neural networks to identify falls. The method was trained and tested on a data set consisting of ten scenes, 21 subjects, 52 nonfall action types, and 12 fall action types. The results show that on the test set containing only new environments and new subjects, the recall is 0.983 and the precision is 0.975.",2327-4662,,"National Key Research and Development Project(grant numbers:2018YFC2001101,2018YFC2001802,2020YFC2003703,2020YFC1512304); CAMS Innovation Fund for Medical Sciences(grant numbers:2019-I2M-5-019); National Natural Science Foundation of China(grant numbers:62071451); ",https://ieeexplore.ieee.org/stamp/stamp.jsp?arnumber=9776496,"['Radar', 'Radar detection', 'Fall detection', 'Older adults', 'Feature extraction', 'Neural networks', 'Ultra wideband radar']",,84.0,,37.0,IEEE,17 May 2022,"1 Nov.1, 2022",,IEEE,IEEE Journals,
,,2023,,,,,,,10.1109/jbhi.2023.3237077,,,,,,"['Fall monitoring', 'multi-stream neural network', 'fusion network', 'radar system', 'explainable network', 'Radar', 'Sensors', 'Doppler radar', 'Monitoring', 'Feature extraction', 'Doppler effect', 'Fall detection']",M. Shen; K. -L. Tsui; M. A. Nussbaum; S. Kim; F. Lure,,,,,,,IEEE,"An Indoor Fall Monitoring System: Robust, Multistatic Radar Sensing and Explainable, Feature-Resonated Deep Neural Network","Department of Industrial and System Engineering, Virginia Tech, Blacksburg, VA, USA; Department of Industrial and System Engineering, Virginia Tech, Blacksburg, VA, USA; Department of Industrial and System Engineering, Virginia Tech, Blacksburg, VA, USA; Department of Industrial and System Engineering, Virginia Tech, Blacksburg, VA, USA; Chief Product Officer with MS Technologies Corp., Rockville, MD, USA",IEEE Journal of Biomedical and Health Informatics,4 Apr 2023,27,4.0,1891,1902,"Indoor fall monitoring is challenging for community-dwelling older adults due to the need for high accuracy and privacy concerns. Doppler radar is promising, given its low-cost and contactless sensing mechanism. However, the line-of-sight restriction limits the application of radar sensing in practice, as the Doppler signature will vary when the sensing angle changes, and signal strength will substantially degrade with large aspect angles. Additionally, the similarity of the Doppler signatures among different fall types makes classification challenging. To address these problems, we first present an experimental study to obtain Doppler signals under large and arbitrary aspect angles for diverse types of simulated activities. We then develop a novel, explainable, multi-stream, feature-resonated neural network (eMSFRNet) that achieves fall detection and a pioneering study of classifying seven fall types. eMSFRNet is robust to radar sensing angles and subjects, and is the first method that can resonate and enhance feature information from noisy/weak Doppler signatures. The multiple feature extractors - from ResNet, DenseNet, and VGGNet - extract diverse feature information with various spatial abstractions from a pair of Doppler signals. The resonated-fusion translates the multi-stream features to a single salient feature that is critical to fall detection and classification. eMSFRNet achieved 99.3% accuracy detecting falls and 76.8% accuracy classifying seven fall types. Our work is the firstmultistatic robust sensing system that overcomes the challenges associated with Doppler signatures under large and arbitrary aspect angles. Our work also demonstrates the potential to accommodate radar monitoring tasks that demand precise and robust sensing.",2168-2208,,National Institute of Aging; National Institutes of Health(grant numbers:1R41AG050382-01); ,https://ieeexplore.ieee.org/stamp/stamp.jsp?arnumber=10024791,"['Radar', 'Sensors', 'Doppler radar', 'Monitoring', 'Feature extraction', 'Doppler effect', 'Fall detection']",,25.0,,46.0,IEEE,23 Jan 2023,April 2023,,IEEE,IEEE Journals,
,,2023,,,,,,,10.1109/jiot.2023.3251980,,,,,,"['Fall detection', 'feature extraction', 'image processing', 'infrared Sensor', 'radial basis function (RBF) neural network', 'Radar', 'Detectors', 'Fall detection', 'Sensor arrays', 'Radar detection', 'Monitoring', 'Older adults']",C. He; S. Liu; G. Zhong; H. Wu; L. Cheng; G. Yan; Y. Wen,,,,,,,IEEE,A Noncontact Fall Detection Method for Bedside Application With a MEMS Infrared Sensor and a Radar Sensor,"School of Computer, Guangdong University of Technology, Guangzhou, China; School of Computer, Guangdong University of Technology, Guangzhou, China; School of Computer, Guangdong University of Technology, Guangzhou, China; School of Automation, Guangdong University of Technology, Guangzhou, China; School of Computer, Guangdong University of Technology, Guangzhou, China; Institute of Microelectronics, Peking University, Beijing, China; Reproductive Medicine Center, The First Affiliated Hospital, Sun Yat-Sen University, Guangzhou, China",IEEE Internet of Things Journal,6 Jul 2023,10,14.0,12577,12589,"With the rapid development of economy, science, and technology, the aging issues become more and more serious. People aged above 65 have a risk of 28%–35% to fall. Among them, bedside falls happen most frequently. Therefore, the capability to detect fall events of the elderly is very important. In this article, a novel noncontact fall detector based on a MEMS low-resolution infrared sensor and a low-cost radar sensor is developed to detect bedside fall. Besides, IR image processing algorithms based on the adaptive filter, successive approximation, double boundary scans, and mathematical morphology processing are proposed in detail. Partition processing algorithm is used to suppress the influence of residual or existed heat sources on the bed or ground. Then, the statistical features of the center, area, temperature and duration, as well as stable flag and fall action flag, are extracted for fall recognition. Finally, a three-layer radial basis function neural network is applied to distinguish the fall events from the nonfall events. Considering the influence factors of ambient temperature, brightness, gender, dressing, fall posture, fall location, and scenario, a total of 640 tests are conducted and 5-fold cross validation is used to evaluate the classification performance. Experimental results indicate that the averages of the recall, precision, F1-Score, and detection accuracy are measured to be 91.25%, 94.76%, 92.97%, and 93.13%, respectively, which demonstrates that the proposed fall detection method is effective. Besides, the detection accuracy decreases from 96.88% to 85.94% as the ambient temperature rises. Hence, this noncontact fall detector can be widely applied for bedside fall detection at home, which is low cost, nonwearable, unobtrusive, noninvasive, and privacy preserved.",2327-4662,,"National Natural Science Foundation of China(grant numbers:62104047,U22A2012,62173098,U2001201); ",https://ieeexplore.ieee.org/stamp/stamp.jsp?arnumber=10058501,"['Radar', 'Detectors', 'Fall detection', 'Sensor arrays', 'Radar detection', 'Monitoring', 'Older adults']",,20.0,,45.0,IEEE,3 Mar 2023,"15 July15, 2023",,IEEE,IEEE Journals,
,,2023,,,,,,,10.1109/jsen.2023.3314407,,,,,,"['Fall detection', 'frequency-modulated continuous wave (FMCW) radar', 'inverted residual module and Swin-Transformer module (IR-ST) network', 'lightweight network', 'Swin-Transformer block', 'Convolution', 'Sensors', 'Transformers', 'Radar imaging', 'Radar detection', 'Neural networks', 'Chirp']",M. Gu; Z. Chen; K. Chen; H. Pan,,,,,,,IEEE,IR-ST: A Lightweight Transformer Network for Human Fall Detection Based on FMCW Radar,"School of Information Science and Engineering, Zhejiang Sci-Tech University, Hangzhou, China; School of Information Science and Engineering, Zhejiang Sci-Tech University, Hangzhou, China; School of Information Science and Engineering, Zhejiang Sci-Tech University, Hangzhou, China; School of Information Science and Engineering, Zhejiang Sci-Tech University, Hangzhou, China",IEEE Sensors Journal,16 Oct 2023,23,20.0,25128,25135,"Without timely treatment, falls often cause serious injuries in elderly individuals. Due to the aging of the global population, an efficient and privacy preserving fall detection system is exceptionally indispensable. According to the above requirements, this article proposes a lightweight neural network inverted residual module and Swin-Transformer module (IR-ST) based on the combination of inverted residual module and Swin-Transformer block. First, the original data are collected by a millimeter-wave radar, and the range-Doppler-average matrix (RDAM) method is used to extract the micro-Doppler map. Second, the spatial feature information in the radar micro-Doppler map is extracted using the inverted residual module. The self-attention mechanism in the Swin-Transformer module is used to learn timing feature information. Finally, the classification results are generated and displayed after processing the data through the fully connected layer. The experiments indicate that the IR-ST neural network exhibits superior accuracy in fall detection, with optimized model parameters that result in reduced prediction time.",1558-1748,,Zhejiang Science Technology Department Public Service Technology Research Project(grant numbers:LGG21F030015); ,https://ieeexplore.ieee.org/stamp/stamp.jsp?arnumber=10254502,"['Convolution', 'Sensors', 'Transformers', 'Radar imaging', 'Radar detection', 'Neural networks', 'Chirp']",,16.0,,27.0,IEEE,18 Sep 2023,"15 Oct.15, 2023",,IEEE,IEEE Journals,
,,2022,,,,,,,10.26599/tst.2022.9010011,,,,,,"['wireless signal', 'channel status information', 'fall detection', 'wireless sensing', 'Wireless communication', 'Wireless sensor networks', 'Privacy', 'Machine learning algorithms', 'Signal processing algorithms', 'Sensor systems', 'Sensors']",C. Wang; L. Tang; M. Zhou; Y. Ding; X. Zhuang; J. Wu,,,,,,,IEEE,Indoor Human Fall Detection Algorithm Based on Wireless Sensing,"Key laboratory of Specialty Fiber Optics and Optical Access Networks, Joint International Research Laboratory of Specialty Fiber Optics and Advanced Communication, Shanghai University, Shanghai, China; Key laboratory of Specialty Fiber Optics and Optical Access Networks, Joint International Research Laboratory of Specialty Fiber Optics and Advanced Communication, Shanghai University, Shanghai, China; Key laboratory of Specialty Fiber Optics and Optical Access Networks, Joint International Research Laboratory of Specialty Fiber Optics and Advanced Communication, Shanghai University, Shanghai, China; Key laboratory of Specialty Fiber Optics and Optical Access Networks, Joint International Research Laboratory of Specialty Fiber Optics and Advanced Communication, Shanghai University, Shanghai, China; Key laboratory of Specialty Fiber Optics and Optical Access Networks, Joint International Research Laboratory of Specialty Fiber Optics and Advanced Communication, Shanghai University, Shanghai, China; Department of Computer and Information Sciences, Temple University, Philadelphia, PA, USA",Tsinghua Science and Technology,21 Jun 2022,27,6.0,1002,1015,"As the main health threat to the elderly living alone and performing indoor activities, falls have attracted great attention from institutions and society. Currently, fall detection systems are mainly based on wear sensors, environmental sensors, and computer vision, which need to be worn or require complex equipment construction. However, they have limitations and will interfere with the daily life of the elderly. On the basis of the indoor propagation theory of wireless signals, this paper proposes a conceptual verification module using Wi-Fi signals to identify human fall behavior. The module can detect falls without invading privacy and affecting human comfort and has the advantages of noninvasive, robustness, universality, and low price. The module combines digital signal processing technology and machine learning technology. This paper analyzes and processes the channel state information (CSI) data of wireless signals, and the local outlier factor algorithm is used to find the abnormal CSI sequence. The support vector machine and extreme gradient boosting algorithms are used for classification, recognition, and comparative research. Experimental results show that the average accuracy of fall detection based on wireless sensing is more than 90%. This work has important social significance in ensuring the safety of the elderly.",1007-0214,,"National Natural Science Foundation of China(grant numbers:61572304,61272096); ",https://ieeexplore.ieee.org/stamp/stamp.jsp?arnumber=9802871,"['Wireless communication', 'Wireless sensor networks', 'Privacy', 'Machine learning algorithms', 'Signal processing algorithms', 'Sensor systems', 'Sensors']",,13.0,,24.0,,21 Jun 2022,December 2022,,TUP,TUP Journals,
,,2024,,,,,,,10.1109/icces63552.2024.10859472,,,,,,"['child safety', 'daycare monitoring', 'Edge AI', 'child missing detection', 'facial expression analysis', 'cry classification', 'fall detection', 'behavior analysis', 'Privacy', 'Ethics', 'Accuracy', 'Surveillance', 'Machine learning', 'Edge AI', 'Real-time systems', 'Safety', 'Time factors', 'Fall detection']",A. Prathyanga; P. Shyaminda; P. Chamikara; S. Lakshan; S. Thelijjagoda; D. Kasthurirathna,,,,,,,IEEE,Intelligent Daycare: Enhancing Child Safety with IoT and Machine Learning Innovations,"Department of Software Engineering, Sri Lanka Institute of Information Technology, Malabe, Sri Lanka; Department of Software Engineering, Sri Lanka Institute of Information Technology, Malabe, Sri Lanka; Department of Software Engineering, Sri Lanka Institute of Information Technology, Malabe, Sri Lanka; Department of Software Engineering, Sri Lanka Institute of Information Technology, Malabe, Sri Lanka; Department of Computer Systems Engineering, Sri Lanka Institute of Information Technology, Malabe, Sri Lanka; Department of Software Engineering, Sri Lanka Institute of Information Technology, Malabe, Sri Lanka",2024 9th International Conference on Communication and Electronics Systems (ICCES),6 Feb 2025,,,530,538,"Child safety and well-being in daycare settings are important, thus it is vital that the persons in charge be attentive to them. This research tries to solve the problem by introducing a smart and detailed monitoring system that utilizes new technology to enhance safety and support caretakers. The system has various innovative features, such as child missing detection, behavior and facial expression analysis, cry analysis and categorization, and fall detection. Using high-resolution cameras and on-device Edge AI capabilities, it ensures real-time surveillance of children's activities while protecting privacy. The approach integrates behavior and facial expression analysis to assess emotional states, cry recognition to discover childcare needs, as well as a useful fall detection system that can tell the difference between falls and other movements. All these parts synergize to hand over the necessary information to the caregivers on time and in a way that they can act upon. The quantitative experiments in real-time childcare centers show high accuracy through all the components, attesting to the system's reliability and durability. This research has important significance in improving the safety and the frequency response in daycare centers because it gives caregivers automated tools to quickly address the needs of children. While promising, the system has drawbacks, such as potential biases in data models and a reliance on ideal environmental circumstances. Future work intends to improve flexibility across varied daycare situations, improve accuracy through larger datasets, and investigate ethical frameworks for wider application.",,979-8-3503-7797-2,,https://ieeexplore.ieee.org/stamp/stamp.jsp?arnumber=10859472,"['Privacy', 'Ethics', 'Accuracy', 'Surveillance', 'Machine learning', 'Edge AI', 'Real-time systems', 'Safety', 'Time factors', 'Fall detection']",,4.0,,26.0,IEEE,6 Feb 2025,16-18 Dec. 2024,16-18 Dec. 2024,IEEE,IEEE Conferences,
,,2024,,,,,,,10.1109/wf-iot62078.2024.10811273,,,,,,"['Federated Learning', 'Fall Detection', 'Human Activity Recognition', 'Adaptation models', 'Ethics', 'Data privacy', 'Federated learning', 'Medical services', 'Data models', 'Human activity recognition', 'Older adults', 'Fall detection', 'Biomedical monitoring']",P. F. Afandy; P. C. Ng; K. N. Plataniotis,,,,,,,IEEE,Federated Learning for Hierarchical Fall Detection and Human Activity Recognition,"School of Computing Science, University of Glasgow, United Kingdom; Infocomm Technology Cluster, Singapore Institute of Technology, Singapore; The Edward S. Rogers Sr. Department of Electrical & Computer Engineering, University of Toronto, Canada",2024 IEEE 10th World Forum on Internet of Things (WF-IoT),30 Dec 2024,,,1,6,"In healthcare monitoring, precise fall detection (FD) and human activity recognition (HAR) are paramount, especially for the elderly. This paper presents a federated learning (FL) framework that employs a two-stage hierarchical approach to address these needs. The first stage distinguishes between fall and non-fall events, crucial for minimizing false alarms in sensitive environments such as elderly care facilities. Subsequently, if a fall is detected, the system classifies the type of fall to facilitate appropriate medical responses; if no fall is detected, it classifies the specific activity being performed. This approach enables accurate emergency responses and supports personalized healthcare interventions. With FL, all model training are conducted on local devices using wearable data, including inertial measurement unit (IMU) and physiological signals, without the need to share sensitive data centrally, preserving users’ privacy. This method ensures that each device contributes to a global model, whilst maintaining the confidentiality of individual data inputs. Our experimental evaluations demonstrate generalization capabilities in binary classification for FD and highlight challenges in multi-class scenarios for HAR, demonstrating the need for advanced strategies in handling complex classifications. The source code and experimental evaluations are accessible at https://github.com/SIT-FL/FL-Fall-Detection.",2768-1734,979-8-3503-7301-1,Ministry of Education; ,https://ieeexplore.ieee.org/stamp/stamp.jsp?arnumber=10811273,"['Adaptation models', 'Ethics', 'Data privacy', 'Federated learning', 'Medical services', 'Data models', 'Human activity recognition', 'Older adults', 'Fall detection', 'Biomedical monitoring']",,4.0,,23.0,IEEE,30 Dec 2024,10-13 Nov. 2024,10-13 Nov. 2024,IEEE,IEEE Conferences,
,,2024,,,,,,,10.1109/aiiot58432.2024.10574542,,,,,,"['Fall Detection System', 'Convolutional Neural Network', 'Optical Flow Images', 'Deep Learning', 'Image Processing', 'Training', 'Privacy', 'Face recognition', 'Surveillance', 'Sociology', 'Streaming media', 'Real-time systems']",T. K. Kandukuru; S. K. Thangavel; G. Jeyakumar,,,,,,,IEEE,Computer Vision Based Algorithms for Detecting and Classification of Activities for Fall Recognition on Real Time Video,"Department of Computer Science and Engineering, Amrita School of Computing Coimbatore, Amrita Vishwa Vidyapeetham, India; Department of Computer Science and Engineering, Amrita School of Computing Coimbatore, Amrita Vishwa Vidyapeetham, India; Department of Computer Science and Engineering, Amrita School of Computing Coimbatore, Amrita Vishwa Vidyapeetham, India",2024 3rd International Conference on Artificial Intelligence For Internet of Things (AIIoT),2 Jul 2024,,,1,6,"Falls among the elderly population present significant risks, including serious injuries and even death. Prompt detection of falls is crucial for immediate assistance and notification to relevant parties. However, current fall detection systems face challenges and privacy concerns. To address this, a new system is proposed using a Convolutional Neural Network (CNN) and optimizing Optical Flow images through preprocessing in spatial and frequency domains. The system incorporates the Viola-Jones algorithm for human face and action recognition. It is designed for detecting falls in home or room environments, covering various postures - standing, sitting, walking, and falling. Surveillance cameras in public spaces capture relevant data for training the model. The system achieves impressive accuracy and precision, highlighting its effectiveness in fall detection applications.",,979-8-3503-7212-0,,https://ieeexplore.ieee.org/stamp/stamp.jsp?arnumber=10574542,"['Training', 'Privacy', 'Face recognition', 'Surveillance', 'Sociology', 'Streaming media', 'Real-time systems']",,3.0,,19.0,IEEE,2 Jul 2024,3-4 May 2024,3-4 May 2024,IEEE,IEEE Conferences,
,,2024,,,,,,,10.1109/abc61795.2024.10651854,,,,,,"['Ambient assisted living', 'Computer Simulation', 'Dementia', 'Fall detection', 'Smart homes', 'Sensitivity', 'Smart homes', 'Motion detection', 'Sensor systems', 'Real-time systems', 'Reliability', 'Fall detection']",K. Tanaka; M. Kudo; K. Kimura,,,,,,,IEEE,Fall Detection by Ambient Sensors on Years-Long Simulation Data,"Graduate School of Information Science and Technology, Hokkaido University, Sapporo, Japan; Graduate School of Information Science and Technology, Hokkaido University, Sapporo, Japan; Graduate School of Information Science and Technology, Hokkaido University, Sapporo, Japan",2024 International Conference on Activity and Behavior Computing (ABC),3 Sep 2024,,,1,8,"Falls in indoors are a risk that can happen for many elderly people. Especially for elderly persons living alone, it is important to detect falls in real time for keeping their healthy and independent living. In this line, many studies have been made, mainly using cameras or wearable sensors. Compared with those sensors, ambient motion sensors have less impact on residents' privacy, and are also advantageous in battery consumption and setting cost. Unfortunately, traditional fall detection methods with ambient sensors are often limited in experimental situation, observation duration and resident variety. To cope with this problem, we improved a sensor data simulator so as to make falls occur in a large variety in when, where, and who, and produced sensor data for nine years including 26 falls. On the basis of this data, we develop a house-scale, long-term fall detection system using ceiling motion sensors in a virtual smart home. It achieved sensitivity of 0.92 with one false alarm per 216.60 hours.",,979-8-3503-7550-3,,https://ieeexplore.ieee.org/stamp/stamp.jsp?arnumber=10651854,"['Sensitivity', 'Smart homes', 'Motion detection', 'Sensor systems', 'Real-time systems', 'Reliability', 'Fall detection']",,1.0,,38.0,IEEE,3 Sep 2024,29-31 May 2024,29-31 May 2024,IEEE,IEEE Conferences,
,,2024,,,,,,,10.1109/ics64339.2024.00028,,,,,,"['Wi-Fi', 'CSI', 'wearable', 'fall', 'Wearable Health Monitoring Systems', 'Time-frequency analysis', 'Image recognition', 'Transmitters', 'Receivers', 'Feature extraction', 'Fall detection', 'Public healthcare', 'Wireless fidelity', 'Spectrogram']",Y. -R. Lai; T. -Y. Lin; J. -K. Liao; C. -Y. Li,,,,,,,IEEE,WiFi CSI-based Fall Detection from Wearable Devices,"Department of Computer Science, National Yang Ming Chiao Tung University, Hsinchu, Taiwan; Department of Computer Science, National Yang Ming Chiao Tung University, Hsinchu, Taiwan; Department of Computer Science, National Yang Ming Chiao Tung University, Hsinchu, Taiwan; Department of Computer Science, National Yang Ming Chiao Tung University, Hsinchu, Taiwan",2024 International Computer Symposium (ICS),15 Apr 2025,,,114,120,"As the population ages, falls increasingly pose a significant public health concern. This has led to the proposal of many fall detection methods. Some of these methods, based on Wi-Fi Channel State Information (CSI), offer a cost-effective alternative that protects user privacy, which may be compromised by some vision-based solutions. However, conventional CSI-based methods have a major limitation: both the Wi-Fi transmitter and receiver are statically deployed, and only users located within the range between them can be detected. To address this, we propose a solution where detection is based on users’ wearable devices, which send Wi-Fi data to the AP, and the AP collects CSI data for fall detection. We first conduct a case study to confirm its feasibility by considering both time and frequency-time domain features extracted from CSI data. We then apply two spectrogram-based CSI methods, image recognition and features classification on spectrograms. Practical evaluation shows their effectiveness with commercial off-the-shelf (COTS) devices, including Wi-Fi NIC and smartwatch. In particular, the image recognition method can achieve accuracy higher than 80% in most cases with mobile wearable devices.",,979-8-3315-0907-1,National Science and Technology Council; ,https://ieeexplore.ieee.org/stamp/stamp.jsp?arnumber=10959834,"['Wearable Health Monitoring Systems', 'Time-frequency analysis', 'Image recognition', 'Transmitters', 'Receivers', 'Feature extraction', 'Fall detection', 'Public healthcare', 'Wireless fidelity', 'Spectrogram']",,1.0,,48.0,IEEE,15 Apr 2025,24-26 Oct. 2024,24-26 Oct. 2024,IEEE,IEEE Conferences,
,,2025,,,,,,,10.1109/tmc.2025.3557504,,,,,,"['Human localization', 'fall detection', 'Radar', 'Millimeter wave communication', 'Fall detection', 'Sensors', 'Wireless fidelity', 'Mobile computing', 'Wearable devices', 'Robot sensing systems', 'Radar detection', 'Radar antennas']",C. Zhao; Q. Luo; H. Ding; G. Wang; K. Zhao; Z. Wang; W. Xi; J. Zhao,,,,,,,IEEE,mm-Fall: Practical and Robust Fall Detection via mmWave Signals,"School of Computer Science and Engineering, Xi’an Jiaotong University, Xi’an, China; School of Computer Science and Engineering, Xi’an Jiaotong University, Xi’an, China; School of Computer Science and Engineering, Xi’an Jiaotong University, Xi’an, China; School of Computer Science and Engineering, Xi’an Jiaotong University, Xi’an, China; School of Computer Science and Engineering, Xi’an Jiaotong University, Xi’an, China; School of Software Engineering, Xi’an Jiaotong University, Xi’an, China; School of Computer Science and Engineering, Xi’an Jiaotong University, Xi’an, China; School of Computer Science and Engineering, Xi’an Jiaotong University, Xi’an, China",IEEE Transactions on Mobile Computing,6 Aug 2025,24,9.0,8747,8760,"Falls pose a significant risk to the health and well-being of older adults, driving the development of various fall detection systems. Existing solutions have explored wearable and vision sensors, while non-invasive RF-based approaches have raised a growing interest due to their convenience and privacy considerations. Despite major advancements in RF-based passive estimation, current approaches still face challenges in handling complex real-world scenarios. They often lack the ability to generalize to new domains (i.e., people, position, environment), and struggle to accurately detect and localize a fallen person in the presence of unknown activities from nearby objects (e.g., pet animal and robot vacuum cleaner) or persons. To address these challenges, we present mm-Fall, a novel mmWave-based non-invasive fall detection system that utilizes Range-Angle (RA) energy maps to separate and localize multiple moving targets, and further accurately estimate their states. Unlike previous approaches, mm-Fall is capable of working with new domains and effectively distinguishing falls from non-fall motions that may appear similar. Additionally, it performs well in challenging conditions, such as poor lighting and occluded scenarios. Our design of mm-Fall is evaluated in 13 environments with over 16 individuals performing 24+ types of motions. The results demonstrate an impressive average recall of 0.969 and precision of 0.996 in detecting falls, whether involving single or multiple moving targets simultaneously. The source codes and dataset of mmFall are available at https://github.com/iwantlatiao/mmFall.",1558-0660,,"National Key R&D Program of China(grant numbers:2023YFB2904000); National Natural Science Foundation of China(grant numbers:62302383,62372365,U24A20246,62176205); China Postdoctoral Science Foundation(grant numbers:2023M742792); ",https://ieeexplore.ieee.org/stamp/stamp.jsp?arnumber=10948322,"['Radar', 'Millimeter wave communication', 'Fall detection', 'Sensors', 'Wireless fidelity', 'Mobile computing', 'Wearable devices', 'Robot sensing systems', 'Radar detection', 'Radar antennas']",,1.0,,36.0,IEEE,3 Apr 2025,Sept. 2025,,IEEE,IEEE Journals,
,,2025,,,,,,,10.1109/icce63647.2025.10929769,,,,,,"['Fall detection', 'Thermal imaging', 'Time-series analysis', 'Torso', 'Thermal expansion', 'Accuracy', 'Wheelchairs', 'Time series analysis', 'Feature extraction', 'Cameras', 'Thermal analysis', 'Fall detection', 'Monitoring']",S. Nakamura; M. Yamauchi; M. Sugita; Y. Aso; Y. Ohsita; H. Shimonishi,,,,,,,IEEE,Detecting Falls and Slips in Wheelchair Users Using Low-Resolution Thermal Imaging,"Graduate School of Information Science and Technology, Osaka University, Osaka, Japan; Graduate School of Information Science and Technology, Osaka University, Osaka, Japan; Graduate School of Engineering, Osaka University, Osaka, Japan; Advanced Network and DX Strategy Dept, NEC Corporation, Tokyo, Japan; D3 Center, Osaka University, Osaka, Japan; D3 Center, Osaka University, Osaka, Japan",2025 IEEE International Conference on Consumer Electronics (ICCE),26 Mar 2025,,,1,6,"The demand for monitoring in private rooms is increasing as the aging population grows, and thermal cameras are expected for privacy-preserving monitoring to deal with accidents in private rooms. This paper focuses specifically on wheelchair users who are more prone to falls. Falls can be classified into high-risk falls that cause injury and low-risk slips where users gradually slide out of the wheelchair. Treating both equally risks generating excessive warnings and missing true emergencies. In this study, we used low-resolution thermal images to detect and distinguish high-risk falls and low-risk slips. However, video analysis requires clear images of the limbs and other details of the body, but thermal cameras cannot consistently capture such detailed features. To overcome this, we developed a system called “Fall Detection using CNN and Torso Features (FDCTF).” While CNN-extracted features require clear textures and shapes, torso angle changes are less dependent on resolution and can effectively differentiate falls from slips based on the speed and duration of changes. By combining CNN and torso features within an LSTM network, our system achieved an F1 score of 1.0 for fall detection, which represents a 0.09 increase compared to using CNN features only, and distinguished falls from slips with over 80% accuracy.",2158-4001,979-8-3315-2116-5,,https://ieeexplore.ieee.org/stamp/stamp.jsp?arnumber=10929769,"['Torso', 'Thermal expansion', 'Accuracy', 'Wheelchairs', 'Time series analysis', 'Feature extraction', 'Cameras', 'Thermal analysis', 'Fall detection', 'Monitoring']",,1.0,,17.0,IEEE,26 Mar 2025,11-14 Jan. 2025,11-14 Jan. 2025,IEEE,IEEE Conferences,
,,2024,,,,,,,10.1109/biocas61083.2024.10798394,,,,,,"['Fall detection', 'Edge AI', 'Wearable device', 'Hardware accelerator', 'neural network', 'Radio frequency', 'Adaptation models', 'Power demand', 'Accuracy', 'Sensitivity and specificity', 'Real-time systems', 'Energy harvesting', 'Fall detection', 'Homomorphic encryption', 'Field programmable gate arrays']",Z. Wang; Y. Wu; S. Wang; X. Wang; L. Du; Y. Du; J. Chen,,,,,,,IEEE,Artificial Intelligence Design for Real-time Fall Detection,"Department of Electrical and Computer Engineering, University of Alberta, Edmonton, Canada; Department of Electrical and Computer Engineering, University of Alberta, Edmonton, Canada; Department of Electrical and Computer Engineering, University of Alberta, Edmonton, Canada; Department of Electrical and Computer Engineering, University of Alberta, Edmonton, Canada; School of Electronic Science and Engineering, Nanjing University, Nanjing, China; School of Electronic Science and Engineering, Nanjing University, Nanjing, China; Department of Electrical and Computer Engineering, University of Alberta, Edmonton, Canada",2024 IEEE Biomedical Circuits and Systems Conference (BioCAS),23 Dec 2024,,,1,5,"Falls represent a serious senior care issue worldwide, especially among individuals aged 65 and above. The World Health Organization (WHO) reports approximately 646,000 related fatalities annually due to falls. This paper addresses the limitations of existing fall detection systems, characterized by high false alarm rates and constraints in deployments. We introducing an edge artificial intelligent (AI) design for real-time fall detection. The compact $25 \times 32 \times 4 \mathrm{~mm}$ device, leveraging machine learning and Field Programmable Gate Arrays (FPGA). It combines a threshold-based method with a neural network model, dynamically activated through a threshold comparator, thus enhancing adaptability while minimizing redundant power consumption. Our research adopts a dual evaluation strategy. Initially, we benchmark the proposed model against existing frameworks using publicly available datasets focused on tri-axial sensor readings. Subsequently, we validate the device using simulated fall data from 10 healthy subjects, achieving performance metrics with an average accuracy, sensitivity, and specificity surpassing 98.3% and notably reducing the false positive rate to $\mathbf{1. 3 \%}$. Furthermore, the device incorporates a hardware AI accelerator, evidenced by experimental results demonstrating a throughput rate of 16,995 operations per second, coupled with an overall system power consumption of 109.1 mW. Integration of an RF energy harvesting module ensures uninterrupted functionality without sole reliance on batteries. To safeguard user privacy during data transmission and storage, a customized homomorphic encryption scheme is employed.",2766-4465,979-8-3503-5495-9,,https://ieeexplore.ieee.org/stamp/stamp.jsp?arnumber=10798394,"['Radio frequency', 'Adaptation models', 'Power demand', 'Accuracy', 'Sensitivity and specificity', 'Real-time systems', 'Energy harvesting', 'Fall detection', 'Homomorphic encryption', 'Field programmable gate arrays']",,1.0,,35.0,IEEE,23 Dec 2024,24-26 Oct. 2024,24-26 Oct. 2024,IEEE,IEEE Conferences,
,,2025,,,,,,,10.1109/access.2025.3591606,,,,,,"['Fall detection', 'machine learning', 'Fall detection', 'Wheelchairs', 'Cameras', 'Privacy', 'Older adults', 'Monitoring', 'Aging', 'Accidents', 'Feature extraction', 'Thermal analysis']",S. Nakamura; M. Yamauchi; M. Sugita; Y. Aso; Y. Ohsita; H. Shimonishi,,,,,,,IEEE,Detecting Falls and Slips of Wheelchair Users Using Low-Resolution Thermal Image Analysis,"Graduate School of Information Science and Technology, Osaka University, Osaka, Japan; Graduate School of Information Science and Technology, Osaka University, Osaka, Japan; Graduate School of Engineering, Osaka University, Osaka, Japan; Advanced Network and DX Strategy Department, NEC Corporation, Tokyo, Japan; D3 Center, Osaka University, Osaka, Japan; D3 Center, Osaka University, Osaka, Japan",IEEE Access,8 Aug 2025,13,,136881,136893,"As the aging population grows, there is increasing demand for privacy-preserving monitoring of accidents in private rooms, for which thermal cameras are well suited. This paper focuses specifically on wheelchair users who are more prone to falls. Falls can be classified into high-risk falls that cause injury and low-risk slips where users gradually slide out of the wheelchair. Treating both equally risks generating excessive warnings and missing true emergencies. In this study, we used low-resolution thermal images to detect and distinguish high-risk falls and low-risk slips, thereby reducing caregiver burden and improving safety. However, video analysis requires clear images of the limbs and other details of the body, but thermal cameras cannot consistently capture such detailed features. To overcome this, we proposed a video analysis scheme using torso features and developed a system called “Fall Detection using CNN and Torso Features (FDCTF).” Additionally, to enhance the generalizability of the system to various environmental conditions, we incorporated multi-task learning and a two-layer LSTM network, extending FDCTF. As a result, in a single-environment evaluation, our system achieved an F1 score of 1.0 for fall detection. Furthermore, in a multi-environment evaluation, the F1 score reached 0.82, demonstrating the model’s adaptability to various settings. Moreover, the system significantly reduced caregiver burden compared to conventional methods, with reductions of 0.19 in false alarms, and 0.18 in missed serious falls.",2169-3536,,,https://ieeexplore.ieee.org/stamp/stamp.jsp?arnumber=11088088,"['Fall detection', 'Wheelchairs', 'Cameras', 'Privacy', 'Older adults', 'Monitoring', 'Aging', 'Accidents', 'Feature extraction', 'Thermal analysis']",,,,41.0,CCBY,22 Jul 2025,2025,,IEEE,IEEE Journals,
,,2025,,,,,,,10.1109/iccubea65967.2025.11283981,,,,,,"['Real-time monitoring', 'AI-driven fall detection', 'YOLOv9-POSE', 'LSTM network', 'Key point extraction', 'Deep learning', 'Injury prevention', 'Analytical models', 'Visualization', 'Tracking', 'Space technology', 'Debugging', 'Real-time systems', 'Time factors', 'Fall detection', 'Long short term memory', 'Injuries']",S. Balsaraf; M. Hussain; S. Halle; N. Pawar; D. Paranjape; S. Shinde,,,,,,,IEEE,Real-Time Human Fall Detection through Motion Tracking and Shape Recognition,"Nutan College of Engineering & Research, Pune, India; Nutan College of Engineering & Research, Pune, India; Nutan College of Engineering & Research, Pune, India; Nutan College of Engineering & Research, Pune, India; Nutan Maharashtra Institute of Engineering and Technology, Pune, India; Nutan Maharashtra Institute of Engineering and Technology, Pune, India","2025 9th International Conference on Computing, Communication, Control and Automation (ICCCBEA)",15 Dec 2025,,,1,6,"Elderly falls are a serious health risk since they frequently result in injuries, hospital stays, and in extreme situations, permanent impairment or death. Conventional fall detection techniques, such as wearable technology or manual supervision, include drawbacks such non-compliance, spotty monitoring, and possible errors. This suggested method uses picture analysis and cutting-edge machine learning techniques to provide a real-time, AI-driven, non-intrusive fall detection system. The system analyses the spatial and temporal characteristics of human motions in video streams using state-of-theart models, such as a Long Short-Term Memory (LSTM) network and YOLO-based posture detection. By utilizing YOLOv9-POSE for extracting key points and tracking motion, the model constructs a robust understanding of human posture dynamics over time. The extracted sequences of key points are processed by the LSTM to classify actions as normal activities or falls with high accuracy. To enhance reliability, the system integrates a rule-based logic layer to verify the fall classifications, minimizing false positives and ensuring robustness. Unlike traditional solutions, this approach does not require individuals to wear sensors or interact with the system, preserving user comfort and privacy. It improves medical response efficiency and helps create inclusive, technology-supported living spaces - a crucial need in rapidly aging population by sending instant alerts to caregivers or emergency services, improving response times and safety.",2771-1358,979-8-3315-4903-9,,https://ieeexplore.ieee.org/stamp/stamp.jsp?arnumber=11283981,"['Analytical models', 'Visualization', 'Tracking', 'Space technology', 'Debugging', 'Real-time systems', 'Time factors', 'Fall detection', 'Long short term memory', 'Injuries']",,,,21.0,IEEE,15 Dec 2025,22-23 Aug. 2025,22-23 Aug. 2025,IEEE,IEEE Conferences,
,,2025,,,,,,,10.1109/bibm66473.2025.11356382,,,,,,"['Real Time Fall Detection', 'mmWave Radar', 'Quantification', 'Hardware Acceleration', 'Accuracy', 'Quantization (signal)', 'Image edge detection', 'Radar detection', 'Real-time systems', 'Convolutional neural networks', 'Fall detection', 'Millimeter wave communication', 'Older adults', 'Hardware acceleration']",Z. Liang; J. Tian; Y. Zou; Y. Gao,,,,,,,IEEE,Edge-Accelerated Fall Detection Via Mmwave Biosensing and Quantized CNN: A Soft-Hardware Co-Design Approach,"School of Microelectronics, South China University of Technology, Guangzhou, China; School of Microelectronics, South China University of Technology, Guangzhou, China; School of Microelectronics, South China University of Technology, Guangzhou, China; Pengcheng Laboratory, Shenzhen, China",2025 IEEE International Conference on Bioinformatics and Biomedicine (BIBM),29 Jan 2026,,,5470,5477,"We present a real-time fall detection system using millimeter-Wave (mmWave) radar and FPGA-accelerated deep learning. The system captures human motion via commercial mmWave radar and extracts Doppler features through a signal processing pipeline comprising Fast Fourier Transform, constant false alarm rate detection, and clustering. A lightweight Convolutional Neural Network (CNN) is designed and trained on Doppler maps for binary fall classification, achieving 99.67 % accuracy. To support efficient deployment, we apply dynamic fixed-point quantization to compress the CNN from 32-bit floating point to 16-bit fixed point, significantly reducing memory and computation cost with minimal accuracy loss. A hardware-software co-design framework is implemented on FPGA, leveraging loop tiling, ping-pong cache, and parallel MAC units for acceleration. The proposed system achieves 21.93 Giga Operation Per Second throughput and 9.2 ms inference latency, with total end-to-end processing time of 51 ms per frame. It enables real-time fall detection for one and two targets with 97 % and 95 % accuracy, respectively, under a 4.2 W power budget. Our design offers a low-power, privacy-preserving, and deployable solution for intelligent elderly care applications.",2156-1133,979-8-3315-1557-7,NSFC(grant numbers:U24B20151); SCUT(grant numbers:K3200890); ,https://ieeexplore.ieee.org/stamp/stamp.jsp?arnumber=11356382,"['Accuracy', 'Quantization (signal)', 'Image edge detection', 'Radar detection', 'Real-time systems', 'Convolutional neural networks', 'Fall detection', 'Millimeter wave communication', 'Older adults', 'Hardware acceleration']",,,,23.0,IEEE,29 Jan 2026,15-18 Dec. 2025,15-18 Dec. 2025,IEEE,IEEE Conferences,
,,2025,,,,,,,10.1109/icmt67823.2025.11298891,,,,,,"['Fall detection', 'Contrastive learning', 'Confidence-Aware Kalman Filtering', 'Smoothing methods', 'Filtering', 'Tracking', 'Pose estimation', 'Contrastive learning', 'Medical services', 'Stability analysis', 'Kalman filters', 'Fall detection', 'Wearable devices']",V. -H. Tran; C. -T. Dang,,,,,,,IEEE,CAKF-CL: Confidence-Aware Kalman Filtering and Contrastive Learning for Vision-Based Fall Detection,"Faculty of Electrical and Electronics Engineering, Ho Chi Minh City University of Technology and Education, Ho Chi Minh City, Vietnam; Faculty of Electrical and Electronics Engineering, Ho Chi Minh City University of Technology and Education, Ho Chi Minh City, Vietnam",2025 28th International Conference on Mechatronics Technology (ICMT),24 Dec 2025,,,90,95,"Fall detection is a critical component in healthcare, particularly for the elderly, where falls are a major cause of morbidity and mortality. Vision-based systems offer a nonintrusive alternative to wearables, yet face challenges such as environmental variability and privacy concerns. To address these limitations, we propose a novel vision-based fall detection framework integrating YOLO11-based pose estimation, a confidence-aware Kalman filter for adaptive joint smoothing, and a spatio-temporal graph network enhanced by contrastive learning. The Kalman filter leverages detection confidence to improve keypoint tracking stability, while contrastive learning boosts feature discriminability and generalization. Our multi-loss strategy further improves both classification and temporal localization. Experimental results on the Le2i and UR-Fall datasets demonstrate state-of-the-art performance with significantly reduced false positives. Cross-dataset evaluations further confirm the model’s strong generalization capability, making it suitable for real-world deployment in diverse environments.",,979-8-3315-5427-9,Ho Chi Minh City University of Technology and Education; ,https://ieeexplore.ieee.org/stamp/stamp.jsp?arnumber=11298891,"['Smoothing methods', 'Filtering', 'Tracking', 'Pose estimation', 'Contrastive learning', 'Medical services', 'Stability analysis', 'Kalman filters', 'Fall detection', 'Wearable devices']",,,,14.0,IEEE,24 Dec 2025,12-15 Nov. 2025,12-15 Nov. 2025,IEEE,IEEE Conferences,
,,2025,,,,,,,10.1109/icirca65293.2025.11089787,,,,,,"['Fall detection', 'deep learning', 'Transfer learning', 'convolutional neural network', 'Real-time', 'Computer vision', 'Deep learning', 'Computer vision', 'Accuracy', 'Transfer learning', 'Feature extraction', 'Real-time systems', 'Fall detection', 'Older adults', 'Monitoring', 'Testing']",S. K. A; S. Kesavan; R. Bhojan; K. Maanasa; G. S; R. Selvaraju,,,,,,,IEEE,An Efficient Elderly Fall Monitoring and Detection System Using Machine Learning and Computer Vision,"Computer Science and Engineering, SoE, Dayananda Sagar University, Bangalore, India; DXC Technology, Bangalore, India; Fidelity Investments, Smithfield, RI, USA; Artificial Intelligence Dept, Shri Vishnu Engineering College for Women, Bhimavaram, AP, India; Computer Science and Engineering, SoE, Dayananda Sagar University, Bangalore, India; Information Technology Dept, University of Technology and Applied Sciences, Ibri, Oman",2025 6th International Conference on Inventive Research in Computing Applications (ICIRCA),31 Jul 2025,,,1957,1962,"The senior population is at high risk for health complications from falls, and prompt aid depends on early diagnosis. In order to minimize the negative effects and offer timely aid, early diagnosis of falls is essential. Recent developments in machine learning and computer vision techniques have demonstrated encouraging outcomes in the creation of automated fall detection systems. The objective of this study is to develop a real-time monitoring and fall detection system for senior citizens using deep learning techniques. In this work, we will use transfer learning techniques and convolutional neural networks (CNNs) to harness the power of deep learning to automatically detect falls in video data. The approach entails gathering a heterogeneous collection of video recordings of non-fall activities, simulated falls, and everyday activities that older people typically engage in. The gathered dataset is used to train deep learning models, which allow them to extract useful elements from the visual input. After that, human picture segmentation is used to extract the feature from preprocessed data. After the segmentation model has been trained, it is used for real-time fall monitoring, which involves watching video streams and detecting falls as they happen. Metrics like recall, accuracy, precision, and F1-score are used to assess how well the system performs. The study advances the creation of a fall monitoring and detection system that is dependable and effective, which may greatly enhance the security and wellbeing of the senior citizen community.",,979-8-3315-2142-4,,https://ieeexplore.ieee.org/stamp/stamp.jsp?arnumber=11089787,"['Deep learning', 'Computer vision', 'Accuracy', 'Transfer learning', 'Feature extraction', 'Real-time systems', 'Fall detection', 'Older adults', 'Monitoring', 'Testing']",,,,13.0,IEEE,31 Jul 2025,25-27 June 2025,25-27 June 2025,IEEE,IEEE Conferences,
,,2022,,,,,,,10.1109/sensors52175.2022.9967352,,,,,,"['Vision Transformer', 'Radar', 'Fall detection', 'Transfer learning', 'Event detection', 'Transfer learning', 'Time series analysis', 'Radar detection', 'Radar', 'Transformers', 'Tokenization']",A. Dey; S. Rajan; G. Xiao; J. Lu,,,,,,,IEEE,Fall Event Detection using Vision Transformer,"Systems and Computer Engineering, Carleton University, Ottawa, Canada; Systems and Computer Engineering, Carleton University, Ottawa, Canada; National Research Council of Canada (NRC), Canada; National Research Council of Canada (NRC), Canada",2022 IEEE Sensors,8 Dec 2022,,,1,4,"Privacy-preserving radar-based fall detection for older adults is becoming essential as falls in adults above 65 years of age may result in death or a permanent physical disability. In this paper, a novel deep learning-based fall event detection technique using Vision Transformers with Shifted Patch Tokenization and Locality Self Attention is proposed. The proposed approach is evaluated using publicly available dataset. Preliminary evaluation shows improved performance over transfer learning models and standard Vision Transformer.",2168-9229,978-1-6654-8464-0,Natural Sciences and Engineering Research Council of Canada (NSERC); ,https://ieeexplore.ieee.org/stamp/stamp.jsp?arnumber=9967352,"['Event detection', 'Transfer learning', 'Time series analysis', 'Radar detection', 'Radar', 'Transformers', 'Tokenization']",,16.0,,18.0,IEEE,8 Dec 2022,30 Oct.-2 Nov. 2022,30 Oct.-2 Nov. 2022,IEEE,IEEE Conferences,
,,2023,,,,,,,10.1109/lgrs.2023.3268654,,,,,,"['Height-tracking method', 'multiple-input multiple-output (MIMO) radar', 'multiple signal classification (MUSIC) algorithm', 'soft fall detection', 'Trajectory', 'Doppler effect', 'Fall detection', 'Feature extraction', 'Multiple signal classification', 'Hypotension', 'Floors']",C. Ding; H. Zhao; Y. Ma; H. Hong; X. Zhu,,,,,,,IEEE,Soft Fall Detection With a Height-Tracking Method Based on MIMO Radar System,"School of Electronic and Optical Engineering, Nanjing University of Science and Technology, Nanjing, China; School of Electronic and Optical Engineering, Nanjing University of Science and Technology, Nanjing, China; School of Electronic and Optical Engineering, Nanjing University of Science and Technology, Nanjing, China; School of Electronic and Optical Engineering, Nanjing University of Science and Technology, Nanjing, China; School of Electronic and Optical Engineering, Nanjing University of Science and Technology, Nanjing, China",IEEE Geoscience and Remote Sensing Letters,5 May 2023,20,,1,5,"Radar-based fall detection technology has attracted much attention for its high accuracy, robustness, and privacy preservation potential. Detection of “Soft Fall,” i.e., high-freedom fall, is the key to practical application. This letter proposes a novel height-tracking method based on a multiple-input multiple-output (MIMO) radar system to address this problem. First, the received signal was segmented into a time sequence with a sliding window along slow time. Next, fast Fourier transform (FFT) and multiple signal classification (MUSIC) algorithms were applied to estimate the general trend of the human body’s time-varying range and pitch angle information. Then, they were fused with a geometrical relationship to describe height changes during fall motions using a height trajectory map. Two height-based features were extracted as input to support vector machine (SVM) to distinguish soft fall and fall-similar motions. Finally, experiments, including four soft fall and five typical fall-similar motions, were conducted to demonstrate its feasibility and superiority.",1558-0571,,"National Key Research and Development Program of China(grant numbers:2020YFC2005302); National Natural Science Foundation of China(grant numbers:61871224,62201259); Natural Science Foundation of Jiangsu Province(grant numbers:BK20220942,BK20220940); ",https://ieeexplore.ieee.org/stamp/stamp.jsp?arnumber=10105930,"['Trajectory', 'Doppler effect', 'Fall detection', 'Feature extraction', 'Multiple signal classification', 'Hypotension', 'Floors']",,13.0,,14.0,IEEE,20 Apr 2023,2023,,IEEE,IEEE Journals,
,,2023,,,,,,,10.1109/ssp53291.2023.10208028,,,,,,"['convolutional neural network', 'ultra-wideband (UWB)', 'human static posture classification', 'Privacy', 'Signal processing', 'Sensor systems', 'Sensors', 'Safety', 'Convolutional neural networks', 'Reliability']",K. Thipprachak; P. Tangamchit; S. Lerspalungsanti,,,,,,,IEEE,A Convolutional Neural Network Model for Privacy-Sensitive Ultra-Wideband Radar-Based Human Static Posture Classification and Fall Detection,"Department of Control Systems and Instrumentation, King Mongkut's University of Technology Thonburi, Bangkok, Thailand; Department of Control Systems and Instrumentation Engineering, King Mongkut's University of Technology Thonburi, Bangkok, Thailand; National Metal and Materials Technology Center, National Science and Technology Development Agency, Pathum Thani, Thailand",2023 IEEE Statistical Signal Processing Workshop (SSP),9 Aug 2023,,,443,447,"A reliable fall detection system can enhance the safety of senior citizens by detecting falls in private areas, such as restrooms, where accidents may go unnoticed. This study aimed to create a static human posture recognition system with a possibility of extension for detecting falls in private areas. The system used ultra-wideband (UWB) sensors to detect human body gestures and analyze an individual's posture to determine a laydown posture, which is abnormal in restroom usage. UWB is capable of protecting human privacy because its output contains limited information. This study implemented a convolutional neural network (CNN) model that classified signals from an ultra-wideband sensor in a bathroom into four categories: standing, sitting, lying down, and nobody. This paper proposes a CNN classifier with an overall accuracy of 93%. These results demonstrate the capability of the proposed system to recognize static human posture in private locations.",2693-3551,978-1-6654-5245-8,,https://ieeexplore.ieee.org/stamp/stamp.jsp?arnumber=10208028,"['Privacy', 'Signal processing', 'Sensor systems', 'Sensors', 'Safety', 'Convolutional neural networks', 'Reliability']",,7.0,,12.0,IEEE,9 Aug 2023,2-5 July 2023,2-5 July 2023,IEEE,IEEE Conferences,
,,2022,,,,,,,10.1109/ccwc54503.2022.9720737,,,,,,"['Neuromorphic vision sensing (NVS)', 'Fall Detection', 'Dynamic Vision Sensing (DVS)', 'Human action recognition (HAR)', 'Transfer Learning', 'MViT', 'R(2+1)D', 'CSN', 'C2D', 'Slow-Fast', 'X3D', 'Neuromorphics', 'Conferences', 'Computational modeling', 'Computer architecture', 'Streaming media', 'Benchmark testing', 'Cameras']",K. S. Krishnan; K. S. Krishnan,,,,,,,IEEE,Benchmarking Conventional Vision Models on Neuromorphic Fall Detection and Action Recognition Dataset,NA; NA,2022 IEEE 12th Annual Computing and Communication Workshop and Conference (CCWC),4 Mar 2022,,,0518,0523,"Neuromorphic vision-based sensors are gaining popularity in recent years with their ability to capture Spatio-temporal events with low power sensing. These sensors record events or spikes over traditional cameras which helps in preserving the privacy of the subject being recorded. These events are captured as per-pixel brightness changes and the output data stream is encoded with time, location, and pixel intensity change information. This paper proposes and bench-marks the performance of fine-tuned conventional vision models on neuromorphic human action recognition and fall detection datasets. The Spatio-temporal event streams from the Dynamic Vision Sensing cameras are encoded into a standard sequence image frames. These video frames are used for benchmarking conventional deep learning-based architectures. In this proposed approach, we fine-tuned the state-of-the-art vision models for this Dynamic Vision Sensing (DVS) application and named these models as DVS-R2+1D, DVS-CSN, DVS-C2D, DVS-SlowFast, DVS-X3D, and DVS-MViT. Upon comparing the performance of these models, we see the current state-of-the-art MViT based architecture DVS-MViT outperforms all the other models with an accuracy of 0.958 and an F-1 score of 0.958. The second best is the DVS-C2D with an accuracy of 0.916 and an F-1 score of 0.916. Third and Fourth are DVS-R2+1D and DVS-SlowFast with an accuracy of 0.875 and 0.833 and F-1 score of 0.875 and 0.861 respectively. DVS-CSN and DVS-X3D were the least performing models with an accuracy of 0.708 and 0.625 and an F1 score of 0.722 and 0.625 respectively.",,978-1-6654-8303-2,,https://ieeexplore.ieee.org/stamp/stamp.jsp?arnumber=9720737,"['Neuromorphics', 'Conferences', 'Computational modeling', 'Computer architecture', 'Streaming media', 'Benchmark testing', 'Cameras']",,6.0,,24.0,IEEE,4 Mar 2022,26-29 Jan. 2022,26-29 Jan. 2022,IEEE,IEEE Conferences,
,,2025,,,,,,,10.1109/ieeeconf65522.2025.11137137,,,,,,"['Smart Elderly Care', 'Fall detection', 'Key point identification', 'Point cloud compression', 'Visualization', 'Privacy', 'Pain', 'Millimeter wave radar', 'Bones', 'Spatial databases', 'Systems simulation', 'Older adults', 'Fall detection']",L. Huang,,,,,,,IEEE,Research on Fall Detection Based on Millimeter-Wave Radar Fusion of Human Key Points,"School of software, Quanzhou University of Information Engineering, Quanzhou, China",2025 IEEE 26th China Conference on System Simulation Technology and its Applications (CCSSTA),5 Sep 2025,,,159,163,"With the acceleration of global aging, the traditional elderly care model is confronted with pain points such as a shortage of caregivers, an increased probability of death among the elderly due to falls, and a lagging response to fall rescue. This paper proposes a smart fall detection system for the elderly based on the fusion of millimeter-wave radar and human key points. The target human body information is collected through millimeter-wave radar to generate three-dimensional spatial point cloud data. The point cloud data is processed in two dimensions. The MoveNet pose detection model is used to identify the key point information of human bones, capture the visual pose, combine the dynamic and static processes of falls, determine whether the human body falls according to the threshold and respond in time. It achieved an accuracy rate of 97.6% in the test of the Ti-MIMO Dataset, which is a significant improvement compared with the single vision scheme. The system effectively solves the problem of privacy leakage for the elderly and shows significant advantages in complex scenarios such as low light and occlusion.",,979-8-3315-4404-1,,https://ieeexplore.ieee.org/stamp/stamp.jsp?arnumber=11137137,"['Point cloud compression', 'Visualization', 'Privacy', 'Pain', 'Millimeter wave radar', 'Bones', 'Spatial databases', 'Systems simulation', 'Older adults', 'Fall detection']",,,,12.0,IEEE,5 Sep 2025,11-13 July 2025,11-13 July 2025,IEEE,IEEE Conferences,
,,2024,,,,,,,10.1109/iceict61637.2024.10671056,,,,,,"['human falling detection', 'impulse radio ultra-wideband radars', 'multi-scale networks', 'squeeze-and-excitation network', 'selective kernel networks', 'Privacy', 'Accuracy', 'Radar detection', 'Radar', 'Feature extraction', 'Information and communication technology', 'Kernel']",Q. Yang; X. Wang; X. Kang; Y. Zhang; J. Zheng,,,,,,,IEEE,Multi-Scale SE-SK Network for Human Falling Detection using IR-UWB Radars,"College of Computer Science and Engineering, Huizhou University, Huizhou, China; College of Computer Science and Engineering, Huizhou University, Huizhou, China; College of Computer Science and Engineering, Huizhou University, Huizhou, China; College of Computer Science and Engineering, Huizhou University, Huizhou, China; College of Computer Science and Engineering, Huizhou University, Huizhou, China",2024 IEEE 7th International Conference on Electronic Information and Communication Technology (ICEICT),17 Sep 2024,,,997,1002,"Impulse radio ultra-wideband (IR-UWB) radars are increasingly utilized for human fall detection owing to their non-contact, high precision, and high privacy attributes. However, the existing single-branch networks-based methods on falling detection only extract single feature maps, and fail to capture complete fall information. Furthermore, processing multiple spectra without the target unique feature results in feature loss after fusion, leading to decreased accuracy. This paper proposes a novel multi-scale network, which combines squeeze-and-excitation (SE) and selective kernel (SK) (SE-SK) networks, for human falling detection using IR-UWB Radars. Specifically, three features spectra of IR-UWB Radar data, that is, the time-Doppler, range-Doppler, and range-time feature spectra, are firstly obtained through the pre-processing of the radar echoes. Then, a multiscale SE-SK network is developed for human falling detection. Experimental results demonstrate improved performance with detection accuracy of 98.2% compared to the existing singlebranch networks-based method.",2836-7782,979-8-3503-8443-7,National Natural Science Foundation of China; Huizhou University; ,https://ieeexplore.ieee.org/stamp/stamp.jsp?arnumber=10671056,"['Privacy', 'Accuracy', 'Radar detection', 'Radar', 'Feature extraction', 'Information and communication technology', 'Kernel']",,,,24.0,IEEE,17 Sep 2024,31 July-2 Aug. 2024,31 July-2 Aug. 2024,IEEE,IEEE Conferences,
,,2025,,,,,,,10.1109/icac65379.2025.11196302,,,,,,"['Anomaly Detection', 'Mobile Robotics', 'YOLO', 'Pose Estimation', 'Vision-Language Models', 'YOLO', 'Privacy', 'Sensitivity', 'Pose estimation', 'Robot sensing systems', 'Cognition', 'Real-time systems', 'Mobile robots', 'Fall detection', 'Anomaly detection']",K. Benny; S. Mohanna; E. K. Rose; D. Tariq; G. Tang; R. Raper,,,,,,,IEEE,Generalised Robotic Anomaly Detection in Dynamic Public Environments,"School of Aerospace, Transport, and Manufacturing, Cranfield University, Cranfield, UK; School of Aerospace, Transport, and Manufacturing, Cranfield University, Cranfield, UK; School of Aerospace, Transport, and Manufacturing, Cranfield University, Cranfield, UK; School of Aerospace, Transport, and Manufacturing, Cranfield University, Cranfield, UK; School of Aerospace, Transport, and Manufacturing, Cranfield University, Cranfield, UK; School of Aerospace, Transport, and Manufacturing, Cranfield University, Cranfield, UK",2025 30th International Conference on Automation and Computing (ICAC),16 Oct 2025,,,1,6,"This paper presents a real-time anomaly detection system integrated into a ROS-enabled mobile robot for public safety monitoring in dynamic environments such as shopping centers. The system targets three critical anomalies: fallen individuals, abandoned bags, and visible knives. Our final approach combines YOLO-World v2 for object detection, YOLO-Pose for posture estimation, and GPT-4V for contextual reasoning. In controlled and public scenarios, the system achieved 88.3% accuracy and high precision (fall: 95.6%, knife: 91.7%), improving on the state of the art in fall detection recall (79.6% vs. ~49.7%). We detail the architecture, deployment strategy, and performance evaluation, and discuss latency, lighting sensitivity, and privacy challenges.",,979-8-3315-2545-3,,https://ieeexplore.ieee.org/stamp/stamp.jsp?arnumber=11196302,"['YOLO', 'Privacy', 'Sensitivity', 'Pose estimation', 'Robot sensing systems', 'Cognition', 'Real-time systems', 'Mobile robots', 'Fall detection', 'Anomaly detection']",,,,15.0,IEEE,16 Oct 2025,27-29 Aug. 2025,27-29 Aug. 2025,IEEE,IEEE Conferences,
,,2025,,,,,,,10.1109/icoiics67115.2025.11390251,,,,,,"['mmWave sensor', 'human monitoring', 'sleep detection', 'respiration rate', 'heart rate', 'non-contact sensing', 'vital signs', 'signal processing', 'smart healthcare', 'assisted living', 'Heart rate', 'Radar detection', 'Radar', 'Signal processing', 'Sensors', 'Safety', 'Millimeter wave communication', 'Older adults', 'Biomedical monitoring', 'Wireless fidelity']",G. R; A. S; A. P; H. B,,,,,,,IEEE,"Human Activity Monitoring using mmWave Sensors: Life, Fall, and Sleep Detection","Department of Electronics and Communication Engineering KIT, Kalaignarkarunanidhi Institute of Technology, Coimbatore, India; Department of Electronics and Communication Engineering KIT, Kalaignarkarunanidhi Institute of Technology, Coimbatore, India; Department of Electronics and Communication Engineering KIT, Kalaignarkarunanidhi Institute of Technology, Coimbatore, India; Department of Electronics and Communication Engineering KIT, Kalaignarkarunanidhi Institute of Technology, Coimbatore, India","2025 International Conference on Intelligent Computing, Information and Control Systems (ICOIICS)",24 Feb 2026,,,65,70,"The increasing demand for assistive monitoring systems to assist elderly and disabled individuals sparked Intelligent, non-contact safety technologies. This paper describes a real-time fall detection and sleep detection system based on the C1001 mmWave radar sensor coupled with an ESP32 microcontroller. The radar captures reflections from human movements to detect low amplitude human motion, respiration, and heart rate, which allows it to accurately determine active, sleep, and fall states, while avoiding the use of wearable or camera-based sensors. If a fall or unusual level of inactivity is detected, immediate alerts are generated using visual and auditory alerts to promote safety and speed of response for vulnerable users. The proposed solution achieves extremely high precision, protects privacy, and uses minimal power consumption that makes it a viable option for use in care homes for the elderly, hospital wards, or environments that assist people with disabilities.",,979-8-3315-9897-6,,https://ieeexplore.ieee.org/stamp/stamp.jsp?arnumber=11390251,"['Heart rate', 'Radar detection', 'Radar', 'Signal processing', 'Sensors', 'Safety', 'Millimeter wave communication', 'Older adults', 'Biomedical monitoring', 'Wireless fidelity']",,,,18.0,IEEE,24 Feb 2026,19-21 Nov. 2025,19-21 Nov. 2025,IEEE,IEEE Conferences,
,,2024,,,,,,,10.23919/eurad61604.2024.10734939,,,,,,"['Human-Activity Recognition', 'Pruning', 'Memory Footprint Reduction', 'Radar Sensors', 'Accuracy', 'Quantization (signal)', 'Heuristic algorithms', 'Memory management', 'Radar', 'Prediction algorithms', 'Sensors', 'Human activity recognition', 'Tuning', 'Optimization']",A. Heidari; L. Werthen-Brabants; T. Dhaene; I. Couckuyt,,,,,,,IEEE,Optimizing Memory Footprint for Radar-Based Human Activity Recognition on Resource-Constrained Devices,"IDlab, Ghent University - Imec, Belgium; IDlab, Ghent University - Imec, Belgium; IDlab, Ghent University - Imec, Belgium; IDlab, Ghent University - Imec, Belgium",2024 21st European Radar Conference (EuRAD),4 Nov 2024,,,141,144,"Human activity recognition is useful for tasks like patient fall detection. While radar offers privacy-preserving sensing, deploying predictive networks on edge devices faces challenges due to their memory requirements. Previous attempts to address this through hyperparameter tuning often lead to unwanted accuracy decline. On the other hand, pruning is used to reduce memory requirements of deep neural networks, but its effectiveness is limited for compact neural networks such as the Split BiRNN. The Split BiRNN architecture segregates the forward and backward computations across different components enabling quick initial predictions on the edge device and a refined prediction executed in the cloud. Our study enhances a prominent pruning algorithm to reduce memory requirements, making both models more compact. This not only reduces hardware costs but also enhances evaluation speed. Our findings suggest that pruning can sufficiently compact the network while maintaining its accuracy.",,978-2-87487-079-8,,https://ieeexplore.ieee.org/stamp/stamp.jsp?arnumber=10734939,"['Accuracy', 'Quantization (signal)', 'Heuristic algorithms', 'Memory management', 'Radar', 'Prediction algorithms', 'Sensors', 'Human activity recognition', 'Tuning', 'Optimization']",,,,16.0,,4 Nov 2024,25-27 Sept. 2024,25-27 Sept. 2024,IEEE,IEEE Conferences,
,,2022,,,,,,,10.1109/mass56207.2022.00126,,,,,,"['Elderly Assistive Robot', 'Humanoid Application in ROS', 'Emergency response by Humanoid in ROS', 'Location awareness', 'Privacy', 'Wearable computers', 'Operating systems', 'Sociology', 'Humanoid robots', 'Machine learning']",A. Bose; L. Bai,,,,,,,IEEE,DARwIn-OP: A Smart Elderly-Assistant and Companion,"Department of Electrical Engineering, Temple University, Philadelphia, Philadelphia, PA; Department of Electrical Engineering, Temple University, Philadelphia, Philadelphia, PA",2022 IEEE 19th International Conference on Mobile Ad Hoc and Smart Systems (MASS),19 Dec 2022,,,800,804,"The alarming rate in increase of fall in elderly population has motivated the scientific community for the last two decades to develop autonomous assistance, while preserving their self-reliance, privacy and independent activity. The recent advancements in Internet of Things (IoT) and machine learning has improved the autonomous assistance features a lot but still there remains lacuna of research and efficiency, like accurate indoor localization, fall detection and secure human-robot interaction. This paper proposes a complete Robot Operating System (ROS) based architecture on a humanoid robot Dynamic Anthropomorphic Robot with Intelligence-Open Platform (DARwIn-OP) in collaboration with other intelligent entities like wearable tracker(UbiTrack) or Apple watch for localizing and a roomba to map environment for robust obstacle avoidance to respond immediately to a falling SOS by reaching the person autonomously, validating the SOS through robust fall recognition and interacting with the person if possible regarding the requirement of assistance and accordingly take action like calling emergency and next to kin for faster response.",2155-6814,978-1-6654-7180-0,,https://ieeexplore.ieee.org/stamp/stamp.jsp?arnumber=9973647,"['Location awareness', 'Privacy', 'Wearable computers', 'Operating systems', 'Sociology', 'Humanoid robots', 'Machine learning']",,,,35.0,IEEE,19 Dec 2022,19-23 Oct. 2022,19-23 Oct. 2022,IEEE,IEEE Conferences,
,,2025,,,,,,,10.1109/sdf67080.2025.11329457,,,,,,"['Fall Detection', 'UWB', 'Deep Learning', 'CNN-GRU', 'Vision-assisted Labeling', 'Hybrid Models', 'Training', 'Noise reduction', 'Medical services', 'Data models', 'Safety', 'Labeling', 'Reliability', 'Fall detection', 'Videos', 'Ultra wideband technology']",K. A. Cinar; T. S. Tekin; O. Dik; A. Gunes,,,,,,,IEEE,Fall Detection Using UWB Distance Measurements with a Hybrid CNN-GRU Model,"Institute of Defense Technologies, Gebze Technical University, Gebze, Türkiye; Institute of Defense Technologies, Gebze Technical University, Gebze, Türkiye; Institute of Defense Technologies, Gebze Technical University, Gebze, Türkiye; Institute of Defense Technologies, Gebze Technical University, Gebze, Türkiye","2025 IEEE Sensor Data Fusion: Trends, Solutions, Applications (SDF)",13 Jan 2026,,,1,7,"This study investigates fall detection using only Ultra-Wideband (UWB) distance data. To generate reliable training labels, a YOLOv8-based vision model was employed to automatically detect fall events from video, which were then aligned with the UWB measurements. After preprocessing steps including imputation, noise reduction, interpolation, and scaling, class imbalance in the dataset was mitigated through balancing techniques. The UWB sequences were then classified by a hybrid CNN-GRU model. Tested on subjects not included in the training set, the approach achieved 94% accuracy and 93% recall, demonstrating strong cross-subject generalization. The results highlight the potential of UWB-based systems, supported by vision-assisted labeling, as non-intrusive and privacy-preserving solutions for healthcare and safety applications.",2473-7666,979-8-3315-7651-6,,https://ieeexplore.ieee.org/stamp/stamp.jsp?arnumber=11329457,"['Training', 'Noise reduction', 'Medical services', 'Data models', 'Safety', 'Labeling', 'Reliability', 'Fall detection', 'Videos', 'Ultra wideband technology']",,,,23.0,IEEE,13 Jan 2026,24-26 Nov. 2025,24-26 Nov. 2025,IEEE,IEEE Conferences,
,,2023,,,,,,,10.1109/icsc60394.2023.10441553,,,,,,"['Wi-Fi sensing', 'deep learning', 'channel state information', 'feature extraction', 'LSTM', 'Signal processing algorithms', 'Smart homes', 'Signal processing', 'Fall detection', 'Wireless fidelity', 'Monitoring', 'Wearable sensors']",S. A. Rishi; G. Srinith; U. Dheeraj; D. Das,,,,,,,IEEE,WiCare: Accidental Fall Detection for Elderly Care Using Passive Wi-Fi Sensing,"Dept. of CSE, IIIT Naya Raipur, Chhattisgarh, India; Dept. of ECE, IIIT Naya Raipur, Chhattisgarh, India; Dept. of ECE, IIIT Naya Raipur, Chhattisgarh, India; Dept. of ECE, IIIT Naya Raipur, Chhattisgarh, India",2023 9th International Conference on Signal Processing and Communication (ICSC),26 Feb 2024,,,190,195,"Monitoring people’s activities serves various purposes, with accidental fall detection being a significant one. Existing technologies rely on wearable sensors, which are only sometimes practical, and privacy concerns surround camera-based solutions. This study introduces a non-invasive approach using passive Wi-Fi sensing to identify accidental falls, offering a way to detect people and devices in an area without additional sensors. The system employs deep neural networks to detect falls by analyzing Wi-Fi signal fluctuations caused by human movement. A substantial dataset of Wi-Fi signals collected during five activities (fall, pickup, sit down, stand up, and walk) in a smart home environment trains the deep learning model. Amplitude and phase, being the fundamental properties of a signal, are used as components in feature selection for our data set. We employed Long Short-Term Memory(LSTM) and random forest algorithms to classify five activities. Our approach yielded a remarkable average accuracy of 98%, demonstrating its ability to identify and differentiate these activities based on WiFi signals precisely. This highlights the promising potential of WiFi sensing technology for practical applications in activity recognition and monitoring.",2643-444X,979-8-3503-8320-1,,https://ieeexplore.ieee.org/stamp/stamp.jsp?arnumber=10441553,"['Signal processing algorithms', 'Smart homes', 'Signal processing', 'Fall detection', 'Wireless fidelity', 'Monitoring', 'Wearable sensors']",,,,11.0,IEEE,26 Feb 2024,21-23 Dec. 2023,21-23 Dec. 2023,IEEE,IEEE Conferences,
,,2025,,,,,,,10.1109/iscas56072.2025.11044119,,,,,,"['Battery-Free IoT', 'energy harvesting', 'fall detection', 'piezoelectric transducer', 'Wireless communication', 'Wireless sensor networks', 'Bluetooth', 'Transmitters', 'Transportation', 'Logic gates', 'Internet of Things', 'Energy harvesting', 'Fall detection', 'Floors']",G. Wang; J. Liang,,,,,,,IEEE,Self-Powered and Self-Sensing Floor Tiles and Fall Detection System,"School of Information Science and Technology, ShanghaiTech University, China; School of Information Science and Technology, ShanghaiTech University, China",2025 IEEE International Symposium on Circuits and Systems (ISCAS),27 Jun 2025,,,1,5,"An increasing number of emerging Internet of Things (IoT) devices are transforming our daily lives in various fields, such as transportation, manufacturing, and home automation. The smart sensing floor offers solutions for tracking and analyzing user movements while maintaining acceptable privacy levels in both public and private spaces. Considering the large number of networked IoT devices on the ground, addressing power supply issues is crucial for efficient installation and convenient maintenance. This paper presents a self-powered and self-sensing smart floor design, with a particular application emphasis on fall detection. The design integrates energy harvesting and information collection, eliminating the reliance on traditional sensors. Each wireless floor tile serves as an integrated self-powered Bluetooth transmitter. It utilizes multiple piezoelectric patches for energy harvesting, a customized energy management circuit to accumulate the generated energy, and a low-power, low-cost system on chip (SoC) for wireless transmission. The signal packets from all tiles are collected and processed through an edge gateway to detect abnormal actions, like falls. A co-design of the piezoelectric array, power management, and transmission circuitry ensures that each step or fall can generate sufficient energy for three rounds of Bluetooth low-energy (BLE) beacon transmission. By receiving immediate data packets from all tiles and conducting specific analyses, the system can effectively identify accidental falls and send timely notifications. A prototype floor composed of 28 tiles and a gateway receiver has been developed. Experiments to test the performance of individual tiles and field tests with the multi-tile floor demonstrate that the system can detect falls reliably.",2158-1525,979-8-3503-5683-0,,https://ieeexplore.ieee.org/stamp/stamp.jsp?arnumber=11044119,"['Wireless communication', 'Wireless sensor networks', 'Bluetooth', 'Transmitters', 'Transportation', 'Logic gates', 'Internet of Things', 'Energy harvesting', 'Fall detection', 'Floors']",,,,13.0,IEEE,27 Jun 2025,25-28 May 2025,25-28 May 2025,IEEE,IEEE Conferences,
,,2023,,,,,,,10.1109/iceca58529.2023.10394802,,,,,,"['Arduino', 'Road accidents', 'Smart helmet', 'Global positioning system', 'Bluetooth', 'Traffic regulations', 'Wireless communication', 'Head', 'Motorcycles', 'Regulation', 'Safety', 'Internet of Things', 'Intelligent sensors']",V. R. Ch; S. Chegondi; K. Myla; S. Murala; S. S. Myla; D. R. Kalava,,,,,,,IEEE,IoT Based Smart Helmet for Bike Rider Safety,"Department of ECE, Vishnu Institute of Technology, Bhimavaram, India; Department of ECE, Vishnu Institute of Technology, Bhimavaram, India; Department of ECE, Vishnu Institute of Technology, Bhimavaram, India; Department of ECE, Vishnu Institute of Technology, Bhimavaram, India; Department of ECE, Vishnu Institute of Technology, Bhimavaram, India; Department of ECE, Vishnu Institute of Technology, Bhimavaram, India","2023 7th International Conference on Electronics, Communication and Aerospace Technology (ICECA)",9 Feb 2024,,,1445,1448,"Numerous regulations have been implemented by the government to address the growing incidents of road accidents. Despite the establishment of comprehensive traffic regulations, the occurrence of accidents continues to rise. Adhering to safety measures like helmet usage and cautious driving can mitigate these issues. The adoption of helmets significantly reduces this risk. To enhance accident prevention and response, the integration of Internet of Things (IoT) technology has been introduced into smart helmets. This IoT-equipped helmet system serves multiple purposes, including accident prevention, prompt accident detection, and swift GPS-based position recovery. These functionalities collectively enhance the rider's confidence in their safety. The proposed strategy employs cost-effective sensors like NodeMCU and the MQ sensor. Notably, the helmet must be worn for the motorcycle to start, thanks to its ability to detect the rider's head within proximity. A Bluetooth module facilitates seamless wireless communication between the helmet and the motorcycle components. The most significant advantage of this approach lies in its incorporation of a fall detection mechanism utilizing the MPU6050 Sensor, coupled with a GPS module. This combination allows for rapid and accurate pinpointing of the accident's location, enabling swift response from emergency medical services. Simultaneously, pertinent information about the rider is relayed to emergency contacts. In essence, the smart helmet system greatly enhances accident detection, safety, and overall security for two-wheeled riders.",,979-8-3503-4060-0,,https://ieeexplore.ieee.org/stamp/stamp.jsp?arnumber=10394802,"['Wireless communication', 'Head', 'Motorcycles', 'Regulation', 'Safety', 'Internet of Things', 'Intelligent sensors']",,7.0,,18.0,IEEE,9 Feb 2024,22-24 Nov. 2023,22-24 Nov. 2023,IEEE,IEEE Conferences,
,,2025,,,,,,,10.1109/iitcee64140.2025.10915296,,,,,,"['Smart wheelchair', 'Internet of Things (IoT)', 'Paralyzed individuals', 'Mobility enhancement', 'Assistive technology', 'Navigation', 'Wheelchairs', 'Wheels', 'User interfaces', 'Feature extraction', 'Real-time systems', 'Safety', 'Internet of Things', 'Intelligent sensors', 'Monitoring']",A. G. S; C. A; K. D; S. Gomathi,,,,,,,IEEE,Smart Wheel Chair for Paralyzed Patients Using Advanced IoT,"St. Joseph’s Institute of Technology, Chennai; St. Joseph’s Institute of Technology, Chennai; St. Joseph’s Institute of Technology, Chennai; Saveetha School of Engineering SIMATS, Saveetha University","2025 International Conference on Intelligent and Innovative Technologies in Computing, Electrical and Electronics (IITCEE)",14 Mar 2025,,,1,6,"This paper outlines the development of a smart wheelchair equipped with IoT technology to enhance the mobility and safety of paralyzed individuals. The wheelchair incorporates a suite of sensors, including accelerometers, gyroscopes, and proximity sensors, to monitor the user’s environment and physical condition. Data collected from these sensors is processed by an onboard microcontroller and transmitted to a cloud server for real-time analysis and feedback. The wheelchair features an intuitive user interface, including voice recognition and touch-screen controls, and utilizes advanced navigation algorithms to autonomously navigate various environments. Safety features, such as automatic fall detection, emergency stop mechanisms, and GPS tracking, ensure user security. The integration of IoT technology enables the wheelchair to provide enhanced autonomy, connectivity, and overall quality of life for paralyzed patients.",,979-8-3315-1591-1,,https://ieeexplore.ieee.org/stamp/stamp.jsp?arnumber=10915296,"['Navigation', 'Wheelchairs', 'Wheels', 'User interfaces', 'Feature extraction', 'Real-time systems', 'Safety', 'Internet of Things', 'Intelligent sensors', 'Monitoring']",,3.0,,10.0,IEEE,14 Mar 2025,16-17 Jan. 2025,16-17 Jan. 2025,IEEE,IEEE Conferences,
,,2025,,,,,,,10.1109/wams64402.2025.11157957,,,,,,"['voice recognition', 'distress keywords', 'real time status updates', 'visual alerts', 'audible alerts', 'personal safety technology', 'Visualization', 'Speech recognition', 'Real-time systems', 'Sensor systems', 'Safety', 'Biomedical monitoring', 'Wearable devices', 'Wearable sensors', 'Monitoring', 'Intelligent sensors']",S. Umamaheswararao; M. N. V. S. S. Kumar; M. C. Kumar; K. K. Raju; B. C. Mouli; P. Krishna,,,,,,,IEEE,Smartguard an Intelligent Wearable for Women's Safety,"Department of ECE, Aditya Institute of Technolgy and Management, Tekkali, India; Department of ECE, Aditya Institute of Technolgy and Management, Tekkali, India; Department of ECE, Aditya Institute of Technolgy and Management, Tekkali, India; Department of ECE, Aditya Institute of Technolgy and Management, Tekkali, India; Department of ECE, Aditya Institute of Technolgy and Management, Tekkali, India; Department of ECE, Aditya Institute of Technolgy and Management, Tekkali, India",2025 IEEE Wireless Antenna and Microwave Symposium (WAMS),23 Sep 2025,,,1,5,"As the rate of sexual violence rise, there is a compelling urgency for creative ways to keep woman safe. Some of the products already on the market provide fall detection. PS location tracking, heart-rate Monitoring and emergency notification-including medical alert smartwatches as well as voice activated Assistive systems that connect with first respondents. “SmartGuard: An Intelligent Wearable for Women's Safety” is a wearable device designed to enhance personal security by utilizing advanced sensors and real-time communication technologies. The system integrates a heart rate sensor to detect abnormal heartbeat patterns, which can indicate stress or danger, and a voice recognition module that listens for specific distress keywords like “help.” Upon detecting these triggers, the device automatically sends an emergency alert, including the wearer's GPS location, via GSM to designated contacts. A red LED and buzzer provide immediate audible and visual alerts to those nearby. The device is powered by a 5 V supply and 12 V adapters, while an LCD displays real-time status updates. Controlled by an Arduino UNO, SmartGuard offers a reliable, real-time safety solution that empowers women by providing discreet yet effective assistance in dangerous situations..“SmartGuard is an innovative wearable device designed to enhance safety for women by incorporating advance sensor technology, real time communication systems and automation.By heart rate sensor continuous monitor of physical stress is done and voice recognition module to detect distress signals, the device automatically sends emergency alerts including the users GPS location,to predefined contacts and emergency services. As mentioned earlier it also provide visual and audible alerts to alert nearby individuals.",,979-8-3315-2554-5,,https://ieeexplore.ieee.org/stamp/stamp.jsp?arnumber=11157957,"['Visualization', 'Speech recognition', 'Real-time systems', 'Sensor systems', 'Safety', 'Biomedical monitoring', 'Wearable devices', 'Wearable sensors', 'Monitoring', 'Intelligent sensors']",,1.0,,6.0,IEEE,23 Sep 2025,5-8 June 2025,5-8 June 2025,IEEE,IEEE Conferences,
,,2023,,,,,,,10.1109/icbase59196.2023.10303252,,,,,,"['real time human pose estimation', 'transformer', 'light weight model', 'deep learning', 'coordinate regression', 'Analytical models', 'Computational modeling', 'Pose estimation', 'Medical services', 'Feature extraction', 'Transformers', 'Real-time systems']",L. Fan; G. Ji,,,,,,,IEEE,SWBPose: A Lightweight and Efficient Method for Human Pose Estimation,"School of Engineering, Aerospace Robotic Technology Research Center, Huzhou University, Huzhou Institute of Zhejiang University, Huzhou, China; School of Engineering, Huzhou University, Huzhou, China",2023 4th International Conference on Big Data & Artificial Intelligence & Software Engineering (ICBASE),3 Nov 2023,,,172,176,"Human pose estimation is a crucial challenge in the field of computer vision, contributing significantly to diverse domains, such as fall detection, security, and healthcare. While most existing models achieve high accuracy by constructing complex network architectures, they often overlook the issue of their impracticability for deployment on edge devices due to substantial computational requirements. In response to this, we propose SWBPose, a lightweight model tailored for efficient pose estimation. Our research demonstrates that the integration of the Swin Transformer Feature Extract (STFE) module can expedite model convergence. We also introduce the novel Dynamic Shift Max activation function, which has empirically been shown to enhance the model's Average Precision (AP) by 0.2%, without necessitating additional computational resources. We validated our model using the COCO2017 dataset, achieving a mean Average Precision (mAP) of 66.01%, with a frame rate of 96.76 FPS, computational complexity of 0.61 Gflops, and a model size of 4.37M parameters when implemented on a GPU. The experimental results clearly demonstrate that our model offers superior performance in balancing the trade-off between accuracy and latency.",,979-8-3503-2949-0,,https://ieeexplore.ieee.org/stamp/stamp.jsp?arnumber=10303252,"['Analytical models', 'Computational modeling', 'Pose estimation', 'Medical services', 'Feature extraction', 'Transformers', 'Real-time systems']",,,,26.0,IEEE,3 Nov 2023,25-27 Aug. 2023,25-27 Aug. 2023,IEEE,IEEE Conferences,
,,2025,,,,,,,10.1109/icoeca66273.2025.00185,,,,,,"['Human Action Recognition', 'Feature Extraction', 'hand Crafted Features', 'Deep Learning', 'Deep learning', 'Training', 'Adaptation models', 'Accuracy', 'Three-dimensional displays', 'Feature extraction', 'Video surveillance', 'Trajectory', 'Human activity recognition', 'Optical flow']",P. R. Chaudhari; G. V. Kale,,,,,,,IEEE,Transitioning from Handcrafted to Deep Feature Extraction: Human Action Recognition,"SCTR’s Pune Institute of Computer Engineering, Pune, India; SCTR’s Pune Institute of Computer Engineering, Pune, India",2025 5th International Conference on Expert Clouds and Applications (ICOECA),13 Aug 2025,,,1079,1084,"A transitional approach that emphasizes the development of feature extraction techniques is a strategy that aims to shift from the traditional handcrafted methods to the present deep learning methodologies. The different methodology includes extracting features using classical traditional methods with dense trajectories, temporal and spatial features like optical flow Magnitude, optical flow direction alongside advanced pre-trained deep learning models. The advent of deep learning has enabled the automatic extraction of significant features from raw data, compared to the traditional handcrafted feature extraction method and allowing for more complex actions to be recognized. This transition improves the performance in recognizing actions across diverse application areas including pedestrian navigation, video surveillance, sports analysis, remote patient monitoring, security, dance training, fall detection, human-computer interaction and locomotor rehabilitation. The transition from handcrafted feature extraction methods to deep learning approaches has significantly enhanced the accuracy and efficiency of human action recognition systems. The results highlight how these two approaches vary with each other: handcrafted features and deep learning features in terms of computational efficiency and accuracy.",,979-8-3315-2447-0,,https://ieeexplore.ieee.org/stamp/stamp.jsp?arnumber=11113978,"['Deep learning', 'Training', 'Adaptation models', 'Accuracy', 'Three-dimensional displays', 'Feature extraction', 'Video surveillance', 'Trajectory', 'Human activity recognition', 'Optical flow']",,,,14.0,IEEE,13 Aug 2025,6-7 March 2025,6-7 March 2025,IEEE,IEEE Conferences,
,,2025,,,,,,,10.1109/icees67011.2025.11213448,,,,,,"['Health', 'IOT', 'Blynk', 'Elderly', 'Remote monitoring', 'Real-time Alerts', 'MQTT', 'Patient monitoring', 'Heart rate', 'Temperature sensors', 'Temperature measurement', 'Patient monitoring', 'Surveillance', 'Real-time systems', 'Safety', 'Personnel', 'Older adults', 'Remote monitoring']",S. D. Sri; M. P. V.,,,,,,,IEEE,SmartCare: A Blynk-Assisted IoT Framework for Continuous Elderly Health Surveillance,"Department of Electrical and Electronics Engineering, Amrita School of Engineering, Bengaluru Amrita Vishwa Vidyapeetham, India; Department of Electrical and Electronics Engineering, Amrita School of Engineering, Bengaluru Amrita Vishwa Vidyapeetham, India",2025 11th International Conference on Electrical Energy Systems (ICEES),31 Oct 2025,,,696,701,"The IoT and Blynk-Based Elderly Aid System is a comprehensive health monitoring system that is intended to enhance the well-being and safety of elderly citizens. Using the application of IoT technology and the Blynk platform, the system continuously monitors key health parameters, such as heart rate, SpO (oxygen saturation), body temperature, ambient temperature, proximity, and fall detection. In case of abnormal conditions—such as fever, abnormal heart rates, low oxygen saturation, wandering outside the safe zones, or falls—the system triggers a multi-level alert system. The system comprises instant in-app notifications via the Blynk application, email notifications to assigned caregivers, and loud audio alerts that are intended to summon immediate local assistance. The system also emphasizes data security via password-protected access to patient data, thus ensuring that only authorized personnel have access to sensitive health information. This integrated strategy enables timely intervention, enhances remote monitoring, and provides ongoing safety for elderly individuals.",2693-3934,979-8-3315-5673-0,,https://ieeexplore.ieee.org/stamp/stamp.jsp?arnumber=11213448,"['Heart rate', 'Temperature sensors', 'Temperature measurement', 'Patient monitoring', 'Surveillance', 'Real-time systems', 'Safety', 'Personnel', 'Older adults', 'Remote monitoring']",,,,16.0,IEEE,31 Oct 2025,21-23 Aug. 2025,21-23 Aug. 2025,IEEE,IEEE Conferences,
,,2024,,,,,,,10.1109/ipta62886.2024.10755628,,,,,,"['Unsupervised Learning', 'Probabilistic Graphical Models', 'Video Anomaly Detection', 'CAUCAFall', 'Privacy', 'Graphical models', 'Hospitals', 'Image processing', 'Training data', 'Insurance', 'Probabilistic logic', 'Fall detection', 'Older adults', 'Injuries']",J. G. de Frutos; M. S. Nicole Siemon; K. Nasrollahi,,,,,,,IEEE,Fall Detection in Hospital Rooms with Probabilistic Graphical Models,"Dept. of Electronic Systems, Aalborg University, Aalborg, Denmark; Dept. of Architecture, Design and Media Technology, Aalborg University and Milestone Systems, Aalborg, Denmark; Dept. of Architecture, Design and Media Technology, Aalborg University and Milestone Systems, Aalborg, Denmark","2024 IEEE Thirteenth International Conference on Image Processing Theory, Tools and Applications (IPTA)",22 Nov 2024,,,1,7,"Unintentional injury deaths, primarily caused by simple falls among elderly individuals, have consistently ranked as the second most common cause of death over the years, as documented by the World Health Organization. This not only poses a significant health concern but also imposes a substantial financial burden on hospitals, as insurance companies typically do not cover such events. This project aims to address this challenge by developing a simple Artificial Intelligence system based on Video Anomaly Detection to detect fall situations that require less computational power and protect patients' privacy. The system comprises a Keypoint Detector for estimating the patient's pose and a discrete Bayesian Network to detect whether a person has fallen or not. The approach has been trained and tested under the public dataset CAUCAFall achieving an average accuracy of 90.62%, Area Under the ROC Curve of 88.71%, Region-Based Detection Criterion of 86.23% and Track-Based Detection Criterion of 98.39%. The obtained results demonstrate highly competitive performance, approaching the levels achieved by the most recent State-of-the-art works tested on CAUCAFall. Our unsupervised methodology to fall detection is privacy-preserving, computationally lightweight, and learns patterns from the training data in seconds on a conventional 30GB memory Google Cloud Virtual Machine with 8 AMD EPYC 7B13s Intel Broadwell CPUs.",2154-512X,979-8-3315-4184-2,,https://ieeexplore.ieee.org/stamp/stamp.jsp?arnumber=10755628,"['Privacy', 'Graphical models', 'Hospitals', 'Image processing', 'Training data', 'Insurance', 'Probabilistic logic', 'Fall detection', 'Older adults', 'Injuries']",,2.0,,22.0,IEEE,22 Nov 2024,14-17 Oct. 2024,14-17 Oct. 2024,IEEE,IEEE Conferences,
,,2022,,,,,,,10.1109/ssci51031.2022.10022115,,,,,,"['transformer-based classification', 'ultra-wideband (UWB)', 'human activity recognition', 'Training', 'Privacy', 'Time series analysis', 'Radar', 'Transformers', 'Human activity recognition', 'Convolutional neural networks']",K. Thipprachak; P. Tangamchit; S. Lerspalungsanti,,,,,,,IEEE,Privacy-Aware Human Activity Classification using a Transformer-based Model,"Department of Computer Engineering, King Mongkut's University of Technology Thonburi, Bangkok, Thailand; Department of Control Systems and Instrumentation Engineering, King Mongkut's University of Technology Thonburi, Bangkok, Thailand; National Metal and Materials Technology Center National Science and Technology Development Agency Pathum Thani, Thailand",2022 IEEE Symposium Series on Computational Intelligence (SSCI),30 Jan 2023,,,528,534,"Fall detection in a bathroom requires privacy as an essential issue. Ultra-wideband sensors have the ability to protect human privacy because their output has only limited information. As a result, interpreting the output is a challenging task. This research implemented a transformer model that learned time-series signals from an ultra-wideband sensor in a bathroom. First, the signals were preprocessed into the two-dimensional range-time format. Second, the range-time data were passed into a convolutional neural network encoder before going into a transformer. Third, the basic movements of humans were used for training. Finally, the encoder and the Transformer were trained separately. The model achieved good accuracy on static postures but not good on transitions due to their overlapped similarity with the static postures.",,978-1-6654-8768-9,,https://ieeexplore.ieee.org/stamp/stamp.jsp?arnumber=10022115,"['Training', 'Privacy', 'Time series analysis', 'Radar', 'Transformers', 'Human activity recognition', 'Convolutional neural networks']",,2.0,,21.0,IEEE,30 Jan 2023,4-7 Dec. 2022,4-7 Dec. 2022,IEEE,IEEE Conferences,
,,2025,,,,,,,10.1109/conit65521.2025.11167479,,,,,,"['Wi-Fi Channel State Information', 'Human Activity Recognition System', 'LSTM', 'Low-Light Condition', 'Non-Vision-Based Solution', 'Privacy Preservation', 'Privacy', 'Pose estimation', 'Memory architecture', 'Medical services', 'Safety', 'Human activity recognition', 'Long short term memory', 'Wireless fidelity', 'Channel state information', 'Monitoring']",J. Kalal; R. Khan; P. Yashaswini; A. Naik; K. Mallibhat,,,,,,,IEEE,Wi-Fi CSI Based Human Activity Recognition,"Electronics and Communication, KLE Technological University, Hubballi, India; Electronics and Communication, KLE Technological University, Hubballi, India; Electronics and Communication, KLE Technological University, Hubballi, India; Electronics and Communication, KLE Technological University, Hubballi, India; Electronics and Communication, KLE Technological University, Hubballi, India",2025 5th International Conference on Intelligent Technologies (CONIT),24 Sep 2025,,,1,8,"In this paper, we present a non-vision-based approach for Human Activity Recognition (HAR) aiming to address the privacy concerns associated with vision-based methods. In recent days, HAR finds applications in various areas, including fall detection, pose estimation in the healthcare sector and workplace safety. HAR tasks are predominantly performed by vision-based systems, leading to privacy concerns. Thus, we propose a system to leverage non-vision based technique using Wi-Fi Channel State Information (CSI) signals considering variations caused by human movements for detection and classification of activities including ‘idle’, ‘walking’ and ‘standing’. The proposed approach includes Long Short-Term Memory (LSTM) based architecture to predict human activity and serves as a way to monitor patient activities to ensure adequate rest and recovery. The contribution of the paper includes generation of CSI dataset for ‘idle’, ‘standing’, ‘walking’, ‘squatting’ and ‘jumping’ activities and demonstrate results using the LSTM model trained on the generated dataset thereby achieving an accuracy of $94.36 \%$.",,979-8-3315-2233-9,,https://ieeexplore.ieee.org/stamp/stamp.jsp?arnumber=11167479,"['Privacy', 'Pose estimation', 'Memory architecture', 'Medical services', 'Safety', 'Human activity recognition', 'Long short term memory', 'Wireless fidelity', 'Channel state information', 'Monitoring']",,1.0,,13.0,IEEE,24 Sep 2025,20-22 June 2025,20-22 June 2025,IEEE,IEEE Conferences,
,,2025,,,,,,,10.1109/cscs66924.2025.00060,,,,,,"['vision-based fall detection', 'pose estimation', 'YOLOv11', 'assistive technology', 'real-time monitoring', 'alert', 'YOLO', 'Accuracy', 'Pose estimation', 'Assistive technologies', 'Real-time systems', 'Safety', 'Older adults', 'Fall detection', 'Artificial intelligence', 'Monitoring']",E. Tîrziu; C. Dobre,,,,,,,IEEE,Artificial Intelligence - Powered Assistive Technologies for Fall Detection in Older Adults,"Doctoral School of Computer Science, Information Technology and Systems Engineering, National University of Science and Technology Politehnica Bucharest National Institute for Research and Development in Informatics, Bucharest, Romania; Doctoral School of Computer Science, Information Technology and Systems Engineering, National University of Science and Technology Politehnica Bucharest National Institute for Research and Development in Informatics, Bucharest, Romania",2025 25th International Conference on Control Systems and Computer Science (CSCS),30 Sep 2025,,,362,367,"This study explores the role of artificial intelligence in assistive technologies for monitoring older adults, focusing on fall detection using the YOLO (You Only Look Once) object detection algorithm with pose estimation. The proposed system uses YOLOv11’s enhanced real-time processing capabilities to accurately detect falls from video feeds, ensuring rapid intervention and improved safety. The system analyzes skeletal movements to distinguish falls from normal activities with greater precision. Real-time testing was conducted using live webcam recordings under dynamic conditions. The results demonstrate significant improvements in detection accuracy, processing speed and system robustness. Furthermore, the system prioritizes data privacy by processing only skeletal key points, eliminating the need for storing personal visual data. These findings highlight the potential of AI-driven monitoring solutions in enhancing the quality of life for older adults, offering a reliable and privacy-conscious assistive technology for fall prevention and safety.",2379-0482,979-8-3315-7343-0,,https://ieeexplore.ieee.org/stamp/stamp.jsp?arnumber=11181588,"['YOLO', 'Accuracy', 'Pose estimation', 'Assistive technologies', 'Real-time systems', 'Safety', 'Older adults', 'Fall detection', 'Artificial intelligence', 'Monitoring']",,,,13.0,IEEE,30 Sep 2025,27-30 May 2025,27-30 May 2025,IEEE,IEEE Conferences,
,,2025,,,,,,,10.1109/icsadl65848.2025.10933482,,,,,,"['PointNet++', 'LiDAR', 'Fall Detection', 'Deep learning', 'Privacy', 'Sentiment analysis', 'Laser radar', 'Accuracy', 'Cameras', 'Sensors', 'Fall detection', 'Older adults', 'Monitoring']",A. S. Ayyagari; S. A. Ahmed; S. Venkatakrishnan; S. K. Thangavel; J. G; M. R. Nalluri,,,,,,,IEEE,Fall Detection using LiDAR Sensor with PointNet++,"Department of Computer Science and Engineering, Amrita School of Computing, Amrita Vishwa Vidyapeetham, Coimbatore, India; Department of Computer Science and Engineering, Amrita School of Computing, Amrita Vishwa Vidyapeetham, Coimbatore, India; Department of Computer Science and Engineering, Amrita School of Computing, Amrita Vishwa Vidyapeetham, Coimbatore, India; Department of Computer Science and Engineering, Amrita School of Computing, Amrita Vishwa Vidyapeetham, Coimbatore, India; Department of Computer Science and Engineering, Amrita School of Computing, Amrita Vishwa Vidyapeetham, Coimbatore, India; Department of Computer Science and Engineering, Amrita School of Computing, Amrita Vishwa Vidyapeetham, Coimbatore, India",2025 4th International Conference on Sentiment Analysis and Deep Learning (ICSADL),27 Mar 2025,,,604,609,"In today's world, fall incidents pose a significant risk to the elderly, often resulting in severe consequences. Falls can cause damage to the body, especially in elders, where it can be fatal.It is vital to detect falls in order to provide assistance. The simple solution is to install cameras in required areas, which would constantly monitor the area for any falls occurring, this poses a privacy issue in high-risk regions such as bathrooms and toilets. Keeping this in mind, this paper proposes the use of LiDAR sensors that do not cause any invasion of privacy for fall detection. The paper further uses the Pointnet++ to detect fall from the LiDAR scans. The model achieves an accuracy of 85.1 % and precision of 84.8 % on a 70–30 split of the dataset and an accuracy of 86.3 % and precision of 86.2 % on an 80–20 split of the dataset.",,979-8-3315-2392-3,,https://ieeexplore.ieee.org/stamp/stamp.jsp?arnumber=10933482,"['Deep learning', 'Privacy', 'Sentiment analysis', 'Laser radar', 'Accuracy', 'Cameras', 'Sensors', 'Fall detection', 'Older adults', 'Monitoring']",,,,18.0,IEEE,27 Mar 2025,18-20 Feb. 2025,18-20 Feb. 2025,IEEE,IEEE Conferences,
,,2025,,,,,,,10.1109/icmlant68509.2025.11394860,,,,,,"['Elderly care robotics', 'social robotics', 'multimodal perception', 'LiDAR navigation', 'medication adherence', 'HRI', 'assistive technology', 'low-cost robotics', 'Laser radar', 'Simultaneous localization and mapping', 'Sensitivity', 'Navigation', 'Human-robot interaction', 'Safety', 'Synchronization', 'Reliability', 'Older adults', 'Usability']",A. Guevara; I. López; F. Chávez; B. Vásquez-Pineda; M. Cardona,,,,,,,IEEE,ZenIA: An Artificial Intelligence-Based Robotic System for Elderly Healthcare Assistance,"STEAM Robotics Academy, San Salvador, El Salvador; STEAM Robotics Academy, San Salvador, El Salvador; STEAM Robotics Academy, San Salvador, El Salvador; Research Department, STEAM Robotics Academy, San Salvador, El Salvador; Research Department, Universidad Don Bosco, San Salvador, El Salvador",2025 IEEE International Conference on Machine Learning and Applied Network Technologies (ICMLANT),20 Feb 2026,,,1,6,"This paper presents ZenIA, a low-cost, AI-enabled assistive robot designed to support elderly individuals in home settings with medication adherence, basic companionship, and responsive interaction. ZenIA integrates on-device face recognition, 360-degree LiDAR-based navigation, and an automated medication dispensing mechanism, coupled with a lightweight software stack that prioritizes privacy through local data storage and offline operation. The mechanical design emphasizes safety and ergonomics (rounded geometries) for domestic environments, while the human–robot interaction (HRI) layer combines synthesized speech and a 7-inch touch GUI to improve usability for older adults and caregivers. We detail the hardware–software architecture, including Raspberry Pi 5, Arduino, HuskyLens AI camera, LD-19 LiDAR, and a servo-based carousel dispenser. Technical validation shows 87% face-recognition accuracy in a small cohort, reliable obstacle avoidance in mixed indoor layouts, and synchronized medication dispensing. A preliminary user session with a 70-year-old participant validated task completion and acceptability. We discuss cost/robustness/privacy trade-offs, limitations (lighting sensitivity, lack of global SLAM, minimal user sample), and future steps toward multimodal fall detection, human-aware navigation, and broader living-lab trials in Latin America.",,979-8-3315-6871-9,,https://ieeexplore.ieee.org/stamp/stamp.jsp?arnumber=11394860,"['Laser radar', 'Simultaneous localization and mapping', 'Sensitivity', 'Navigation', 'Human-robot interaction', 'Safety', 'Synchronization', 'Reliability', 'Older adults', 'Usability']",,,,13.0,IEEE,20 Feb 2026,11-12 Dec. 2025,11-12 Dec. 2025,IEEE,IEEE Conferences,
,,2025,,,,,,,10.1109/wacvw65960.2025.00095,,,,,,"['fall detection', 'bayesian networks', 'machine learning', 'anomaly detection', 'Training', 'Data privacy', 'Accuracy', 'Feature extraction', 'Video surveillance', 'Data models', 'Bayes methods', 'Fall detection', 'Anomaly detection', 'Accidents']",M. Oliu; R. Bozyil; M. Siemon; A. Martinez-Senent; S. Escalera; T. B. Moeslund; K. Nasrollahi,,,,,,,IEEE,Fall Detection: Leveraging Depth Information in Bayesian Networks,"Aalborg Universitet, Aalborg Øst; Milestone Systems, Brondby; Aalborg Universitet, Aalborg Øst; Milestone Systems, Brondby; Aalborg Universitet, Aalborg Øst; Aalborg Universitet, Aalborg Øst; Aalborg Universitet, Aalborg Øst",2025 IEEE/CVF Winter Conference on Applications of Computer Vision Workshops (WACVW),29 Apr 2025,,,798,805,"Deaths due to accidental falls is a pervasive issue across the healthcare system, affecting both professional settings such as hospitals and nursing homes as well as private residences where elderly people might live either alone or without supervision during part of the day. With them being the second leading cause of accidental deaths, just behind traffic accidents, there is significant incentive to develop measures capable of reducing the impact of such accidents. An accurate Fall Detection system presents itself as a viable solution, whereas an automated video surveillance system is capable of raising an alert when such an event occurs. For such an approach to be commercially viable, it must both have a high degree of accuracy and be trainable with easily obtainable data. The first is necessary in order to reduce the number of false positives, and thus not burden the health-care personnel with false alerts. The second would make it possible to implement the system without depending on datasets available for research purposes only, nor requiring a large time investment on creating a private dataset, with the privacy concerns this entails. We address this by introducing an Anomaly Detection approach based on Bayesian Networks. Our approach models a given video frame based on the relationship between simple features extracted from the image, and does not require any kind of private information nor class labels to work. This makes our model both privacy-preserving and with low data requirements. Furthermore, the model can be trained in just a few seconds. We achieve results that far surpass the current state-of-the-art when compared to other unsupervised approaches.",2690-621X,979-8-3315-3662-6,,https://ieeexplore.ieee.org/stamp/stamp.jsp?arnumber=10972478,"['Training', 'Data privacy', 'Accuracy', 'Feature extraction', 'Video surveillance', 'Data models', 'Bayes methods', 'Fall detection', 'Anomaly detection', 'Accidents']",,,,18.0,IEEE,29 Apr 2025,28 Feb.-4 March 2025,28 Feb.-4 March 2025,IEEE,IEEE Conferences,
,,2024,,,,,,,10.1109/cipae64326.2024.00045,,,,,,"['Fall Detection', 'Acoustic Monitoring', 'Machine Learning-Driven', 'Machine learning algorithms', 'Heuristic algorithms', 'Medical services', 'Aging', 'Visual systems', 'Feature extraction', 'Robustness', 'Safety', 'Older adults', 'Fall detection']",S. Liu,,,,,,,IEEE,Enhancing Elderly Safety: A Machine Learning-Driven Acoustic System for In-Home Fall Detection and Alerting,"College of Photonic and Electronic Engineering, Fujian Normal University, Fuzhou, Fujian, China","2024 International Conference on Computers, Information Processing and Advanced Education (CIPAE)",18 Dec 2024,,,220,224,"The rapidly aging global population and the increase in time spent at home by the elderly, exacerbated by the COVID-19 pandemic, have highlighted a critical need for innovative healthcare solutions. One of the most pressing concerns in elderly care is the high risk and frequency of falls, which are the leading cause of accidental deaths and severe injuries in this demographic. With current technologies largely relying on visual systems that raise privacy concerns and incur significant costs, there is an urgent need for a more practical and respectful solution. This paper presents a novel machine learning-based approach to detect falls among the elderly using sound as the primary sensory input. We have developed an intelligent terminal that employs sound sensors to collect audio information within home settings, thereby creating a comprehensive database of real elderly fall incidents. By extracting kinematic, temporal, and dynamic features from actual falls and everyday activities, we designed and trained machine learning algorithms to discern fall events with high accuracy. Comparative assessments of the developed algorithms against benchmark classification metrics, such as the Area Under the Curve (AUC), reveal the robustness of our approach, with the best-performing models achieving AUC values exceeding 0.95. The system proposed herein offers a low-cost, privacy-preserving, and low-latency alternative to camera-based fall detection systems, showing great promise for widespread adoption in aging societies and private homes. This research signifies a step forward in facilitating safer independent living conditions for the elderly and reducing the healthcare burden associated with falls.",,979-8-3315-2766-2,,https://ieeexplore.ieee.org/stamp/stamp.jsp?arnumber=10788227,"['Machine learning algorithms', 'Heuristic algorithms', 'Medical services', 'Aging', 'Visual systems', 'Feature extraction', 'Robustness', 'Safety', 'Older adults', 'Fall detection']",,,,32.0,IEEE,18 Dec 2024,26-28 Aug. 2024,26-28 Aug. 2024,IEEE,IEEE Conferences,
,,2023,,,,,,,10.1109/tsusc.2023.3279111,,,,,,"['Blockchain', 'federated learning', 'Internet of Medical Things', 'privacy-preserving', 'Training', 'Data models', 'Blockchains', 'Medical services', 'Federated learning', 'Security', 'Monitoring']",Z. Lian; W. Wang; Z. Han; C. Su,,,,,,,IEEE,Blockchain-Based Personalized Federated Learning for Internet of Medical Things,"Department of Computer Science and Engineering, The University of Aizu, Aizuwakamatsu, Japan; Department of Computer Science, City University of Hong Kong, Kowloon Tong, Hong Kong; College of Information Science and Technology, Nanjing Forestry University, Nanjing, Jiangsu, China; Department of Computer Science and Engineering, The University of Aizu, Aizuwakamatsu, Japan",IEEE Transactions on Sustainable Computing,8 Dec 2023,8,4.0,694,702,"The rapid growth of artificial intelligence (AI), blockchain technology, and edge computing services have enabled the Internet of Medical Things (IoMT) to provide various healthcare services to patients, including neural network-based disease diagnosis, heart rate monitoring, and fall detection. Generally, end devices should transmit the collected patient data to a centralized server for further model training, but at the same time, the patient's privacy may be at risk. In addition, due to the diversity of patient conditions, a one-size-fits-all model cannot meet personalized healthcare needs. To address the above challenges, we propose a blockchain-based personalized federated learning (FL) system that enables clients to participate in personalized model training without directly uploading private data. We further realize the decentralized FL by combining blockchain technology, which improves the security level of the system. Finally, we verify the reliable performance of our system on different datasets through simulation experiments.",2377-3782,,JSPS Grant-in-Aid for Scientific Research(grant numbers:23K11103); NEC C&C Foundation; ,https://ieeexplore.ieee.org/stamp/stamp.jsp?arnumber=10132014,"['Training', 'Data models', 'Blockchains', 'Medical services', 'Federated learning', 'Security', 'Monitoring']",,60.0,,47.0,IEEE,23 May 2023,Oct.-Dec. 2023,,IEEE,IEEE Journals,
,,2025,,,,,,,10.1109/csitss67709.2025.11295856,,,,,,"['Edge Computing', 'Internet of Things (IoT)', 'Healthcare Monitoring', 'ECG Analysis', 'Remote Patient Monitoring (RPM)', 'Patient monitoring', 'Cloud computing', 'Microcontrollers', 'Image edge detection', 'Medical services', 'Electrocardiography', 'Solids', 'Real-time systems', 'Internet of Things', 'Older adults']",M. R; S. A; H. Umashankar; S. K,,,,,,,IEEE,Edge-AI Enabled Real-Time ECG and Vital Sign Monitoring System for Elderly Patients,"Dept. of CSE (Data Science), B.M.S. College of Engineering, Bengaluru, India; Dept. of CSE (Data Science), B.M.S. College of Engineering, Bengaluru, India; Dept. of CSE (Data Science), B.M.S. College of Engineering, Bengaluru, India; Dept. of CSE (Data Science), B.M.S. College of Engineering, Bengaluru, India",2025 9th International Conference on Computational System and Information Technology for Sustainable Solutions (CSITSS),19 Dec 2025,,,1,6,"With the growing global population of elderly individuals, the demand for reliable, efficient, and easily accessible healthcare solutions is rapidly increasing. Most of the elderly people express a desire to stay in their own residences, appreciating the familiarity and sense of control it provides. However, the management of chronic conditions—such as cardiovascular diseases, respiratory issues, and balance-related risks—without continuous medical supervision presents critical challenges. Traditional remote patient monitoring systems, which rely heavily on cloud-based infrastructure, often suffer from latency, connectivity issues, and data privacy concerns, making them less ideal for real-time and sensitive health monitoring applications. The proposed project targets the development of a realtime health monitoring platform for elderly care, leveraging Edge-AI capabilities. The initial phase centers on establishing a solid hardware backbone and robust communication framework. The system integrates multiple biosensors—ECG, SpO2 (oxygen saturation), fall detection via accelerometer and gyroscope, and a body temperature sensor—all interfaced with the ESP32 microcontroller for continuous data acquisition. The ESP32 acts as the main sensor node, performing initial signal processing and transmitting data via a wired connection to a Raspberry Pi 4 for local, real-time analytics. This arrangement ensures stable data streams and immediate alerts without relying on cloud infrastructure. Laying this foundation enables future integration of AI-based anomaly detection, robust security, and caregiver mobile app access, ultimately supporting proactive elderly care and more independent living.",2767-1097,979-8-3315-8894-6,,https://ieeexplore.ieee.org/stamp/stamp.jsp?arnumber=11295856,"['Patient monitoring', 'Cloud computing', 'Microcontrollers', 'Image edge detection', 'Medical services', 'Electrocardiography', 'Solids', 'Real-time systems', 'Internet of Things', 'Older adults']",,,,20.0,IEEE,19 Dec 2025,20-22 Nov. 2025,20-22 Nov. 2025,IEEE,IEEE Conferences,
,,2023,,,,,,,10.1109/i-smac58438.2023.10290168,,,,,,"['Convolutional Neural Network', 'Deep Learning', 'Feature Extraction', 'Transfer Learning', 'You Only Look Once (YOLO)', 'Human factors', 'Traffic control', 'Real-time systems', 'Social factors', 'Safety', 'Object recognition', 'Security']",S. Phatangare; S. Kate; D. Khandelwal; A. Khandetod; A. Kharade,,,,,,,IEEE,Real Time Human Activity Detection using YOLOv7,"Department of Computer Engineering, Vishwakarma Institute of Technology, Pune, India; Department of Computer Engineering, Vishwakarma Institute of Technology, Pune, India; Department of Computer Engineering, Vishwakarma Institute of Technology, Pune, India; Department of Computer Engineering, Vishwakarma Institute of Technology, Pune, India; Department of Computer Engineering, Vishwakarma Institute of Technology, Pune, India","2023 7th International Conference on I-SMAC (IoT in Social, Mobile, Analytics and Cloud) (I-SMAC)",26 Oct 2023,,,1069,1076,"The You Only Look Once (YOLO) algorithm is used in this research to demonstrate a sophisticated human activity detection system integrated with real-time applications. Computer vision, a subset of deep learning, is crucial in grasping the content of pictures and videos and having applications in security monitoring, healthcare, traffic control, and other fields. The suggested system focuses on three critical safety scenarios, fall detection, social distance detection, and drowsiness detection, to improve real-time safety, security, and efficiency. The system uses YOLO’s extraordinary strength of object identification and localization to deliver real-time processing, high accuracy, and flexibility to dynamic situations. The modules' accuracy and dependability are established through extensive testing and assessment, making them useful instruments for addressing challenges in the real world.",2768-0673,979-8-3503-4148-5,,https://ieeexplore.ieee.org/stamp/stamp.jsp?arnumber=10290168,"['Human factors', 'Traffic control', 'Real-time systems', 'Social factors', 'Safety', 'Object recognition', 'Security']",,7.0,,20.0,IEEE,26 Oct 2023,11-13 Oct. 2023,11-13 Oct. 2023,IEEE,IEEE Conferences,
,,2025,,,,,,,10.1109/iicaiet67254.2025.11265607,,,,,,"['Smart Cane', 'Obstacle Detection', 'Automated Emergency Alerts', 'WhatsApp', 'GPS Navigation', 'Freeware', 'Visualization', 'Bluetooth', 'Visual impairment', 'Blindness', 'Mobile applications', 'Text to speech', 'Security', 'Internet telephony', 'Global Positioning System']",L. K. Meng; I. Kong Cheh Lin; N. K. Le; C. Bun Seng; T. T. Swee; M. Tiong Foh Thye; J. Sheikh; Makun,,,,,,,IEEE,"Smart Cane for the Visually Impaired: Enhancing Navigation, Safety, and Emergency Response","Department of Electronic Engineering, Faculty of Engineering & Information Technology, Southern University College, Johor, Malaysia; Department of Electronic Engineering, Faculty of Engineering & Information Technology, Southern University College, Johor, Malaysia; Department of Electronic Engineering, Faculty of Engineering & Information Technology, Southern University College, Johor, Malaysia; Department of Electronic Engineering, Faculty of Engineering & Information Technology, Southern University College, Johor, Malaysia; Faculty of Electrical Engineering, Universiti Teknologi Malaysia, Johor, Malaysia; Faculty of Electrical Engineering, Universiti Teknologi Malaysia, Johor, Malaysia; Department of Biomedical Engineering, Sir Syed University of Engineering and Technology, Karachi, Pakistan; Faculty of Electrical Engineering, Universiti Teknologi Malaysia, Johor, Malaysia",2025 IEEE International Conference on Artificial Intelligence in Engineering and Technology (IICAIET),5 Dec 2025,,,256,261,"In Malaysia, blindness and visual impairment are still severe problems, with 180,000 blind persons and more than half a million are suffering from moderate to severe visual impairments. In response to these challenges, an innovative smart cane has been proposed, developed, and tested. The cane has built-in obstacle detection, and a fall detection system with auto-emergency notification alert and GPS for navigational assistance. A user-friendly mobile application is designed and it is connected to the cane via Bluetooth. The mobile application is created with Kodular and it allows simple interaction using swipe and tap gestures and includes text-to-speech option. It also supports customizable fonts and high contrast visual themes. Users can locate facilities such as toilets or bus stops through the app, improving independence, equality, and sense of security. The cane consists of a fall detector that employs Inertial Measurement Unit (IMU) sensors, which trigger GPS navigation and WhatsApp based emergency notifications through Bluetooth to emergency contacts. The emergency button on the cane can be manually pressed and it produces an alarming sound and grabs attention of the surrounding people to the users. Therefore, the proposed cane and app can gain independency, support security, and achieve SDG Goal 3 to enhance good health, well-being and SDG Goal 10 to reduce inequalities.",,979-8-3315-5451-4,,https://ieeexplore.ieee.org/stamp/stamp.jsp?arnumber=11265607,"['Freeware', 'Visualization', 'Bluetooth', 'Visual impairment', 'Blindness', 'Mobile applications', 'Text to speech', 'Security', 'Internet telephony', 'Global Positioning System']",,,,11.0,IEEE,5 Dec 2025,26-28 Aug. 2025,26-28 Aug. 2025,IEEE,IEEE Conferences,
,,2022,,,,,,,10.1109/jsyst.2022.3140546,,,,,,"['Machine learning', 'millimeter-wave (mmWave) radar', 'noninvasive human activity recognition (HAR)', 'smart home', 'Point cloud compression', 'Radar', 'Doppler radar', 'Radar imaging', 'Noise measurement', 'Cameras', 'Activity recognition']",C. Yu; Z. Xu; K. Yan; Y. -R. Chien; S. -H. Fang; H. -C. Wu,,,,,,,IEEE,Noninvasive Human Activity Recognition Using Millimeter-Wave Radar,"School of Electrical Engineering and Automation, Fuzhou University, Fuzhou, China; School of Electrical Engineering and Automation, Fuzhou University, Fuzhou, China; Department of Information and Telecommunication, Guilin University of Electronic Technology, Guilin, China; Department of Electronic Engineering, National Ilan University, Yilan, Taiwan; Department of Electrical Engineering, Yuan Ze University, Taoyuan, Taiwan; Department of Electrical and Computer Engineering, Louisiana State University, Baton Rouge, LA, USA",IEEE Systems Journal,13 Jun 2022,16,2.0,3036,3047,"The millimeter-wave (mmWave) radar technology has attracted significant attention because it is susceptible to environmental lighting, wall shielding, and privacy concern. This article proposes a novel noninvasive human activity recognition system using a mmWave radar. The proposed framework first transforms mmWave signals into point clouds. Generally speaking, it consists of four major components: denosing, enhanced voxelization, data augmentation, and dual-view machine learning to lead to accurate and efficient human activity recognition. The proposed new methodology considers the spatial–temporal point clouds in physical environments through a modified voxelization approach, enriches the sparse data based on the symmetry property of radar rotations, and learns the activity using a dual-view convolutional neural network. To evaluate the performance of the proposed learning models, a dataset involving seven different activities has been established using a mmWave radar platform. The experimental results have demonstrated that the proposed system can achieve 97.61% and 98% accuracies during the tests of fall detection and activity classification, respectively. In comparison, the proposed scheme greatly outperforms four other conventional machine learning schemes in terms of the overall accuracy.",1937-9234,,"Ministry of Science and Technology, Taiwan(grant numbers:MOST-110-2221-E-155-028); ",https://ieeexplore.ieee.org/stamp/stamp.jsp?arnumber=9691471,"['Point cloud compression', 'Radar', 'Doppler radar', 'Radar imaging', 'Noise measurement', 'Cameras', 'Activity recognition']",,138.0,,52.0,IEEE,25 Jan 2022,June 2022,,IEEE,IEEE Journals,
,,2022,,,,,,,10.1109/jsen.2022.3156762,,,,,,"['Fall detection', 'activity classification', 'FMCW radar', 'micro-Doppler signature', 'CNN', 'sensor fusion', 'canonical correlation analysis', 'Feature extraction', 'Radar', 'Older adults', 'Sensors', 'Radar detection', 'Signal processing algorithms', 'Classification algorithms']",F. J. Abdu; Y. Zhang; Z. Deng,,,,,,,IEEE,Activity Classification Based on Feature Fusion of FMCW Radar Human Motion Micro-Doppler Signatures,"Department of Information and Communication Engineering, Xiamen University (XMU), Xiamen, China; School of Informatics, Xiamen University, Xiamen, China; School of Informatics, Xiamen University, Xiamen, China",IEEE Sensors Journal,2 May 2022,22,9.0,8648,8662,"Fall is a challenging task that poses a great danger to the elderly person’s health as they carry out their daily routines and activities and could lead to serious injuries, long hospitalization, or even death. One of the key solutions to this important problem is the prompt and automatic detection of their fall motion, among other activities, so that immediate help can be rendered to avoid further complications. Cameras and other wearable sensors are the conventional means employed to monitor the daily activities performed by elderly people. However, recently radar sensing technology has been favored largely due to its short-range and velocity estimation. And most importantly, their ability to remotely capture the human activity motion electromagnetic wave signal without infringing on the user’s privacy. To this end, we present an elderly people fall detection system that integrates the radar signal micro-Doppler features extracted with the convolutional neural networks (CNNs). The features were extracted using Alex-Net, VGG-16-Net, and VGG-19-Net pre-trained models. We adapted the canonical correlation analysis (CCA) algorithm by proposing a channel attention network to fuse the extracted features effectively. The channel attention module employed a series of convolutional filters to determine the most discriminative features to focus on and discard the redundant ones. The fused features are classified using an SVM classifier. Our proposed method achieved the best performance against the state-of-the-art approaches. Specifically, our approach attained 99.77% test accuracy, which is about a 2% to 4 % increase compared to the recent state-of-the-art approaches.",1558-1748,,"Science and Technology Key Project of Fujian Province(grant numbers:2019H6001,2019HZ020009,2020HZ020005,2021HZ021004,2021H61010115); National Natural Science Foundation of China(grant numbers:U1705263); President’s Fund of Xiamen University for Undergraduate(grant numbers:20720212006); Open Project of Key Laboratory ofWireless Sensor Network and Communication, Shanghai Institute of Microsystem and Information Technology, CAS; ",https://ieeexplore.ieee.org/stamp/stamp.jsp?arnumber=9727166,"['Feature extraction', 'Radar', 'Older adults', 'Sensors', 'Radar detection', 'Signal processing algorithms', 'Classification algorithms']",,77.0,,46.0,IEEE,3 Mar 2022,"1 May1, 2022",,IEEE,IEEE Journals,
,,2024,,,,,,,10.1109/comst.2023.3334269,,,,,,"['Healthcare radars', 'deep-learning', 'vital sign measurement', 'activity recognition', 'Radar', 'Medical services', 'Sensors', 'Activity recognition', 'Radar cross-sections', 'Monitoring', 'Radar detection']",S. Ahmed; S. H. Cho,,,,,,,IEEE,Machine Learning for Healthcare Radars: Recent Progresses in Human Vital Sign Measurement and Activity Recognition,"Department of Electronic Engineering, Hanyang University, Seoul, South Korea; Department of Electronic Engineering, Hanyang University, Seoul, South Korea",IEEE Communications Surveys & Tutorials,26 Feb 2024,26,1.0,461,495,"The unprecedented non-contact, non-invasive, and privacy-preserving nature of radar sensors has enabled various healthcare applications, including vital sign monitoring, fall detection, gait analysis, activity recognition, fitness evaluation, and sleep monitoring. Machine learning (ML) is revolutionizing every domain, with radar-based healthcare being no exception. Progress in the field of healthcare radars and ML is complementing the existing radar-based healthcare industry. This article provides an overview of ML usage for two major healthcare applications: vital sign monitoring and activity recognition. Vital sign monitoring is the most promising healthcare application of radar, as it can predict several chronic cardiac and respiratory diseases. Activity recognition is also a prominent application since the inability to perform activities may result in critical suffering. The article presents an overview of commercial radars, radar hardware, and historical progress of healthcare radars, followed by the usage of ML for healthcare radars. Subsequently, the paper discusses how ML can overcome the limitations of conventional radar data processing chains for healthcare radars. The article also touches upon recent generative ML concepts used in healthcare radars. Among several interesting findings, it was discovered that ML does not completely replace existing vital sign monitoring algorithms; rather, ML is deployed to overcome the limitations of traditional algorithms. On the other hand, activity recognition always relies on ML approaches. The most widely used algorithms for both applications are Convolutional Neural Network (CNN) followed by Support Vector Machine (SVM). Generative AI has the capability to augment data and is expected to have a significant impact soon. Recent trends, lessons learned from these trends, and future directions for both healthcare applications are presented in detail. Finally, the future work section discusses a wide range of healthcare topics for humans, ranging from neonates to elderly individuals.",1553-877X,,National Research Foundation (NRF) of South Korea(grant numbers:NRF-2022R1A2C2008783); ,https://ieeexplore.ieee.org/stamp/stamp.jsp?arnumber=10322785,"['Radar', 'Medical services', 'Sensors', 'Activity recognition', 'Radar cross-sections', 'Monitoring', 'Radar detection']",,59.0,,202.0,CCBYNCND,20 Nov 2023,Firstquarter 2024,,IEEE,IEEE Journals,
,,2023,,,,,,,10.1109/tcss.2022.3233300,,,,,,"['Edge computing', 'federated learning (FL)', 'few-shot learning', 'healthcare', 'Internet of Medical Things (IoMT)', 'Medical services', 'Monitoring', 'Biomedical monitoring', 'Older adults', 'Privacy', 'Fall detection', 'Predictive models']",S. Ghosh; S. K. Ghosh,,,,,,,IEEE,FEEL: FEderated LEarning Framework for ELderly Healthcare Using Edge-IoMT,"College of Information Sciences and Technology, Pennsylvania State University, State College, PA, USA; Department of Computer Science and Engineering, Indian Institute of Technology Kharagpur, Kharagpur, India",IEEE Transactions on Computational Social Systems,2 Aug 2023,10,4.0,1800,1809,"Recent advancements in artificial intelligence (AI) and IoT technology have revolutionized the healthcare industry by providing effective remote healthcare. Furthermore, with the aging of the world’s population, remote health monitoring and recommendations are becoming imperative to provide cost-effective healthcare solutions for improving the quality of life of our senior citizens. The explosive growth of wearable sensors (IoT sensors) and health bands has facilitated the interconnection among patients and caregivers to enable assisted living by leveraging AI techniques. This work proposes an end-to-end connected smart home healthcare system (FEEL) for elderly people. Our proposed framework addresses the main challenges of the Internet of Medical Things (IoMT) system namely, the scarcity of labeled data and user’s diverse needs. The major contributions of the work are: 1) few-shot learning-enabled novel federated learning (FL) framework for health data and context information analysis and recommendation; 2) user and context-based knowledge graph (UKG) to represent and model health parameters and environmental impacts on recommendations; 3) deep learning architecture for activity monitoring and location estimation of the users; and 4) edge-fog-IoMT collaborative framework to collect, store, and share medical recommendations while protecting the privacy of the users. FEEL is specifically beneficial for elderly homes where several aged people stay together and require constant care. We aim to develop a novel AI module where along with the health parameters, the social context of the home can be augmented to provide an accurate and improved healthcare service. FEEL has been evaluated for three tasks, namely: 1) activity monitoring and location estimation; 2) fall detection; and 3) medical recommendations for unusual health conditions. A customized wearable device has been used to collect, store, and send health-related parameters. The experimental evaluation demonstrates promising accuracy (F1 score 0.86–0.94 range) for the tasks and outperforms the baselines by a significant margin ( $\approx 10$ %–16%).",2329-924X,,"Research Grant from Department of Science and Technology, Government of India, under Geospatial Chair Professor Award; ",https://ieeexplore.ieee.org/stamp/stamp.jsp?arnumber=10024778,"['Medical services', 'Monitoring', 'Biomedical monitoring', 'Older adults', 'Privacy', 'Fall detection', 'Predictive models']",,51.0,,44.0,IEEE,23 Jan 2023,Aug. 2023,,IEEE,IEEE Journals,
,,2022,,,,,,,10.1109/access.2021.3140164,,,,,,"['Deep learning', 'edge computing', 'fall detection', 'neuromorphic computing hardware', 'the IoT', 'Edge computing', 'Fall detection', 'Servers', 'Cloud computing', 'Cameras', 'Neural networks', 'Older adults']",B. -S. Lin; T. Yu; C. -W. Peng; C. -H. Lin; H. -K. Hsu; I. -J. Lee; Z. Zhang,,,,,,,IEEE,Fall Detection System With Artificial Intelligence-Based Edge Computing,"Department of Computer Science and Information Engineering, National Taipei University, New Taipei City, Taiwan; Department of Communication Engineering, National Taipei University, New Taipei City, Taiwan; School of Biomedical Engineering, College of Biomedical Engineering, Taipei Medical University, Taipei, Taiwan; Master Program in Long-Term Care, College of Nursing, Taipei Medical University, Taipei, Taiwan; Department of Computer Science and Information Engineering, National Taipei University, New Taipei City, Taiwan; Department of Computer Science and Information Engineering, National Taipei University, New Taipei City, Taiwan; Department of Computer Science and Information Engineering, National Taipei University, New Taipei City, Taiwan",IEEE Access,17 Jan 2022,10,,4328,4339,"Falls are the second leading cause of death from unintentional injuries in older adults. Although many systems have been used to detect falls, they are limited by the computational complexity of the algorithm. The images taken by the camera must be transmitted through a network to the back-end server for calculation. As the demand for Internet of Things increases, this architecture faces such problems as high bandwidth costs and server computing overload. Emerging methods reduce the workload of servers by transferring certain computing tasks from cloud servers to edge computing platforms. To this end, this study developed a fall detection system based on neuromorphic computing hardware, which streamlines and transplants the neural network model of the back-end computer to the edge computing platform. Through the neural network model with integer 8 bit precision deployed on the edge computing platform, the object photos obtained by the camera are converted into human motion features, and a support vector machine is then used for classification. After experimental evaluation, an accuracy of 96% was reached, the detection speed of the overall system was 11.5 frames per second, and the power consumption was 0.3 W. This system can monitor the fall events of older adults in real time and over a long period. All data were calculated on the edge computing platform. The system only reports fall events via Wi-Fi, thereby protecting the privacy of the user.",2169-3536,,"Ministry of Science and Technology in Taiwan(grant numbers:110-2314-B-305-001,109-2221-E-305-001-MY2); University System of Taipei Joint Research Program(grant numbers:USTP-NTPU-TMU-107-02,USTP-NTPU-TMU-108-01,USTP-NTPU-TMU-109-03,USTP-NTPU-NTOU-110-01); Faculty Group Research Funding Sponsorship by National Taipei University(grant numbers:2021-NTPU-ORDA-02); National Taipei University, Taiwan, through the Academic Top-Notch and Features Field Project(grant numbers:110-NTPU_ORDA-F-003); ",https://ieeexplore.ieee.org/stamp/stamp.jsp?arnumber=9667467,"['Edge computing', 'Fall detection', 'Servers', 'Cloud computing', 'Cameras', 'Neural networks', 'Older adults']",,39.0,,35.0,CCBY,4 Jan 2022,2022,,IEEE,IEEE Journals,
,,2023,,,,,,,10.1109/jsen.2022.3232085,,,,,,"['Edge processing', 'fall detection', 'Internet of Things (IoT)', 'machine learning (ML)', 'random forest', 'sensor fusion', 'Sensors', 'Sensor fusion', 'Feature extraction', 'Intelligent sensors', 'Sensor phenomena and characterization', 'Complexity theory', 'Thermal sensors']",S. Kianoush; S. Savazzi; V. Rampa; L. Costa; D. Tolochenko,,,,,,,IEEE,A Random Forest Approach to Body Motion Detection: Multisensory Fusion and Edge Processing,"Consiglio Nazionale delle Ricerche, Institute of Electronics, Information Engineering and Telecommunications (IEIIT), Milan, Italy; Consiglio Nazionale delle Ricerche, Institute of Electronics, Information Engineering and Telecommunications (IEIIT), Milan, Italy; Consiglio Nazionale delle Ricerche, Institute of Electronics, Information Engineering and Telecommunications (IEIIT), Milan, Italy; Cognimade S.r.l., Melzo, Italy; Cognimade S.r.l., Melzo, Italy",IEEE Sensors Journal,13 Feb 2023,23,4.0,3801,3814,"Low-complexity and privacy-respecting human sensing is a challenging task in smart environments as it requires the orchestration of multiple sensors, low-impact machine learning (ML) methods, and resource-constrained Internet of Things (IoT) devices. Client/server-based architectures are typically employed to support sensor fusion. However, these architectures need data to be moved to/from the cloud or data centers, which is contrary to the fundamental requirement of the IoT applications to limit costs, complexity, memory footprint, processing, and communication resources. In this article, we propose the design and implementation of an integrated edge device targeting human sensing for indoor smart spaces applications envisioned in Industry 5.0 applications. The proposed device implements the cumulative sum (CUSUM) method for data distillation from multiple sensors and adopts a low-complexity random forest algorithm (RFA) to sense and classify body movements: in particular, the device integrates both infrared (IR) and ultrasonic (US) sensors. This article discusses the benefits of the combined use of CUSUM and RFA methods against classical ML approaches in terms of accuracy, complexity, computing time, and storage. The proposed architecture and processing steps are validated experimentally by targeting the fall detection problem in a smart space environment. RFA reduces the complexity by at least three times compared to classical ML tools based on the analysis of space and time features (convolutional neural networks and long short-term memory): processing time is in the order of 0.1 s while accuracy is about 94%.",1558-1748,,Regione Lombardia TechFast POR-FESR Program; ,https://ieeexplore.ieee.org/stamp/stamp.jsp?arnumber=10006406,"['Sensors', 'Sensor fusion', 'Feature extraction', 'Intelligent sensors', 'Sensor phenomena and characterization', 'Complexity theory', 'Thermal sensors']",,22.0,,56.0,CCBY,4 Jan 2023,"15 Feb.15, 2023",,IEEE,IEEE Journals,
,,2022,,,,,,,10.1109/tgrs.2022.3230977,,,,,,"['Human activity classification', 'micro-Doppler signatures', 'multilinear principal component analysis (PCA)', 'radar point clouds (RPCs)', 'range map', 'Radar', 'Tensors', 'Point cloud compression', 'Doppler effect', 'Three-dimensional displays', 'Doppler radar', 'Time-frequency analysis']",X. Qiao; Y. Feng; S. Liu; T. Shan; R. Tao,,,,,,,IEEE,Radar Point Clouds Processing for Human Activity Classification Using Convolutional Multilinear Subspace Learning,"School of Electronic Engineering, Beijing University of Posts and Telecommunications, Beijing, China; Beijing Key Laboratory of Fractional Signals and Systems, School of Information and Electronics, Beijing Institute of Technology, Beijing, China; School of Information Science and Engineering, Southeast University, Nanjing, China; Beijing Key Laboratory of Fractional Signals and Systems, School of Information and Electronics, Beijing Institute of Technology, Beijing, China; Beijing Key Laboratory of Fractional Signals and Systems, School of Information and Electronics, Beijing Institute of Technology, Beijing, China",IEEE Transactions on Geoscience and Remote Sensing,30 Dec 2022,60,,1,17,"Radar-based human activity classification is crucial for applications such as healthcare monitoring, fall detection, and assisted living due to its superior sensing capabilities and privacy protection. Traditional classification methods generally retrieve features from the time-range domain or the time-frequency (TF) domain. Such 2-D representation neglects the underlying dependence between the three radar signal variables of time, range, and Doppler frequency, and cannot fully depict the dynamic human motion features. In this article, we propose a time-range-Doppler radar point clouds (RPCs)-based learning model for human activity classification using a frequency-modulated continuous waveform (FMCW) radar. The human echoes are first transformed into a series of 3-D point cloud cubes integrating the motion signatures in three domains, namely time-range, time-Doppler, and range-Doppler domains. The generated RPC cubes are then fed into a newly developed two-layer convolutional multilinear principal component analysis network (CMPCANet) for feature extraction and motion classification. The CMPCANet comprises a simple network architecture with small training parameters, and can be directly implemented on the 3-D tensor dataset to extract highly discriminative features. Experimental results demonstrate that proposed framework can achieve superior classification accuracy and noise robustness compared to other methods using multidomain information, even with small training samples.",1558-0644,,"National Natural Science Foundation of China(grant numbers:62171029,61931015,61731023,U1833203); ",https://ieeexplore.ieee.org/stamp/stamp.jsp?arnumber=9996144,"['Radar', 'Tensors', 'Point cloud compression', 'Doppler effect', 'Three-dimensional displays', 'Doppler radar', 'Time-frequency analysis']",,17.0,,43.0,IEEE,21 Dec 2022,2022,,IEEE,IEEE Journals,
,,2024,,,,,,,10.1109/jsen.2024.3452110,,,,,,"['Assisted living', 'healthcare', 'human sensing', 'point cloud (PC)', 'radar', 'Radar', 'Sensors', 'Medical services', 'Radar applications', 'Point cloud compression', 'Sensor phenomena and characterization', 'Radar detection', 'Doppler radar', 'Assisted living', 'Laser radar']",S. Ahmed; S. Abdullah; S. H. Cho,,,,,,,IEEE,Advancements in Radar Point Cloud Processing for Macro Human Movements in Healthcare and Assisted Living Domains: A Review,"Department of Electronic Engineering, Hanyang University, Seoul, Seoul, South Korea; Department of Electronic Engineering, Hanyang University, Seoul, Seoul, South Korea; Department of Electronic Engineering, Hanyang University, Seoul, Seoul, South Korea",IEEE Sensors Journal,13 Nov 2024,24,22.0,36287,36305,"Point clouds (PCs) are ubiquitous data representation schemas in complex tasks related to semantic segmentation and scene understanding. Contrary to vision-based approaches, radars, being a privacy-preserving sensor, are lately getting huge attention in generating PCs for medical applications since such sensors can be embedded into hospitals and living spaces. This article summarizes the use of radar-generated PCs in the healthcare and assisted living domain. Comparative analysis of radar and other technologies is presented briefly, followed by a detailed note on commercial radars for PC generation. Radar PC data collection, preprocessing, feature extractions, and feature processing are reviewed, and a detailed summary of applications related to healthcare and assisted living is presented. Supporting signal processing and machine learning (ML) approaches are also reviewed. Specifically, the dedicated PC-oriented ML algorithms are discussed in detail. The discussed applications encompass human activity recognition (HAR), posture classification, gait recognition, and fall detection. Radar PC data are crucial for certain health monitoring and rehabilitation tasks, such as skeletal-joint and pose estimation; the range, Doppler, and angle information of the target independently may fall short in such applications. Finally, this article concludes with a comprehensive summary of current trends, key takeaways, and future directions. This article also outlines the future prospect of using generative ML for healthcare applications.",1558-1748,,National Research Foundation (NRF) of South Korea(grant numbers:NRF-2022R1A2C2008783); ,https://ieeexplore.ieee.org/stamp/stamp.jsp?arnumber=10700595,"['Radar', 'Sensors', 'Medical services', 'Radar applications', 'Point cloud compression', 'Sensor phenomena and characterization', 'Radar detection', 'Doppler radar', 'Assisted living', 'Laser radar']",,16.0,,164.0,CCBYNCND,30 Sep 2024,"15 Nov.15, 2024",,IEEE,IEEE Journals,
,,2024,,,,,,,10.1109/access.2024.3474100,,,,,,"['Human activity recognition (HAR)', 'radar', 'fuzzy sets', 'convolutional neural network (CNN)', 'deep learning (DL)', 'Radar', 'Monitoring', 'Behavioral sciences', 'Radar imaging', 'Laser radar', 'Human activity recognition', 'Feature extraction', 'Video recording', 'Surveys', 'Radar detection', 'Fuzzy sets', 'Convolutional neural networks', 'Deep learning', 'Human factors']",P. Miazek; A. Żmudzińska; P. karczmarek; A. Kiersztyn,,,,,,,IEEE,Human Behavior Analysis Using Radar Data: A Survey,"Department of Computational Intelligence, Lublin University of Technology, Lublin, Poland; Department of Computational Intelligence, Lublin University of Technology, Lublin, Poland; Department of Computational Intelligence, Lublin University of Technology, Lublin, Poland; Department of Computational Intelligence, Lublin University of Technology, Lublin, Poland",IEEE Access,23 Oct 2024,12,,153188,153202,"Innovative monitoring solutions utilizing radar have been developed to meet various safety needs. Radar technologies, equipped with unique features, have proven to be effective tools for human activity recognition in diverse environments. Radar complements other sensors by ensuring privacy while recording movement, particularly in situations where video cameras may be intrusive. Deep learning techniques, including convolutional neural networks (CNN) and recurrent neural networks (RNN), enhance the recognition of human behaviors based on radar, providing solutions for fall detection and motion tracking. Transfer learning addresses issues related to data scarcity, while data fusion models integrate information from multiple sources. Advances in machine learning, data processing, and GPU speed contribute to the increased efficiency of radar technology for indoor monitoring, opening possibilities for more advanced applications. The aim of this article is to discuss the evolving field of human behavior analysis using radar and LiDAR. To this end, the literature in this field has been reviewed. In this study, we focus not only on the analysis of human behavior using radar but also on video observations. We review methods of human activity recognition using LiDAR. We discuss potential directions for development, draw conclusions, and outline future research in the area of Human Activity Recognition (HAR).",2169-3536,,,https://ieeexplore.ieee.org/stamp/stamp.jsp?arnumber=10705344,"['Radar', 'Monitoring', 'Behavioral sciences', 'Radar imaging', 'Laser radar', 'Human activity recognition', 'Feature extraction', 'Video recording', 'Surveys', 'Radar detection', 'Fuzzy sets', 'Convolutional neural networks', 'Deep learning', 'Human factors']",,9.0,,74.0,CCBYNCND,4 Oct 2024,2024,,IEEE,IEEE Journals,
,,2023,,,,,,,10.1109/radarconf2351548.2023.10149586,,,,,,"['Radar', 'Fall detection', 'Patch-based learning', 'Dempster Shafer fusion', 'Multi-domain', 'Vision transformer', 'Multi-layer Perceptron', 'ConvMixer', 'Training', 'Event detection', 'Computational modeling', 'Radar detection', 'Radar', 'Radar imaging', 'Transformers']",A. Dey; S. Rajan; G. Xiao; J. Lu,,,,,,,IEEE,Light-Weight Learning Model with Patch Embeddings for Radar-based Fall Event Classification: A Multi-domain Decision Fusion Approach,"Systems and Computer Engineering, Carleton University, Ottawa, Canada; Systems and Computer Engineering, Carleton University, Ottawa, Canada; National Research Council of Canada (NRC), Canada; National Research Council of Canada (NRC), Canada",2023 IEEE Radar Conference (RadarConf23),21 Jun 2023,,,1,6,"With the increasing morbidity and mortality rate in older adults above 65 years of age due to accidental fall, privacy-preserving radar-based fall event detection is becoming crucial. Deep learning algorithm like vision transformers (ViT) for human fall-event detection using different radar domain representation have shown excellent fall-detection accuracy. However, such techniques are computationally very expensive and unsuitable when training datasets are small. Patch-based learning models such as Multi-Layer Perceptron-Mixer (MLP-Mixer) and Convolutional-Mixer (ConvMixer) models have been developed as alternatives to ViT. In this work, the decision outputs of light-weight ConvMixer models with different domain representations of radar returns as inputs are fused for classifying the events as fall or non-fall. This proposed approach of event classification utilizes supplementary information present in different domains for enhancing the classification accuracy. Evaluation done on publicly available dataset shows an improved performance of the multi-domain ConvMixer model over ViT and MLP-Mixer. This further justifies the choice of light weight ConvMixer as a preferred learnable model when only limited training dataset is available.",,978-1-6654-3669-4,Natural Sciences and Engineering Research Council of Canada (NSERC); ,https://ieeexplore.ieee.org/stamp/stamp.jsp?arnumber=10149586,"['Training', 'Event detection', 'Computational modeling', 'Radar detection', 'Radar', 'Radar imaging', 'Transformers']",,7.0,,25.0,IEEE,21 Jun 2023,1-5 May 2023,1-5 May 2023,IEEE,IEEE Conferences,
,,2025,,,,,,,10.1109/jiot.2025.3542850,,,,,,"['Channel statement information (CSI)', 'cross-domain learning', 'few-shot learning', 'siamese network', 'Wi-Fi sensing', 'zero-shot learning', 'Wireless fidelity', 'Sensors', 'Training', 'Internet of Things', 'Feature extraction', 'Testing', 'Gesture recognition', 'Zero shot learning', 'Few shot learning']",Z. Zhao; T. Chen; Z. Cai; X. Li; H. Li; Q. Chen; G. Zhu,,,,,,,IEEE,CrossFi: A Cross Domain Wi-Fi Sensing Framework Based on Siamese Network,"Shenzhen Research Institute of Big Data, The Chinese University of Hong Kong (Shenzhen), Shenzhen, China; Shenzhen Research Institute of Big Data, The Chinese University of Hong Kong (Shenzhen), Shenzhen, China; Shenzhen Research Institute of Big Data, The Chinese University of Hong Kong (Shenzhen), Shenzhen, China; Shenzhen Research Institute of Big Data, The Chinese University of Hong Kong (Shenzhen), Shenzhen, China; Shenzhen Research Institute of Big Data, The Chinese University of Hong Kong (Shenzhen), Shenzhen, China; School of Electronic Information, Wuhan University, Wuhan, China; Shenzhen Research Institute of Big Data, The Chinese University of Hong Kong (Shenzhen), Shenzhen, China",IEEE Internet of Things Journal,11 Jun 2025,12,12.0,20138,20155,"In recent years, Wi-Fi sensing has garnered significant attention due to its numerous benefits, such as privacy protection, low cost, and penetration ability. Extensive research has been conducted in this field, focusing on areas, such as gesture recognition, people identification, and fall detection. However, many data-driven methods encounter challenges related to domain shift, where the model fails to perform well in environments different from the training data. One major factor contributing to this issue is the limited availability of Wi-Fi sensing datasets, which makes models learn excessive irrelevant information and over-fit to the training set. Unfortunately, collecting large-scale Wi-Fi sensing datasets across diverse scenarios is a challenging task. To address this problem, we propose CrossFi, a siamese network-based approach that excels in both in-domain scenario and cross-domain scenario, including few-shot, zero-shot scenarios, and even works in few-shot new-class scenario where testing set contains new categories. The core component of CrossFi is a sample-similarity calculation network called CSi-Net, which improves the structure of the siamese network by using an attention mechanism to capture similarity information, instead of simply calculating the distance or cosine similarity. Based on it, we develop an extra Weight-Net that can generate a template for each class, so that our CrossFi can work in different scenarios. Experimental results demonstrate that our CrossFi achieves state-of-the-art performance across various scenarios. In gesture recognition task, our CrossFi achieves an accuracy of 98.17% in in-domain scenario, 91.72% in one-shot cross-domain scenario, 64.81% in zero-shot cross-domain scenario, and 84.75% in one-shot new-class scenario. The code for our model is publicly available at https://github.com/RS2002/CrossFi.",2327-4662,,National Natural Science Foundation of China(grant numbers:62371313); Shenzhen-Hong Kong-Macau Technology Research Programme (Type C)(grant numbers:SGDX20230821091559018); Guangdong Major Project of Basic and Applied Basic Research(grant numbers:2023B0303000001); Shenzhen Science and Technology Program(grant numbers:JCYJ20220530113017039); National Key Research and Development Program of China(grant numbers:2024YFB2908001); Key Research and Development Plan of Hubei Province(grant numbers:2023BCB041); Wuhan Science and Technology Achievement Transformation Project(grant numbers:2024030803010178); ,https://ieeexplore.ieee.org/stamp/stamp.jsp?arnumber=10891488,"['Wireless fidelity', 'Sensors', 'Training', 'Internet of Things', 'Feature extraction', 'Testing', 'Gesture recognition', 'Zero shot learning', 'Few shot learning']",,5.0,,51.0,IEEE,18 Feb 2025,"15 June15, 2025",,IEEE,IEEE Journals,
,,2025,,,,,,,10.1109/jiot.2025.3533556,,,,,,"['3-D light detection and ranging (3-D LiDAR)', 'activity recognition', 'multiple dynamic nonlinear mapping (MDNLM)', 'pose estimation', 'Skeleton', 'Accuracy', 'Three-dimensional displays', 'Laser radar', 'Privacy', 'Internet of Things', 'Fall detection', 'Data mining', 'Convolutional neural networks', 'Image color analysis']",X. Meng; M. Bouazizi; Z. Li; T. Ohtsuki,,,,,,,IEEE,Indoor Human Activity Recognition Using Multiple Dynamic Nonlinear Mapping Applied to 3-D LiDAR-Collected Data,"Graduate School of Science and Technology, Keio University, Yokohama, Japan; Faculty of Science and Technology, Keio University, Yokohama, Japan; Graduate School of Science and Technology, Keio University, Yokohama, Japan; Faculty of Science and Technology, Keio University, Yokohama, Japan",IEEE Internet of Things Journal,20 May 2025,12,11.0,16797,16812,"Activity recognition is essential in computer vision applications, such as smart homes and healthcare services. While RGB images have been widely used in this area, they pose challenges related to privacy invasion and environmental constraints. To address these issues, some research has explored using 3-D light detection and ranging (3-D LiDAR) to collect 3-D point cloud data for activity recognition. However, the high-computational cost and large model parameters required for processing 3-D point clouds remain major limitations. To overcome these challenges, we propose a novel multiclass activity recognition system based on skeleton extraction from depth images collected by 3-D LiDAR. First, we use 3-D LiDAR to collect depth images of ten distinct activities, such as walking, falling, and squatting. Next, we process these depth images using our proposed multiple dynamic nonlinear mapping (MDNLM) method. The MDNLM method enhances the clarity of human body details by adjusting the color distribution of depth values based on the human position, ensuring that more colors are allocated to specific regions of the human body. This enhancement allows a fine-tuned algorithm to extract skeleton joints accurately from the mapped images. Finally, the extracted skeletons are fed into a convolutional neural network combined with a long short-term memory network (CNN+LSTM) for multiclass activity recognition. Our proposed method achieved 100.0% accuracy for a 2-class classification task (fall detection), 99.0% accuracy for a 7-class classification task, and 94.7% accuracy for a 10-class classification task.",2327-4662,,"JST ASPIRE(grant numbers:JPMJAP2326); JST SPRING, Japan(grant numbers:JPMJSP212); ",https://ieeexplore.ieee.org/stamp/stamp.jsp?arnumber=10852211,"['Skeleton', 'Accuracy', 'Three-dimensional displays', 'Laser radar', 'Privacy', 'Internet of Things', 'Fall detection', 'Data mining', 'Convolutional neural networks', 'Image color analysis']",,4.0,,49.0,IEEE,24 Jan 2025,"1 June1, 2025",,IEEE,IEEE Journals,
,,2024,,,,,,,10.1109/compsac61105.2024.00187,,,,,,"['Edge service framework', 'Edge Computing', 'IoT Applications', 'Software Architectures', 'Fall Detection', 'Analytical models', 'Accuracy', 'Computational modeling', 'Computer architecture', 'Predictive models', 'Real-time systems', 'Data models']",A. Yasmin; T. Mahmud; M. Debnath; A. H. H. Ngu,,,,,,,IEEE,An Empirical Study on AI-Powered Edge Computing Architectures for Real-Time IoT Applications,"Texas State University, San Marcos, Texas, USA; Texas State University, San Marcos, Texas, USA; Texas State University, San Marcos, Texas, USA; Texas State University, San Marcos, Texas, USA","2024 IEEE 48th Annual Computers, Software, and Applications Conference (COMPSAC)",26 Aug 2024,,,1422,1431,"AI-Powered Edge Computing is accelerating the integration of the cyber world with the ever-growing list of new physical IoT devices and will fundamentally change and empower the way humans interact with the world. In this paper, we prototyped and analyzed three edge computing architectures for running SmartFall, a real-time fall detection application that uses accelerometer data from the watch, to compare the trade-off in relationship to battery consumption, potential data loss, machine learning model's prediction accuracy, and latency in model inferencing. Our experiments show that running the machine learning prediction on the server using the TensorFlow native model format has achieved the best model accuracy with-out draining the battery power of the smartwatches. However, the optimal selection of the software architecture depends on the intended deployment environment, projected user numbers, users' privacy concerns, and network stability.",2836-3795,979-8-3503-7696-8,,https://ieeexplore.ieee.org/stamp/stamp.jsp?arnumber=10633599,"['Analytical models', 'Accuracy', 'Computational modeling', 'Computer architecture', 'Predictive models', 'Real-time systems', 'Data models']",,3.0,,26.0,IEEE,26 Aug 2024,2-4 July 2024,2-4 July 2024,IEEE,IEEE Conferences,
,,2025,,,,,,,10.1109/jsen.2025.3593126,,,,,,"['Channel state information (CSI)', 'graph neural networks (GNNs)', 'human action recognition', 'human skeleton pose estimation', 'Transformer network', 'Skeleton', 'Transformers', 'Pose estimation', 'Wireless fidelity', 'Fall detection', 'Image reconstruction', 'Intelligent sensors']",Y. Cho; E. Motta; O. Nocentini; M. Lagomarsino; A. Merello; M. Crepaldi; A. Ajoudani,,,,,,,IEEE,Wi-Fi-Based Human Fall and Activity Recognition Using Transformer-Based Encoder–Decoder and Graph Neural Networks,"HRI2 Laboratory, Istituto Italiano di Tecnologia, Genoa, Italy; HRI2 Laboratory, Istituto Italiano di Tecnologia, Genoa, Italy; HRI2 Laboratory, Istituto Italiano di Tecnologia, Genoa, Italy; HRI2 Laboratory, Istituto Italiano di Tecnologia, Genoa, Italy; Electronic Design Laboratory, Istituto Italiano di Tecnologia, Genoa, Italy; Electronic Design Laboratory, Istituto Italiano di Tecnologia, Genoa, Italy; HRI2 Laboratory, Istituto Italiano di Tecnologia, Genoa, Italy",IEEE Sensors Journal,17 Sep 2025,25,18.0,34939,34947,"Human pose estimation and action recognition have received attention due to their critical roles in healthcare monitoring, rehabilitation, and assistive technologies. In this study, we proposed a novel architecture named Transformer-based encoder–decoder network (TED-Net) designed for estimating human skeleton poses from Wi-Fi channel state information (CSI). The TED-Net integrates convolutional encoders with Transformer-based attention mechanisms to capture spatiotemporal features from CSI signals. The estimated skeleton poses were used as input to a customized directed graph neural network (DGNN) for action recognition. We validated our model on two datasets: a publicly available multimodal dataset for assessing general pose estimation, and a newly collected dataset focused on fall-related scenarios involving 20 participants. Experimental results demonstrated that the TED-Net outperformed existing approaches in pose estimation and that the DGNN achieves reliable action classification using CSI-based skeletons, with performance comparable to RGB-based systems. Notably, the TED-Net maintains robust performance across both fall and nonfall cases. These findings highlight the potential of CSI-driven human skeleton estimation for effective action recognition, particularly in home environments such as elderly fall detection. In such settings, Wi-Fi signals are often readily available, offering a privacy-preserving alternative to vision-based methods, which may raise concerns about continuous camera monitoring.",1558-1748,,,https://ieeexplore.ieee.org/stamp/stamp.jsp?arnumber=11107310,"['Skeleton', 'Transformers', 'Pose estimation', 'Wireless fidelity', 'Fall detection', 'Image reconstruction', 'Intelligent sensors']",,1.0,,21.0,IEEE,1 Aug 2025,"15 Sept.15, 2025",,IEEE,IEEE Journals,
,,2025,,,,,,,10.1109/jsen.2025.3576077,,,,,,"['Data fusion', 'human tracking', 'millimeter-wave (mmWave)', 'multiple radars', 'small animals', 'Radar', 'Radar tracking', 'Millimeter wave communication', 'Radar detection', 'Animals', 'Sensors', 'Accuracy', 'Target tracking', 'Point cloud compression', 'Monitoring']",A. B. R. C. Mattos; G. Brante; G. L. Moritz; V. D. P. Souto; R. Demo Souza,,,,,,,IEEE,"Classifying Small Animals, Standing and Lying Down Humans With Multi-mmWave Radars","Department of Electrical and Electronics Engineering, Federal University of Santa Catarina, Florianópolis, Brazil; Graduate Program in Electrical and Computer Engineering, Federal University of Technology-Paraná, Curitiba, Brazil; Graduate Program in Energy Systems, Federal University of Technology-Paraná, Curitiba, Brazil; National Institute of Telecommunications, Santa Rita do Sapucaí, Brazil; Department of Electrical and Electronics Engineering, Federal University of Santa Catarina, Florianópolis, Brazil",IEEE Sensors Journal,15 Jul 2025,25,14.0,27513,27525,"Millimeter-wave (mmWave) radar is a valuable technology for detecting and tracking beings and objects. Unlike cameras and light detection and ranging (LiDAR), it is robust against environmental factors like rain, dust, and fog. Additionally, it is noninvasive and preserves privacy, making it ideal for indoor applications. Its short wavelength enables high resolution with a compact antenna. However, detecting both people and small animals, crucial for applications like wireless energy transfer (WET) and fall detection, remains relatively unexplored. This challenge arises from differences in size and volume between targets, particularly when distinguishing a lying human from a small animal due to their similar height. To address this, we employ multiple radars, increasing classification accuracy from 65% with one radar to 90% with four radars. Leveraging combined radar data enhances target classification, reducing ghost targets and improving detection performance.",1558-1748,,"Conselho Nacional de Desenvolvimento Científico e Tecnológico(grant numbers:443974/2024-1,305021/2021-4); RNP/MCTI Brasil 6G(grant numbers:443974/2024-1,305021/2021-4); Agência Nacional de Energia Elétrica and Celesc Distribuição S.A.(grant numbers:PD05697-1323/2023,XGM-AFCCT-2024-4-1-1); xGMobile–EMBRAPII-Inatel Competence Center on 5G and 6G Networks from the PPI IoT/Manufacturing 4.0 Program of MCTI, signed with EMBRAPII(grant numbers:052/2023); Fundação de Amparo à Pesquisa do Estado de Minas Gerais(grant numbers:APQ-05305-23,APQ-04523-23,PPE-00124-23,RED-00194-23); ",https://ieeexplore.ieee.org/stamp/stamp.jsp?arnumber=11028970,"['Radar', 'Radar tracking', 'Millimeter wave communication', 'Radar detection', 'Animals', 'Sensors', 'Accuracy', 'Target tracking', 'Point cloud compression', 'Monitoring']",,1.0,,64.0,IEEE,9 Jun 2025,"15 July15, 2025",,IEEE,IEEE Journals,
,,2022,,,,,,,10.23919/annsim55834.2022.9859345,,,,,,"['Fall Detection', 'Wearable Sensors', 'Self-supervised Learning', 'Imbalanced Dataset', 'Deep learning', 'Training', 'Privacy', 'Self-supervised learning', 'Data models', 'Decorrelation', 'Gyroscopes']",H. Yhdego; M. Audette; C. Paolini,,,,,,,IEEE,Fall Detection Using Self-Supervised Pre-Training Model,"Modeling and Simulation Engineering, Old Dominion University 5115 Hampton Blvd, Norfolk, VA, USA; Modeling and Simulation Engineering, Old Dominion University 5115 Hampton Blvd, Norfolk, VA, USA; Electrical and Computer Engineering, San Diego State University 5500 Campanile Drive, San Diego, CA, USA",2022 Annual Modeling and Simulation Conference (ANNSIM),23 Aug 2022,,,361,371,"Several researchers have developed fall detection using wearable sensors due to their flexibility and nature of privacy. Most of those developed methods are supervised deep learning methods. However, data annotation is expensive because we use camera video recording and playback of each participant’s recorded video to label the data. This paper presents how to use unlabeled data to pre-train FCN and ResNet models, and use labeled data to fine-tune those pre-trained weights. We collected unlabeled and labeled data and applied self-supervised learning to detect falls. The experiment in this study suggested that the best performance can be achieved by using pre-trained weights of unlabeled data from the accelerometer and gyroscope sensors. Furthermore, oversampling and modified loss functions are used to handle the dataset’s imbalance classes. With the ResNet pre-trained weights and training using the labeled data, the experiments achieved an F1Score of 0.98.",,978-1-71-385288-9,,https://ieeexplore.ieee.org/stamp/stamp.jsp?arnumber=9859345,"['Deep learning', 'Training', 'Privacy', 'Self-supervised learning', 'Data models', 'Decorrelation', 'Gyroscopes']",,1.0,,27.0,,23 Aug 2022,18-20 July 2022,18-20 July 2022,IEEE,IEEE Conferences,
,,2025,,,,,,,10.1109/jsas.2024.3520517,,,,,,"['Class activation map (CAM)', 'long short-term memory (LSTM)', 'learning', 'passive sensing', 'speed estimation', 'time series', 'WiFi sensing', 'Fall detection', 'Feature extraction', 'Wireless fidelity', 'Sensors', 'Testing', 'Wireless communication', 'Long short term memory', 'Wireless sensor networks', 'Wearable devices', 'Videos']",S. D. Regani; B. Wang; Y. Hu; G. Zhu; K. J. R. Liu,,,,,,,IEEE,FallAware: An Explainable Learning Approach to Robust Fall Detection With WiFi,"Origin Research, Rockville, MD, USA; Origin Research, Rockville, MD, USA; Origin Research, Rockville, MD, USA; Origin Research, Rockville, MD, USA; Origin Research, Rockville, MD, USA",IEEE Journal of Selected Areas in Sensors,23 Jan 2025,2,,71,83,"Indoor falls have proved fatal to many people due to a lack of timely assistance. Existing approaches for fall detection using cameras and wearable devices intrude on privacy and cause inconvenience. Passive sensing approaches using radar have limited coverage and demand dense deployment. Current solutions using commercial off-the-shelf (COTS) WiFi devices are either environment-dependent or lack extensive testing in real environments to confidently assess false alarm rates. In this work, we propose a fusion approach to detect falls with COTS WiFi, where we leverage signal processing techniques to extract environment-independent features, and use a neural network to detect differentiating patterns in those features. We designed a lightweight long short-term memory-based neural network with only 21 k parameters that can easily be deployed on edge devices. We further provide a framework to explain the network's behavior that supports a calibration-free design. Our proposed FallAware system's detection performance has been extensively tested on $\sim$2400 falls gathered from over 25 volunteers in 5 different environments. In addition, we conducted long-term false alarm testing in 6 diverse environments for a total duration of 21 months. The results show that FallAware can detect falls with an average detection rate of 94.1% in unseen environments with $< $5 false alarms per month in single-person occupancy homes.",2836-2071,,,https://ieeexplore.ieee.org/stamp/stamp.jsp?arnumber=10810750,"['Fall detection', 'Feature extraction', 'Wireless fidelity', 'Sensors', 'Testing', 'Wireless communication', 'Long short term memory', 'Wireless sensor networks', 'Wearable devices', 'Videos']",,1.0,,58.0,CCBY,20 Dec 2024,2025,,IEEE,IEEE Journals,
,,2024,,,,,,,10.1109/globecom52923.2024.10901830,,,,,,"['Federated Learning', 'Privacy Preservation', 'Data Heterogeneity', 'Generalization', 'Personalization', 'Fall Detection', 'Software Development', 'Heart rate', 'Support vector machines', 'Data privacy', 'Federated learning', 'Distributed databases', 'Data models', 'Sensors', 'Safety', 'Fall detection', 'Software development management']",S. Besrour; G. S. Mubibya; C. Ben Abdeljelil; J. Almhana,,,,,,,IEEE,Generalization vs Personalization: A Trade-off for better Data Heterogeneity impact Mitigation in FL,"Department of Computer Science, University of Moncton; Department of Computer Science, University of Moncton; Department of Computer Science, University of Moncton; Department of Computer Science, University of Moncton",GLOBECOM 2024 - 2024 IEEE Global Communications Conference,11 Mar 2025,,,3207,3212,"Federated learning (FL) was introduced recently as a new machine learning (ML) paradigm. It is a distributed network of client nodes that train ML and deep learning (DL) models on their local data without sharing them to preserve data privacy (DP). However, these data are heterogeneous by nature as they are collected in different contexts using various sources such as IoT devices. Consequently, data heterogeneity (DH) in FL has brought new performance-related challenges. Few of these challenges have been addressed in the literature; moreover, context heterogeneity and balance rate were not explored at all. In this paper, we introduce an FL approach in which a trade-off between personalization and generalization is achieved to mitigate the impact of DH and obtain better performance. We focus on three DH challenges: context, non-independent and identically distributed (non-IID) data, and balance rate. For the implementation, fall detection (FD) data is used to demonstrate the potential of our approach in improving the FL system’s performance. FD is an important subject and is particularly prevalent for the safety of elderly people. Hence, we collected fall data from two sensors: accelerometer (ACC) and heart rate (HR), then, we used two ML models to evaluate our approach. We utilized XGBoost (XGB) for balanced and unbalanced clients and One-Class Support Vector Machine (OC-SVM) for one-label clients. Our approach achieved an average F1-score of 88%. A comparative study was also conducted with previous works on FD. Our results showed a performance improvement which exceeded 94.30% on average.",2576-6813,979-8-3503-5125-5,,https://ieeexplore.ieee.org/stamp/stamp.jsp?arnumber=10901830,"['Heart rate', 'Support vector machines', 'Data privacy', 'Federated learning', 'Distributed databases', 'Data models', 'Sensors', 'Safety', 'Fall detection', 'Software development management']",,1.0,,25.0,IEEE,11 Mar 2025,8-12 Dec. 2024,8-12 Dec. 2024,IEEE,IEEE Conferences,
,,2025,,,,,,,10.1109/access.2025.3605387,,,,,,"['Real-time fall detection', 'FMCW radar', 'CNN-LSTM', 'multithreading', 'human activity recognition', 'Radar', 'Real-time systems', 'Long short term memory', 'Feature extraction', 'Fall detection', 'Accuracy', 'Deep learning', 'Chirp', 'Instruction sets', 'Radar detection']",J. F. Tan; F. Yosef Suratman; Istiqomah,,,,,,,IEEE,Real-Time Fall Detection With Hybrid CNN-LSTM Using IWR6843AOP FMCW Radar,"School of Electrical Engineering, Telkom University, Bandung, Indonesia; School of Electrical Engineering, Telkom University, Bandung, Indonesia; School of Electrical Engineering, Telkom University, Bandung, Indonesia",IEEE Access,14 Oct 2025,13,,175179,175189,"Falls are a leading health risk for the elderly, highlighting the need for accurate and unobtrusive monitoring systems. Traditional camera-based approaches often raise privacy concerns, whereas wearable sensors require continuous user compliance, and limiting their practicality. To address these challenges, this paper presents a real-time fall detection system that combines Frequency-Modulated Continuous Wave (FMCW) radar sensing with a hybrid deep learning model based on one-dimensional Convolutional Neural Networks (1D CNN) and Long Short-Term Memory (LSTM) networks. The radar sensor (IWR6843AOP) captures three-dimensional point cloud data, from which compact kinematic features, position, velocity, and acceleration across all spatial axes are extracted to effectively represent human motion. A multithreaded pipeline is implemented to parallelize acquisition, preprocessing, and inference, reducing latency and enabling continuous monitoring. Experimental evaluation shows that the proposed model, enhanced with MaxPooling and Dropout layers, achieves a training accuracy of 99.5% and real-time accuracy of 96.7% on six previously unseen subjects, with an average response delay of 0.60 seconds. These results confirm the robustness and efficiency of the system, underscoring its potential for deployment in real-world applications such as elderly care, health monitoring, and smart home environments where both accuracy and real-time responsiveness are critical.",2169-3536,,"RIIM Kompetisi funded by Indonesia Endowment Fund for Education Agency, Ministry of Finance of Indonesia and the National Research and Innovation Agency of Indonesia(grant numbers:205/IV/KS/11/2023,369/SAM4/PPM/2023); ",https://ieeexplore.ieee.org/stamp/stamp.jsp?arnumber=11146781,"['Radar', 'Real-time systems', 'Long short term memory', 'Feature extraction', 'Fall detection', 'Accuracy', 'Deep learning', 'Chirp', 'Instruction sets', 'Radar detection']",,1.0,,32.0,CCBY,2 Sep 2025,2025,,IEEE,IEEE Journals,
,,2023,,,,,,,10.1109/agers61027.2023.10491010,,,,,,"['Healthcare-monitoring', 'Wristband technology', 'Fall detection', 'Real-Time Data', 'Caregiver connectivity', 'Temperature sensors', 'Temperature measurement', 'Technological innovation', 'Sociology', 'Medical services', 'Statistics', 'Older adults']",A. U; Y. Rajasekaran; B. J. J,,,,,,,IEEE,Wristband for Elderly Individuals: Esp-32 and Arduino Nano Enabled Solution for Health Monitoring and Tracking,"Dept. of Biomedical Engineering, Sathyabama Institute of Science and Technology, Chennai, India; Dept. of Biomedical Engineering, Sathyabama Institute of Science and Technology, Chennai, India; Dept. of Biomedical Engineering, Sathyabama Institute of Science and Technology, Chennai, India","2023 IEEE Asia-Pacific Conference on Geoscience, Electronics and Remote Sensing Technology (AGERS)",11 Apr 2024,,,26,33,"Effective healthcare monitoring and tracking solutions for senior individuals are urgently needed given the growing geriatric population and rising healthcare expenses. In order to provide a complete healthcare monitoring and tracking wristband for senior people, this research study suggests a wristwatch system using ESP-32 and Arduino N ano microcontrollers. Heart rate monitoring, fall detection, sleepwalk detection, GPS tracking, medication reminders, temperature monitoring, and an emergency SOS button are just a few of the functionalities that the wristband incorporates from a variety of sensors. Caretakers may check on the old person's health from a distance thanks to the technology, which transmits real-time health information to a specialized smartphone app. The technology sends notifications to surrounding caretakers in the event of crises or unstable health metrics. The suggested wristband has the potential to improve older people's quality of life by encouraging preventative care and allowing them to safely age in place. To solve usability and privacy issues, however, more development and user testing are essential. The results of the research indicate that this cutting-edge wristwatch technology has the potential to greatly enhance healthcare outcomes for the senior population.",2771-6600,979-8-3503-9484-9,,https://ieeexplore.ieee.org/stamp/stamp.jsp?arnumber=10491010,"['Temperature sensors', 'Temperature measurement', 'Technological innovation', 'Sociology', 'Medical services', 'Statistics', 'Older adults']",,1.0,,24.0,IEEE,11 Apr 2024,19-20 Dec. 2023,19-20 Dec. 2023,IEEE,IEEE Conferences,
,,2025,,,,,,,10.1109/ichi64645.2025.00074,,,,,,"['smart home', 'healthcare technology', 'sensor technology', 'interactive user interface', 'communication system', 'health outcomes', 'Reviews', 'Communication systems', 'Tracking', 'Smart healthcare', 'User centered design', 'Smart homes', 'User interfaces', 'Robot sensing systems', 'Usability', 'Older adults']",J. Wang; Y. Yang; B. Bhandari; D. Song; C. Li; L. Hightow-Weidman,,,,,,,IEEE,"Integrating Smart Health Home™ Technologies into Healthcare: A Comprehensive Umbrella Review of Usage, Effectiveness, and Future Directions","College of Nursing, Florida State University, Tallahassee, FL, USA; College of Nursing, Florida State University, Tallahassee, FL, USA; College of Nursing, Florida State University, Tallahassee, FL, USA; College of Nursing, Florida State University, Tallahassee, FL, USA; Information Technology Service, Florida State University, Tallahassee, FL, USA; College of Nursing, Florida State University, Tallahassee, FL, USA",2025 IEEE 13th International Conference on Healthcare Informatics (ICHI),22 Jul 2025,,,610,617,"Smart home technologies have emerged as transformative tools for enhancing healthcare delivery. This paper presents a comprehensive umbrella review of studies retrieved from PubMed, Embase, CINAHL, and Scopus, focusing on the usage, effectiveness, and outcomes of these technologies in healthcare. The 13 reviewed studies highlighted three primary components of smart health home™ technologies: sensor networks, interactive user interfaces, and communication systems. Sensor technologies, including motion, health monitoring, and environmental sensors, enable continuous tracking of health metrics, fall detection, and maintenance of optimal living conditions. Interactive user interfaces, such as mobile applications and robotic devices, facilitate user engagement and support daily activities that are essential for health and well-being, while communication systems enhance remote monitoring and emergency health management. Our review found that the implementation of smart health homes significantly improves health outcomes by enabling early intervention, promoting independence, and enhancing the quality of life for older adults. However, challenges such as usability issues, ethical concerns, and data privacy must be addressed to ensure widespread adoption and effectiveness. This paper underscores the potential of smart home technologies to revolutionize healthcare while emphasizing the need for user-centered design and secure implementation.",2575-2634,979-8-3315-2094-6,,https://ieeexplore.ieee.org/stamp/stamp.jsp?arnumber=11081669,"['Reviews', 'Communication systems', 'Tracking', 'Smart healthcare', 'User centered design', 'Smart homes', 'User interfaces', 'Robot sensing systems', 'Usability', 'Older adults']",,,,18.0,IEEE,22 Jul 2025,18-21 June 2025,18-21 June 2025,IEEE,IEEE Conferences,
,,2024,,,,,,,10.1109/iceeng58856.2024.10566376,,,,,,"['mediapipe', 'lstm', 'soft behaviors', 'tuio', 'automation', 'behavior detection', 'Electrical engineering', 'Privacy', 'Medical services', 'Cameras', 'Market research', 'Mobile applications', 'Security']",Y. M. Farag; M. S. Ghobrial; P. E. Melad; S. H. Saad; A. Atia,,,,,,,IEEE,Medi-Watch: An Automated Patient Behavior Detection System,"Faculty of Computer Science, October University of Modern Sciences & Arts (MSA), Giza, Egypt; Faculty of Computer Science, October University of Modern Sciences & Arts (MSA), Giza, Egypt; Faculty of Computer Science, October University of Modern Sciences & Arts (MSA), Giza, Egypt; Faculty of Computer Science, October University of Modern Sciences & Arts (MSA), Giza, Egypt; HCI-LAB, Faculty of Computer Science & Artificial Intelligence, Helwan University, October University of Modern Sciences & Arts (MSA), Giza, Egypt",2024 14th International Conference on Electrical Engineering (ICEENG),25 Jun 2024,,,248,253,"Medi-Watch aims to further improve patient care and monitoring within healthcare facilities through the integration of IoT and at a lower cost. We have developed a comprehensive patient management system that utilizes automated camera monitoring to track various aspects of patient behavior including eating patterns, sleep cycles, medication adherence, fall detection, facial expression, patient's gestures requests. This could in turn be repurposed and integrated in existing health care systems. Medi-Watch integrates all detection modules in one seamless package and ensure patient privacy by adding a factor of anonymity between the nursing staff and the patient monitored by withholding live camera feeds and only updating live statuses. This also introduces a convenience factor to the nursing staff as they receive realtime notifications via the desktop app and the companion mobile app, enabling them to tend to the patients' needs in a quicker manner. The proposed system with proper integration resulted in a combined average of 92.58% accuracy in all detection categories.",,979-8-3503-4342-7,,https://ieeexplore.ieee.org/stamp/stamp.jsp?arnumber=10566376,"['Electrical engineering', 'Privacy', 'Medical services', 'Cameras', 'Market research', 'Mobile applications', 'Security']",,,,16.0,IEEE,25 Jun 2024,21-23 May 2024,21-23 May 2024,IEEE,IEEE Conferences,
,,2024,,,,,,,10.1109/iiai-aai63651.2024.00090,,,,,,"['FMCW Radar', 'Point Cloud', 'Deep Learning', '3D Data', 'Data Integration', 'DBSCAN', 'Point cloud compression', 'Accuracy', 'Computational modeling', 'Radar detection', 'Radar', 'Skeleton', 'Older adults', 'Millimeter wave communication', 'Load modeling', 'Signal to noise ratio']",M. Kodama; R. Huang,,,,,,,IEEE,Skeleton Detection Using Dual Radars with Integration of Dual-View CNN Models and mmPose,"Graduated School of Computer and Information Sciences, Hosei University, Tokyo, Japan; Faculty of Computer and Information Sciences, Hosei University, Tokyo, Japan",2024 16th IIAI International Congress on Advanced Applied Informatics (IIAI-AAI),15 Oct 2024,,,462,467,"Skeleton detection is a technique that can be applied to a variety of situations. It is especially critical identifying and tracking the movements of the elderly, especially in real-time fall detection. While conventional image processing methods exist, there's a growing preference for utilizing point clouds data collected by mmWave radars from viewpoint of privacy protection, offering a non-intrusive approach to elevate safety and care for the elderly. Dealing with point cloud data necessitates addressing three critical considerations. Firstly, the inherent nature of point clouds-rotation invariance, translation invariance, and locality-is managed through the fusion of PointNet and mmPose. PointNet ensures rotational and translational invariance, while mmPose addresses locality. Secondly, the limited points per frame from radar require data integration from two radars to enhance skeletal detection. Lastly, inputting point cloud data into the learning model involves utilizing features like coordinates, velocity, and signal-to-noise ratio (SNR) per radar point to mitigate sparsity issues and reduce computational load. This research proposes three Dual View CNN models, combining PointNet and mmPose, employing two mmWave radars, with performance comparisons in terms of Mean Absolute Error (MAE). While the proposed model shows suboptimal results for random walking, it excels in the arm swing case.",2472-0070,979-8-3503-7790-3,,https://ieeexplore.ieee.org/stamp/stamp.jsp?arnumber=10708050,"['Point cloud compression', 'Accuracy', 'Computational modeling', 'Radar detection', 'Radar', 'Skeleton', 'Older adults', 'Millimeter wave communication', 'Load modeling', 'Signal to noise ratio']",,,,17.0,IEEE,15 Oct 2024,6-12 July 2024,6-12 July 2024,IEEE,IEEE Conferences,
,,2025,,,,,,,10.1109/ictbig68706.2025.11323913,,,,,,"['Elderly health monitoring', 'anomaly detection', 'one-class learning', 'autoencoder', 'LSTM', 'IMU', 'EEG', 'ECG', 'GSR', 'healthy-only training', 'fall detection', 'stress classification', 'drowsiness detection', 'Temperature sensors', 'Autoencoders', 'Machine learning', 'Sensor systems', 'Electroencephalography', 'Older adults', 'Fall detection', 'Anomaly detection', 'Stress', 'Long short term memory']",S. K. B; S. S. P. S; S. S; R. D; S. L. S,,,,,,,IEEE,Machine Learning Based Electroencephalography Vital Signal Monitoring for Bed-Ridden People,"Electronics and communication Engineering, Sri Eshwar College Of Engineering, Coimbatore, India; Electronics and communication Engineering, Sri Eshwar College Of Engineering, Coimbatore, India; Electronics and communication Engineering, Sri Eshwar College Of Engineering, Coimbatore, India; Electronics and communication Engineering, Sri Eshwar College Of Engineering, Coimbatore, India; Electronics and communication Engineering, Sri Eshwar College Of Engineering, Coimbatore, India",2025 IEEE 5th International Conference on ICT in Business Industry & Government (ICTBIG),13 Jan 2026,,,1,6,"Elderly individuals are at heightened risk of sudden health deterioration due to falls, cardiovascular anomalies, stress-related complications, and cognitive fatigue. Timely detection of such events can significantly reduce morbidity and mortality, yet acquiring abnormal condition data from elderly subjects is often impractical or unethical. This work presents a healthy-only training approach for a multimodal elderly monitoring system using low-cost sensors and anomaly detection algorithms. The system integrates an EEG sensor for fatigue/drowsiness monitoring, an AD8232 ECG module for abnormal heart condition detection, a GSR sensor with temperature and heart rate inputs for stress level classification, and an MPU-6050 IMU for fall detection. Data is collected exclusively from healthy participants, and machine learning techniques such as Autoencoders, LSTM Autoencoders, Isolation Forest, and One-Class SVM are employed to learn the distribution of healthy signals. Deviations from the learned patterns are flagged as anomalies, enabling proactive health alerts. Experimental results indicate high accuracy and low latency, making the system suitable for deployment on Raspberry Pi-based wearable or bedside units. The proposed framework provides a privacy-preserving, cost-effective, and field-deployable solution to enhance elderly safety and quality of life.",,979-8-3315-7981-4,,https://ieeexplore.ieee.org/stamp/stamp.jsp?arnumber=11323913,"['Temperature sensors', 'Autoencoders', 'Machine learning', 'Sensor systems', 'Electroencephalography', 'Older adults', 'Fall detection', 'Anomaly detection', 'Stress', 'Long short term memory']",,,,18.0,IEEE,13 Jan 2026,12-13 Dec. 2025,12-13 Dec. 2025,IEEE,IEEE Conferences,
,,2024,,,,,,,10.1109/icst62759.2024.10992193,,,,,,"['Legged locomotion', 'Privacy', 'Laser radar', 'Three-dimensional displays', 'Hospitals', 'Sensor systems', 'Internet of Things', 'Older adults', 'Monitoring', 'Intelligent sensors']",A. Gaddam; S. Nair; M. Z. Khan; D. Thiruvady,,,,,,,IEEE,Enhancing Elderly Care: Indoor Detection of ADL and Gait Disorders with IoT and LiDAR,"School of Information Technology, Deakin University, Melbourne, Australia; School of Information Technology, Deakin University, Melbourne, Australia; School of Information Technology, Deakin University, Melbourne, Australia; School of Information Technology, Deakin University, Melbourne, Australia",2024 17th International Conference on Sensing Technology (ICST),16 May 2025,,,1,7,"The elderly population has been rapidly increasing in recent years, placing extra demand on healthcare facilities such as hospitals and aged care centres. This growing demographic has also exerted significant pressure on healthcare professionals, including doctors, nurses, and carers, due to a critical shortage of staff. Consequently, round-the-clock monitoring of vulnerable elderly patients susceptible to falls and gait disorders proves to be immensely difficult. Often, random falls of elderly patients go unnoticed for many minutes or even hours. By the time the patient is discovered, irreversible damage to their body and health may have already occurred. This paper aims to address this problem by proposing a novel solution that leverages technologies such as the Internet of Things (IoT), 3D LiDAR (Light Detection and Ranging) sensors, Artificial Intelligence, and Deep Learning. The system is designed to detect abnormalities in the ADL (Activities of Daily Living) of elderly patients, along with features for fall detection and gait disorder detection. Importantly, the use of 3D LiDAR sensors in this context ensures that the privacy of individuals is not compromised, addressing a common concern associated with traditional camera-based systems. Furthermore, there is a significant research gap in this area. Currently, no systems or research combine these technologies in the proposed manner, highlighting the need for innovative solutions. This paper contributes to filling this gap by presenting a unique approach to elderly care monitoring. The research employs a quantitative methodology, utilising various metrics to evaluate the performance, efficiency, and accuracy of the IoT-LiDAR system.",2156-8073,979-8-3503-7482-7,,https://ieeexplore.ieee.org/stamp/stamp.jsp?arnumber=10992193,"['Legged locomotion', 'Privacy', 'Laser radar', 'Three-dimensional displays', 'Hospitals', 'Sensor systems', 'Internet of Things', 'Older adults', 'Monitoring', 'Intelligent sensors']",,,,27.0,IEEE,16 May 2025,9-11 Dec. 2024,9-11 Dec. 2024,IEEE,IEEE Conferences,
,,2025,,,,,,,10.1109/tsusc.2025.3627484,,,,,,"['Human activity recognition', 'channel state information', 'federated learning', 'model compression', 'data privacy', 'and feature fusion', 'Human activity recognition', 'Accuracy', 'Data models', 'Training', 'Sensors', 'Data privacy', 'Computational modeling', 'Model compression', 'Gesture recognition', 'Federated learning']",A. R. Khan; R. N. B. Rais; S. Sohaib; S. Hussain; A. Zoha,,,,,,,IEEE,FedFusionQuant (FFQ): Federated Learning With Feature Fusion and Model Quantisation for Human Activity Recognition Using CSI,"James Watt School of Engineering, University of Glasgow, Glasgow, U.K.; Artificial Intelligence Research Centre (AIRC), Ajman University, Ajman, United Arab Emirates; Department of Electrical and Electronic Engineering, University of Jeddah, Jeddah, Saudi Arabia; James Watt School of Engineering, University of Glasgow, Glasgow, U.K.; James Watt School of Engineering, University of Glasgow, Glasgow, U.K.",IEEE Transactions on Sustainable Computing,10 Dec 2025,10,6.0,1421,1434,"Human Activity Recognition (HAR) using Channel State Information (CSI) enables energy-efficient and non-invasive healthcare monitoring. However, conventional HAR systems rely on centralised model training, which requires the sharing of raw data, leading to privacy risks, excessive bandwidth usage, and high communication latency that limit scalability. This paper proposes FedFusionQuant (FFQ), a federated learning (FL) framework that jointly performs feature fusion, adaptive aggregation, and quantisation-aware compression during training. A novel federated distance (FedDist) mechanism dynamically adjusts parameter updates using neuron dissimilarity metrics, enhancing generalisation across heterogeneous clients. Meanwhile, quantisation-aware training (QAT) reduces model size and transmission cost while preserving accuracy. Extensive experiments on real CSI data from 30 participants demonstrate that FFQ improves multi-class HAR accuracy by 4.29% and binary fall detection by 5.55% compared to raw fusion models. Furthermore, model compression with QAT achieves a 47% reduction in communication overhead while maintaining accuracy comparable to state-of-the-art methods.",2377-3782,,Ajman University Internal Research(grant numbers:2023-IRG-ENIT-20); ,https://ieeexplore.ieee.org/stamp/stamp.jsp?arnumber=11223776,"['Human activity recognition', 'Accuracy', 'Data models', 'Training', 'Sensors', 'Data privacy', 'Computational modeling', 'Model compression', 'Gesture recognition', 'Federated learning']",,,,42.0,IEEE,31 Oct 2025,Nov.-Dec. 2025,,IEEE,IEEE Journals,
,,2025,,,,,,,10.1109/mass66014.2025.00115,,,,,,"['ASD', 'MQTT', 'IoT', 'CSI', 'Autism', 'Smart homes', 'Smart systems', 'Sensor systems', 'Real-time systems', 'Safety', 'Internet of Things', 'Telemetry', 'Monitoring', 'Wireless fidelity']",D. Bowler; A. Deinhardt; M. M. Carvalho; T. Liu; D. Valles,,,,,,,IEEE,Simulation-Based Smart Home Architecture for Autism Support Using CSI-Based Movement Detection,"Department of Computer Science, University of Massachusetts, Amherst, USA; Department of Mathematics, Brookdale Community College, USA; Ingram School of Engineering, Texas State University, USA; College of Graduate Studies, Texas A&M University–San Antonio, USA; Ingram School of Engineering, Texas State University, USA",2025 IEEE 22nd International Conference on Mobile Ad-Hoc and Smart Systems (MASS),4 Nov 2025,,,705,710,"This paper presents a foundation toward building a smart home environment tailored to individuals with Autism Spectrum Disorder (ASD). In this paper we developed a simulated single resident room in Unity to prototype and test real-time sensing, communication, and behavior monitoring. Using MQTT (Message Queuing Telemetry Transport) as a messaging protocol, we integrated environmental sensors, such as light, into a virtual IoT (Internet of Things) system. We used these tools to detect unusual or repetitive behaviors, and implemented a method of a non-invasive RF-based sensing that simulates Wi-Fi signal Channel State Information (CSI) to classify movement states like walking, stationary, waving or fall detection. This system aims to enable an adaptive environment, with an advantage of privacy-preserving monitoring through CSI. This work serves as a foundation for future applications in real ASD-supportive smart homes focused on comfort, autonomy, and safety.",2155-6814,979-8-3315-6599-2,National Science Foundation; ,https://ieeexplore.ieee.org/stamp/stamp.jsp?arnumber=11206195,"['Autism', 'Smart homes', 'Smart systems', 'Sensor systems', 'Real-time systems', 'Safety', 'Internet of Things', 'Telemetry', 'Monitoring', 'Wireless fidelity']",,,,21.0,IEEE,4 Nov 2025,6-8 Oct. 2025,6-8 Oct. 2025,IEEE,IEEE Conferences,
,,2025,,,,,,,10.1109/sta66620.2025.11364680,,,,,,"['Fall detection', 'Elderly care robot', 'Edge AI', 'Deep learning', 'YOLOv5', 'Jetson Nano', 'Real-time inference', 'TensorRT', 'YOLO', 'Image edge detection', 'Detectors', 'Real-time systems', 'Software', 'Robustness', 'Safety', 'Older adults', 'Fall detection', 'Robots']",S. B. Halima; F. B. Abdallah; J. Haggege,,,,,,,IEEE,Edge AI-Based Fall Detection for an Elderly Care Robot,"Automation Research Laboratory(LARA) National Engineering School of Tunis, University of Tunis El Manar, Tunis, Tunisia; Automation Research Laboratory(LARA) National Engineering School of Tunis, University of Tunis El Manar, Tunis, Tunisia; Automation Research Laboratory(LARA) National Engineering School of Tunis, University of Tunis El Manar, Tunis, Tunisia",2025 IEEE 22nd International Conference on Sciences and Techniques of Automatic Control and Computer Engineering (STA),3 Feb 2026,,,472,477,"Falls represent a major safety risk for older adults, motivating reliable and privacy-preserving detection solutions that operate directly on edge devices. This work presents a lightweight fall-detection system based on the YOLOv5 object detector and deployed on an NVIDIA Jetson Nano to recognize three postures: standing, sitting, and falling. When a fall is confirmed, the embedded system generates an alert that can be transmitted to a caregiver. On a separate test set, the detector achieves a mean Average Precision of 95.8 percent at an Intersection-over-Union threshold of 0.5. Real-time measurements on the Jetson Nano show an effective processing speed of around seven frames per second for the baseline configuration and up to twelve frames per second when using NVIDIA’s TensorRT optimization. The software pipeline is configured for compatibility with PyTorch, CUDA, and TensorRT, and is adapted to the constraints of embedded deployment. Current limitations relate to lighting variations, camera viewpoint, and scene complexity. Planned developments will focus on improving robustness, reducing latency, and integrating the system on an elderly-care robot for on-board perception and timely alerts.",2573-539X,979-8-3315-9765-8,,https://ieeexplore.ieee.org/stamp/stamp.jsp?arnumber=11364680,"['YOLO', 'Image edge detection', 'Detectors', 'Real-time systems', 'Software', 'Robustness', 'Safety', 'Older adults', 'Fall detection', 'Robots']",,,,19.0,IEEE,3 Feb 2026,20-22 Dec. 2025,20-22 Dec. 2025,IEEE,IEEE Conferences,
,,2025,,,,,,,10.1109/itc-egypt66095.2025.11186708,,,,,,"['Fall Detection', 'IOT', 'Wifi CSI', 'Sensors', 'Support vector machines', 'Inertial sensors', 'Computer architecture', 'Real-time systems', 'Internet of Things', 'Fall detection', 'Wireless fidelity', 'Wearable sensors', 'Monitoring', 'Channel state information']",S. Abdelfattah; F. Ali; S. G. Kalleti; M. Baza; M. M. Badr; A. Rasheed,,,,,,,IEEE,A Hybrid IoT Fall Detection System Using Wearable Sensors and WiFi Channel State Information,"Department of Computer Science and Information Systems, Bradley University, Peoria, IL, USA; Department of Computer Science and Information Systems, Bradley University, Peoria, IL, USA; Department of Computer Science and Information Systems, Bradley University, Peoria, IL, USA; Department of Computer Science, College Of Charleston, Charleston, SC, USA; Department of Cybersecurity, SUNY Polytechnic Institute, Utica, NY, USA; Department of Computer Science, Sam Houston State University, Huntsville, TX, USA",2025 International Telecommunications Conference (ITC-Egypt),13 Oct 2025,,,400,405,"This paper presents a robust and scalable fall detection framework that integrates wearable inertial sensors with WiFi Channel State Information (CSI) in a pipelined architecture suitable for Internet of Things (IoT) environments. Unlike conventional dual-modality systems that process sensor and ambient signals in parallel, the proposed approach employs a sequential decision strategy. The wearable sensor module continuously monitors body motion using an XGBoost classifier and triggers the WiFi-based verification module only upon detecting potential falls. The WiFi stream, powered by a Support Vector Machine (SVM) classifier, analyzes surrounding signal disturbances to confirm or reject the initial prediction. This conditional activation mechanism significantly reduces false alarms while maintaining high detection sensitivity. Experimental results in the Sensors and WIFI datasets demonstrate that the pipelined system achieves an overall accuracy of 99.5%, with a substantial reduction in the false alarm rate to 0.05%. The framework is designed for real-time deployment in smart home and healthcare settings, offering an effective trade-off between responsiveness, privacy preservation, and computational efficiency.",,978-1-6654-5800-9,,https://ieeexplore.ieee.org/stamp/stamp.jsp?arnumber=11186708,"['Support vector machines', 'Inertial sensors', 'Computer architecture', 'Real-time systems', 'Internet of Things', 'Fall detection', 'Wireless fidelity', 'Wearable sensors', 'Monitoring', 'Channel state information']",,,,14.0,IEEE,13 Oct 2025,28-31 July 2025,28-31 July 2025,IEEE,IEEE Conferences,
,,2024,,,,,,,10.1109/ojcoms.2024.3411529,,,,,,"['Deep learning', 'device-based sensing', 'device-free sensing', 'human activity recognition', 'human pose estimation', 'indoor localization', 'machine learning', 'RF-sensing', 'Sensors', 'Wireless fidelity', 'Monitoring', 'Radar', 'Radio frequency', 'Human activity recognition', 'Radar tracking']",I. Ahmad; A. Ullah; W. Choi,,,,,,,IEEE,"WiFi-Based Human Sensing With Deep Learning: Recent Advances, Challenges, and Opportunities","Department of Computer Engineering, College of IT Convergence, Chosun University, Gwangju, Republic of Korea; Department of Computer Engineering, College of IT Convergence, Chosun University, Gwangju, Republic of Korea; Department of Computer Engineering, College of IT Convergence, Chosun University, Gwangju, Republic of Korea",IEEE Open Journal of the Communications Society,28 Jun 2024,5,,3595,3623,"The rapid advancements in wireless technologies have led to numerous research studies that provide evidence of the successful utilization of wireless signals, particularly, WiFi signals for human activity sensing in the indoor environment. As a promising technology, WiFi-based human sensing can be utilized for a variety of applications such as smart healthcare, smart homes, security, industry, office indoor environments etc., due to the availability of rich infrastructure. Furthermore, compared to other radio frequency (RF) based systems such as radio detection and ranging (RADAR) and radio frequency identification (RFID), WiFi is non-invasive, has low-cost, and provides ubiquitous coverage in the indoor setup. However, due to the limited accuracy and high complexity of the model-based approaches for human sensing, the systems empowered by the deep learning (DL) techniques have achieved remarkable performance gains and showed more robustness in dealing with complicated human sensing tasks. The article explores the physical layer parameters used in WiFi sensing such as received signal strength indicator (RSSI) and channel state information (CSI), the estimated parameters such as angle-of-arrival (AoA) and Doppler shift (DS) along with frequency modulated continuous wave (FMCW) RADAR technology. Moreover, the preliminary signal processing stages that are applied to the received WiFi signals in the DL assisted systems are discussed. This article provides a comprehensive literature survey on the recent advances in DL-empowered WiFi sensing focusing on human activity recognition and movement tracking followed by fall detection, single task-multi task classification, crowd monitoring and sensing, indoor localization, gaits recognition, and pose estimation. Furthermore, the paper highlight the challenges in the existing literature and discusses the possible future research directions in WiFi-based human sensing assisted by DL techniques.",2644-125X,,research fund from Chosun University in 2024; ,https://ieeexplore.ieee.org/stamp/stamp.jsp?arnumber=10552143,"['Sensors', 'Wireless fidelity', 'Monitoring', 'Radar', 'Radio frequency', 'Human activity recognition', 'Radar tracking']",,42.0,,216.0,CCBYNCND,7 Jun 2024,2024,,IEEE,IEEE Journals,
,,2023,,,,,,,10.1109/jerm.2023.3298730,,,,,,"['Biomedical applications', 'cardiopulmonary activity', 'contactless', 'localization', 'radar system', 'reconfigurable intelligent surfaces', 'remote human monitoring', 'Radar', 'Radar cross-sections', 'Doppler radar', 'Radar detection', 'Biomedical monitoring', 'Location awareness', 'Reconfigurable architectures', 'Remote monitoring']",M. Mercuri; E. Arnieri; R. De Marco; P. Veltri; F. Crupi; L. Boccia,,,,,,,IEEE,Reconfigurable Intelligent Surface-Aided Indoor Radar Monitoring: A Feasibility Study,"Dipartimento di Informatica, Modellistica, Elettronica e Sistemistica, University of Calabria, Arcavacata di Rende, Italy; Dipartimento di Informatica, Modellistica, Elettronica e Sistemistica, University of Calabria, Arcavacata di Rende, Italy; Dipartimento di Informatica, Modellistica, Elettronica e Sistemistica, University of Calabria, Arcavacata di Rende, Italy; Dipartimento di Informatica, Modellistica, Elettronica e Sistemistica, University of Calabria, Arcavacata di Rende, Italy; Dipartimento di Informatica, Modellistica, Elettronica e Sistemistica, University of Calabria, Arcavacata di Rende, Italy; Dipartimento di Informatica, Modellistica, Elettronica e Sistemistica, University of Calabria, Arcavacata di Rende, Italy","IEEE Journal of Electromagnetics, RF and Microwaves in Medicine and Biology",22 Nov 2023,7,4.0,354,364,"The application of radar technology in indoor people monitoring has opened up new avenues, such as localization and tracking, vital signs monitoring, and fall detection. Nevertheless, one of the significant challenges facing radar systems is the issue of indoor multipath propagation, which results in radar ghosts that can diminish the detection accuracy or even compromise the monitoring process entirely. This study delves into the utilization of reconfigurable intelligent surfaces (RISs) in radar-based indoor people localization. Thanks to the use of RIS, targets can be tracked from multiple orientations, achieving a more precise estimation of the propagation channel and in turn mitigating the effects of indoor multipath propagation. As a result, the detection performance of the radar system can be improved without increasing the radar's complexity. Empirical evidence gathered from experiments conducted in a laboratory environment has demonstrated the feasibility of the proposed approach in accurately locating multiple subjects in a two-dimensional (2-D) space while being able to reject radar ghosts. Practical implications of this novel approach include the development of smart building systems, Internet of Things (IoT), telemedicine, Hospital 4.0, automated nurse call solutions, ambient assisted living, firefighter tracking, and security applications.",2469-7257,,Programma Operazione Nazionale e Innovazione 2014-2020; Fondo Sociale Europeo; Attrazione e Mobilità Internazionale dei Ricercatori(grant numbers:CUP H24I19000410005); ,https://ieeexplore.ieee.org/stamp/stamp.jsp?arnumber=10216298,"['Radar', 'Radar cross-sections', 'Doppler radar', 'Radar detection', 'Biomedical monitoring', 'Location awareness', 'Reconfigurable architectures', 'Remote monitoring']",,17.0,,62.0,IEEE,14 Aug 2023,Dec. 2023,,IEEE,IEEE Journals,
,,2025,,,,,,,10.1109/stcr62650.2025.11020068,,,,,,"['Fall Detection', 'Computer Vision', 'Human Activity Recognition', 'Neural Networks', 'Motion Analysis', 'Deep learning', 'Computer vision', 'Accuracy', 'Neural networks', 'Security', 'Older adults', 'Fall detection', 'Wearable devices', 'Monitoring', 'Standards']",N. Sharma; K. Sudheer Reddy; R. B. Pittala; M. D. Reddy; J. A. Sri; G. Mahati,,,,,,,IEEE,Deep Learning-Powered Fall Detection and Behavior Monitoring Using Computer Vision,"Department of Information Technology, Anurag University, Hyderabad, India; Department of Information Technology, Anurag University, Hyderabad, India; Department of Information Technology, Anurag University, Hyderabad, India; Department of Information Technology, Anurag University, Hyderabad, India; Department of Information Technology, Anurag University, Hyderabad, India; Department of Information Technology, Anurag University, Hyderabad, India","2025 Fourth International Conference on Smart Technologies, Communication and Robotics (STCR)",3 Jun 2025,,,1,6,"Advances in modern medicine have clearly improved the human lifespan significantly. But elderly people have some problems in their life such as declining in movement ability due to getting old. They tend to suffer from reduced physical fitness, muscle weakness, decreased coordination, and balance problems. Such reasons lead to the fall, which sometimes leads to deadly consequences. This is particularly important if people live alone, where falls can come with serious health risks that require urgent assistance. Food and health care are also addressed, providing a description of solution-by-solution applications that tend to vary slightly depending on consumer best practices and risk functions, such as reaching out to the individual via phone to assess their condition prior to triggering emergency contact or medical attention should a fall be detected by a monitoring system. Thus, the birth of a new approach that would create a fall detection system that takes advantage of already available security camera video. This paper presents a system that tends to detect falls using computer vision and deep learning. It is trained to differentiate between activity type and fall type. The system incorporates additional functions including multiangle video analysis and multiperson tracking to improve accuracy and assess the severity of the fall, ensuring that urgent responses are prioritized. Enable Alerts for emergency contacts to alert contacts so they can assist a fallen person as soon as possible. This aims to raise living standards of life with a focus on preventing risks",,979-8-3503-5753-0,,https://ieeexplore.ieee.org/stamp/stamp.jsp?arnumber=11020068,"['Deep learning', 'Computer vision', 'Accuracy', 'Neural networks', 'Security', 'Older adults', 'Fall detection', 'Wearable devices', 'Monitoring', 'Standards']",,9.0,,21.0,IEEE,3 Jun 2025,9-10 May 2025,9-10 May 2025,IEEE,IEEE Conferences,
,,2025,,,,,,,10.1109/icaiss61471.2025.11041817,,,,,,"['Alzheimer’s Disease', 'ESP32-CAM', 'Facial Recognition', 'Bluetooth Communication', 'GSM Module', 'SIM800L', 'Heartbeat Sensor', 'MPU6050', 'Fall Detection', 'Wearable Device', 'I2C Protocol', 'GSM', 'Protocols', 'Bluetooth', 'Heart beat', 'Face recognition', 'Reliability', 'Assistive devices', ""Alzheimer's disease"", 'Fall detection', 'Wearable devices']",R. Pavaiyarkarasi; D. Paulraj,,,,,,,IEEE,A Concept to Reality: New Horizons in Alzheimer’s Assistive Devices,"Department of Electronics and Communication Engineering, R.M.K. Engineering College, Tamil Nadu, India; Department of Computer Science and Engineering, R.M.K. Engineering College, Tamil Nadu, India",2025 Third International Conference on Augmented Intelligence and Sustainable Systems (ICAISS),24 Jun 2025,,,1264,1271,"The creation of a cutting-edge assistance device intended for enhancing the security and well-being of Alzheimer's sufferers is outlined in this research. There are two parts to the system architecture. The first segment incorporates an ESP32-CAM for recognizing faces and patient picture capture, delivering data to an OLED screen over Bluetooth. Segment two, worn on the patient’s arm, includes a GSM for telecommunication, a heartbeat sensor, a real-time clock for time display, pill remainder, and an MPU6050 inertial measurement unit for fall detection. Emergency buttons are incorporated: Button 1 sends a geotagged alert message, and Button 2 initiates a call to the caregiver. The IMU senses falls and offers position information to the caretaker, as PPG sensor tracks heart activity and sends alarms for abnormalities. The I2C protocol facilitates interaction among components. The device's potential to improve patient safety and caretaker assurance is demonstrated, which elaborates on its complex design and connectivity.",,979-8-3315-0724-4,,https://ieeexplore.ieee.org/stamp/stamp.jsp?arnumber=11041817,"['GSM', 'Protocols', 'Bluetooth', 'Heart beat', 'Face recognition', 'Reliability', 'Assistive devices', ""Alzheimer's disease"", 'Fall detection', 'Wearable devices']",,1.0,,25.0,IEEE,24 Jun 2025,21-23 May 2025,21-23 May 2025,IEEE,IEEE Conferences,
,,2023,,,,,,,10.1109/icccnt56998.2023.10308247,,,,,,"['Fall detection', 'LRCN', 'Monitoring', 'CNN', 'Healthcare', 'Wearable computers', 'Medical services', 'Streaming media', 'Real-time systems', 'Human activity recognition', 'Convolutional neural networks', 'Security']",S. K. Paul; A. A. Zisa; M. A. Ala Walid; Y. Zeem; R. R. Paul; M. M. Haque; M. E. Hamid,,,,,,,IEEE,Human Fall Detection System using Long-Term Recurrent Convolutional Networks for Next-Generation Healthcare: A Study of Human Motion Recognition,"Department of Computer Science & Engineering, University of Rajshahi, Rajshahi; Department of Computer Science and Engineering, Qadirabad Cantonment, Bangladesh Army University of Engineering & Technology (BAUET), Rajshahi, Bangladesh; Department of Computer Science and Engineering, Qadirabad Cantonment, Bangladesh Army University of Engineering & Technology (BAUET), Rajshahi, Bangladesh; Department of Computer Science and Engineering, Qadirabad Cantonment, Bangladesh Army University of Engineering & Technology (BAUET), Rajshahi, Bangladesh; Department of Computer Science & Engineering, University of Rajshahi, Rajshahi; Department of Computer Science and Engineering, Qadirabad Cantonment, Bangladesh Army University of Engineering & Technology (BAUET), Rajshahi, Bangladesh; Department of Computer Science & Engineering, University of Rajshahi, Rajshahi",2023 14th International Conference on Computing Communication and Networking Technologies (ICCCNT),23 Nov 2023,,,1,7,"Falls can cause serious injuries and even death, especially in older adults. Therefore, fall detection systems have the potential to save lives and improve healthcare outcomes. Security and healthcare issues are of utmost concern today in a dynamic world. Accidents from falling can cause serious injury to elderly people or children, and in some cases, death can also occur. A deep learning-based Human Motion Recognition approach has been proposed to detect human falling from video, even in low resolution, and send an alert message to the other end-user without using any costly wearable device. In this paper, the Long-term Recurrent Convolutional Network (LRCN) model is practiced on our proposed FD503 video dataset. A 90% accuracy was attained using the suggested strategy. Precision and recall are 0.93 and 0.85 respectively. The LRCN model is flexible for vision-related problems involving time-varying sequences. The proposed system is highly capable of real-time monitoring to provide healthcare with an alert message.",2473-7674,979-8-3503-3509-5,,https://ieeexplore.ieee.org/stamp/stamp.jsp?arnumber=10308247,"['Wearable computers', 'Medical services', 'Streaming media', 'Real-time systems', 'Human activity recognition', 'Convolutional neural networks', 'Security']",,1.0,,27.0,IEEE,23 Nov 2023,6-8 July 2023,6-8 July 2023,IEEE,IEEE Conferences,
,,2023,,,,,,,10.1109/iconstem56934.2023.10142899,,,,,,"['GPS', 'RFID', 'Twilio API', 'Sensor', 'Computer vision', 'Text recognition', 'Color', 'Blindness', 'Safety', 'System software', 'Security']",R. A. Sekar; S. Varunan G; S. NS; S. K; T. S,,,,,,,IEEE,Chroma Vision: A Comprehensive Solution for Vision Enhancement,"Department of ECE, KPR Institute of Engineering and Technology, Coimbatore, Tamil Nadu; Department of ECE, KPR Institute of Engineering and Technology, Coimbatore, Tamil Nadu; Department of ECE, KPR Institute of Engineering and Technology, Coimbatore, Tamil Nadu; Department of ECE, KPR Institute of Engineering and Technology, Coimbatore, Tamil Nadu; Department of ECE, KPR Institute of Engineering and Technology, Coimbatore, Tamil Nadu",2023 Eighth International Conference on Science Technology Engineering and Mathematics (ICONSTEM),7 Jun 2023,,,1,8,"Blind people are incapable of seeing, which is crucial for daily life. Blind people have limited autonomy due to their lack of eyesight. There are many methods for helping blind people navigate that are based on RFID, GPS, and computer vision modules. Computer Vision and Machine Learning have also seen tremendous growth in recent years and have been employed in the past to produce helpful systems. The system described in this paper provides word, object, and color recognition, fall detection, and location-based warnings for visually impaired and color-blind people using a Raspberry Pi 3B+ board, a GPS module, Accelerometer sensor and Twilio API. By giving colorblind and visually impaired people more freedom and security, the suggested technology aims to enhance their quality of life.",,979-8-3503-4779-1,,https://ieeexplore.ieee.org/stamp/stamp.jsp?arnumber=10142899,"['Computer vision', 'Text recognition', 'Color', 'Blindness', 'Safety', 'System software', 'Security']",,,,9.0,IEEE,7 Jun 2023,6-7 April 2023,6-7 April 2023,IEEE,IEEE Conferences,
,,2025,,,,,,,10.1109/icicnis66685.2025.11315574,,,,,,"['Artificial Intelligence', 'Computer Vision', 'Fall Detection', 'Deep Learning', 'YOLOv8', 'Pose Estimation', 'Real-Time Monitoring', 'Public Safety', 'CCTV Surveillance', 'Human Activity Recognition', 'Alert System', 'Firebase Cloud Messaging', 'Twilio API', 'Smart Surveillance', 'Non-Intrusive Monitoring', 'Deep learning', 'Computer vision', 'Visualization', 'Surveillance', 'Manuals', 'Real-time systems', 'Public security', 'Personnel', 'Fall detection', 'Videos']",K. T; D. Kumar Madasu; V. P. Damacharla,,,,,,,IEEE,Anomaly Detection in Crowd Behavior for Public Safety Assurance,"Computer Science and Engineering, Veltech University, Chennai, India; Computer Science and Engineering, Veltech University, Chennai, India; Computer Science and Engineering, Veltech University, Chennai, India",2025 6th International Conference on IoT Based Control Networks and Intelligent Systems (ICICNIS),1 Jan 2026,,,1531,1537,"Public ceremonies, such as events, classes, places of worship, or exhibitions, often include a high concentration of people in limited indoor places. In such an environment, health issues, imbalances or conflicts increases the risk of accidental human fall. Traditional monitoring and manual monitoring systems fail to immediately detect or provide an alert for such important events, leading to delayed reactions that can spoil the results of the injury or even cause congestion nervousness. Addressing this challenge, our project proposes a real-time software solution that takes advantage of AI and Computer Vision to detect human falls and immediately informs security personnel or carers for timely intervention. The system uses a live video feed from existing CCTV or IP cameras and applies advanced deep learning models such as YOLOv 8 for human identity jointly with pose assessment framework to track body movement. When the sudden loss of posture or horizontal decline is detected, the system sends an automated alert through integrated services such as firebase cloud messaging or Twilio SMS API. Alerts can be configured to access mobile devices, web dashboards or alerting systems in real time, which ensures rapid response from on-ground personnel. Major features of the proposed system include monitoring non-grace (no need for wearable equipment), compatibility with existing infrastructure, scalability and congestion settings at many places include high accuracy (tests with 40–50 individuals per room). The modular architecture of the system includes video stream handling, fall detection engine, alert module and monitoring interfaces for logging and visualization. This solution increases safety in public places by reducing dependence on manual observation and enabling early emergency response. The project shows how artificial intelligence can be applied for social good by improving mob safety and real-time phenomenon. Future work can focus on external landscapes, obstacles handling and multi-camera integration to further improve reliability and coverage.",,979-8-3315-1520-1,,https://ieeexplore.ieee.org/stamp/stamp.jsp?arnumber=11315574,"['Deep learning', 'Computer vision', 'Visualization', 'Surveillance', 'Manuals', 'Real-time systems', 'Public security', 'Personnel', 'Fall detection', 'Videos']",,,,20.0,IEEE,1 Jan 2026,15-17 Dec. 2025,15-17 Dec. 2025,IEEE,IEEE Conferences,
,,2025,,,,,,,10.1109/gitcon65266.2025.11376638,,,,,,"['Man overboard detection', 'smart wearable device', 'IoT', 'real-time monitoring', 'GPS tracking', 'Wi-Fi communication', 'fall detection', 'heart rate monitoring', 'Heart rate', 'Real-time systems', 'Personnel', 'Internet of Things', 'Biomedical monitoring', 'Fall detection', 'Monitoring', 'Wireless fidelity', 'Remote monitoring', 'Global Positioning System']",K. B. K. Reddy; G. N. S. S. Aditya; B. Yamini; G. Premalatha,,,,,,,IEEE,Advanced IoT-Enabled Wearable Technology for Maritime Personnel Safety: Real-Time Man Overboard Detection and Emergency Response System,"Department of Networking and Communications School of Computing, SRM Institute of Science and Technology, India; Department of Networking and Communications School of Computing, SRM Institute of Science and Technology, India; Department of Data Science and Business Systems School of Computing, SRM Institute of Science and Technology, India; Department of Data Science and Business Systems School of Computing, SRM Institute of Science and Technology, India",2025 Global Conference on Information Technology and Communication Networks (GITCON),12 Feb 2026,,,1,7,"Maritime safety represents a fundamental concern across all naval operations, particularly for personnel aboard commercial vessels, passenger ferries, and recreational boats. Traditional man overboard (MOB) detection systems depend heavily on human observation, creating significant delays in emergency response protocols. This research presents an innovative smart wearable IoT device engineered for autonomous real-time MOB detection and immediate alert generation. The comprehensive system integrates multiple sensor technologies including MAX30100 for continuous heart rate and oxygen saturation monitoring, MPU6050 for precise motion and fall detection capabilities, and specialized pH sensors for water immersion identification. Upon detecting threshold violations across any monitored parameter, the device automatically activates the NEO-6M GPS module for precise location acquisition and transmits emergency alerts through integrated Wi-Fi communication modules to designated response teams and onboard safety systems. This autonomous monitoring solution leverages advanced IoT technologies to ensure continuous surveillance and instantaneous alerting, significantly reducing undetected MOB incidents while enhancing survival probability through rapid rescue coordination. The device minimizes reliance on human observation while providing enhanced security for personnel across water-based industries including maritime logistics, passenger transportation, naval operations, and recreational vessel activities. The solution ensures timely incident detection and accelerates search and rescue operations, potentially serving as a catalyst for widespread adoption of IoT-driven wearable technologies in life-critical maritime safety applications.",,979-8-3315-3348-9,,https://ieeexplore.ieee.org/stamp/stamp.jsp?arnumber=11376638,"['Heart rate', 'Real-time systems', 'Personnel', 'Internet of Things', 'Biomedical monitoring', 'Fall detection', 'Monitoring', 'Wireless fidelity', 'Remote monitoring', 'Global Positioning System']",,,,15.0,IEEE,12 Feb 2026,29-31 Aug. 2025,29-31 Aug. 2025,IEEE,IEEE Conferences,
,,2024,,,,,,,10.1109/icstsdg61998.2024.11026228,,,,,,"['Wireless Sensor Networks', 'Body Area Networks', 'Healthcare', 'Wireless sensor networks', 'Patient monitoring', 'Power demand', 'Reviews', 'Telemedicine', 'Surveillance', 'Medical services', 'Security', 'Remote monitoring', 'Diseases']",L. A. A. Gracious; G. R; T. Periyasamy; R. Abirami; R. Kennady; A. Prabha,,,,,,,IEEE,Applications of Wireless Sensor Networks in the Healthcare Sector,"Dept of CSE, R.M.K. College of Engineering and Technology, Tiruvallur, India; School of Computing, Vel Tech Rangarajan Dr. Sagunthala R&D Institute of Science and Technology, Chennai; Department of Information Technology, Sri Manakula Vinayagar Engineering College, Puducherry; St. Joseph's Institute of Technology, Chennai, India; Dept of AIDS, Rajalakshmi institute of Technology, Chennai, India; Department of Electrical and Electronics Engineering, S.A. Engineering College, Chennai, India",2024 International Conference on Smart Technologies for Sustainable Development Goals (ICSTSDG),17 Jun 2025,,,1,6,"WSNs are technology with a high potential that has different application cases in healthcare. They are the communication channels that allow sensor nodes to exchange data wirelessly in real-time while at the same time, as a network, offering a lot of opportunities for remote monitoring, data collection and analysis in healthcare settings. This paper hereby presents the full examination of the utilization of WSNs in the medical field, demonstrating how the technology can quantitatively upgrade patient monitoring, disease management, and healthcare. The review is designed to detail several categories of WSNs used in healthcare facilities, such as the Body Area Networks (BANs), Ambient Assisted Living (AAL) system and the environmental monitoring network. We explain our focus areas involving WSNs namely, remote patient monitoring, fall detection, chronic disease management, medication adherence monitoring and healthcare facility management. Moreover, we provide details on the difficulties and limitations facing WSNs in healthcare such as security challenges, interoperability difficulty, and power consumption constraints. In the following part, the integration with Internet of Things platforms and the subsequent use of machine learning and artificial intelligence techniques, and the development of miniature sensors and wearable technology will be discussed in more detail as the key future directions of healthcare WSNs. Finally, we underline the need for uniformity requirements as one of the leverage points to increase the interoperability and scalability of healthcare WSN implementations. The integration of current literature on the topic and technological advances shall herein offer perspectives on the WSNs applicability in remaking the healthcare delivery system and the prospects to further these patient outcomes. The evidence advises that innovation keeping the collaborative efforts should be viewed as a priority while exploiting WSNs with a motive of improving healthcare sector services delivery.",,979-8-3315-1628-4,,https://ieeexplore.ieee.org/stamp/stamp.jsp?arnumber=11026228,"['Wireless sensor networks', 'Patient monitoring', 'Power demand', 'Reviews', 'Telemedicine', 'Surveillance', 'Medical services', 'Security', 'Remote monitoring', 'Diseases']",,,,15.0,IEEE,17 Jun 2025,6-8 Nov. 2024,6-8 Nov. 2024,IEEE,IEEE Conferences,
,,2022,,,,,,,10.1109/wimob55322.2022.9941359,,,,,,"['fall detection', 'hardware', 'deep learning', 'smart home', 'Deep learning', 'Wireless communication', 'Graphics processing units', 'Streaming media', 'Cameras', 'Real-time systems', 'Hardware']",H. R. Tohidypour; M. T. Pourazad; P. Nasiopoulos,,,,,,,IEEE,A Security-Centric Deep Learning Enabled Camera Solution for Real-Time Human Fall Detection,"Electrical & Computer Engineering, Univeristy of British Columbia, Vancouver, BC, Canada; Electrical & Computer Engineering, Univeristy of British Columbia, Vancouver, BC, Canada; Electrical & Computer Engineering, Univeristy of British Columbia, Vancouver, BC, Canada","2022 18th International Conference on Wireless and Mobile Computing, Networking and Communications (WiMob)",15 Nov 2022,,,42,46,"Automatic human real-time fall detection is a challenging task in remote healthcare, demanding a non-intrusive, secure and affordable solution. In this paper, we present a real-time hardware system that uses a deep learning model for fall detection embedded in a color camera. To reduce the startup delay and achieve real-time performance for the inference phase, we optimized our model using TensorRT. In addition, we addressed the board memory limitation using virtual memory and linear memory allocation and garbage collection. Moreover, GStreamer was used to perform most of the video processing using Jetson's GPU. Our live evaluation shows that our system achieved the accuracy of 84.44% and real-time performance.",2160-4894,978-1-6654-6975-3,,https://ieeexplore.ieee.org/stamp/stamp.jsp?arnumber=9941359,"['Deep learning', 'Wireless communication', 'Graphics processing units', 'Streaming media', 'Cameras', 'Real-time systems', 'Hardware']",,,,14.0,IEEE,15 Nov 2022,10-12 Oct. 2022,10-12 Oct. 2022,IEEE,IEEE Conferences,
,,2025,,,,,,,10.1109/cmss66566.2025.11182380,,,,,,"['IoT Device', 'Women Safety', 'Smart Wearables', 'GPS and GSM', 'GSM', 'Tracking', 'Sensors', 'Internet of Things', 'Security', 'Biomedical monitoring', 'Wearable devices', 'Protection', 'Fall detection', 'Global Positioning System']",S. Sandhya; A. M. Dhasaradh; K. M. Fasil; S. Lithin; M. M. Habinsha; P. P. Alan Anugrah,,,,,,,IEEE,SOS-Enabled Wearable for Personal Security with GPS Tracking and Fall Detection,"JCT College of Engineering and Technology, Coimbatore, Tamil Nadu, India; JCT College of Engineering and Technology, Coimbatore, Tamil Nadu, India; JCT College of Engineering and Technology, Coimbatore, Tamil Nadu, India; JCT College of Engineering and Technology, Coimbatore, Tamil Nadu, India; JCT College of Engineering and Technology, Coimbatore, Tamil Nadu, India; JCT College of Engineering and Technology, Coimbatore, Tamil Nadu, India",2025 International Conference on Modern Sustainable Systems (CMSS),6 Oct 2025,,,279,284,"Smart wearable IoT device is a comprehensive solution designed to increase the safety of women and old aged people by leveraging the GSM and GPS. The microcontroller ESP32 works as the central processing unit and manages various modules such as GPS tracking, GSM communication, and motion sensing. The device features an SOS panic button that can be manually activated in distress situations, automatically triggering SMS and call alerts to predefined contacts which is set by the wearable device admin can get the user’s current location, even in offline scenarios. To enhance its safety feature further, the device has an accelerometer and gyroscope (MPU6050) for fall detection. The sensors monitor sudden movement, jerking, or prolonged stationary time, triggering automatic alerts in presumed danger scenarios. A voice recording module is optionally provided to capture audio evidence in case of emergencies for post-incident analysis. The system is also able to run on a rechargeable lithium-ion battery, supported by an energy-efficient power management circuit that provides energy efficiency and extended operation. Low power consumption, USB charging or optional solar charging, and battery level indicators make the device more accessible and portable. Future releases will introduce AI-driven threat detection, geofencing alerts for location-based safety triggers, and biometric authentication to avoid unauthorized use. This intelligent wearable device is a fresh, affordable, and easy solution responding to the urgent need for active personal protection in the fast-changing technology world.",,979-8-3315-6510-7,,https://ieeexplore.ieee.org/stamp/stamp.jsp?arnumber=11182380,"['GSM', 'Tracking', 'Sensors', 'Internet of Things', 'Security', 'Biomedical monitoring', 'Wearable devices', 'Protection', 'Fall detection', 'Global Positioning System']",,,,10.0,IEEE,6 Oct 2025,12-14 Aug. 2025,12-14 Aug. 2025,IEEE,IEEE Conferences,
article,Towards Secure and Efficient Human Fall Detection: Sensor-Visual Fusion via Gramian Angular Field with Federated CNN,2025,,,,145.0,1.0,https://www.sciencedirect.com/science/article/pii/S152614922500342X,10.32604/cmes.2025.068779,"This article presents a human fall detection system that addresses two critical challenges: privacy preservation and detection accuracy. We propose a comprehensive framework that integrates state-of-the-art machine learning models, multimodal data fusion, federated learning (FL), and Karush-Kuhn-Tucker (KKT)-based resource optimization. The system fuses data from wearable sensors and cameras using Gramian Angular Field (GAF) encoding to capture rich spatial-temporal features. To protect sensitive data, we adopt a privacy-preserving FL setup, where model training occurs locally on client devices without transferring raw data. A custom convolutional neural network (CNN) is designed to extract robust features from the fused multimodal inputs under FL constraints. To further improve efficiency, a KKT-based optimization strategy is employed to allocate computational tasks based on device capacity. Evaluated on the UP-Fall dataset, the proposed system achieves 91% accuracy, demonstrating its effectiveness in detecting human falls while ensuring data privacy and resource efficiency. This work contributes to safer, scalable, and real-world-applicable fall detection for elderly care.",CMES - Computer Modeling in Engineering and Sciences,,,,"['Multimodal approach', 'fall detection', 'privacy-preserving', 'federated learning', 'resource constraints']","Hossain, Md; Rahman, Md; Mahmud, Mufti",,,1087-1116,,,1526-1492,ScienceDirect,,,,,,,,,,,,,,,,,,,,,,,,,
article,Developed Fall Detection of Elderly Patients in Internet of Healthcare Things,2023,,,,76.0,2.0,https://www.sciencedirect.com/science/article/pii/S1546221823001455,10.32604/cmc.2023.039084,"Falling is among the most harmful events older adults may encounter. With the continuous growth of the aging population in many societies, developing effective fall detection mechanisms empowered by machine learning technologies and easily integrable with existing healthcare systems becomes essential. This paper presents a new healthcare Internet of Health Things (IoHT) architecture built around an ensemble machine learning-based fall detection system (FDS) for older people. Compared to deep neural networks, the ensemble multi-stage random forest model allows the extraction of an optimal subset of fall detection features with minimal hyperparameters. The number of cascaded random forest stages is automatically optimized. This study uses a public dataset of fall detection samples called SmartFall to validate the developed fall detection system. The SmartFall dataset is collected based on the acquired measurements of the three-axis accelerometer in a smartwatch. Each scenario in this dataset is classified and labeled as a fall or a non-fall. In comparison to the three machine learning models—K-nearest neighbors (KNN), decision tree (DT), and standard random forest (SRF), the proposed ensemble classifier outperformed the other models and achieved 98.4% accuracy. The developed healthcare IoHT framework can be realized for detecting fall accidents of older people by taking security and privacy concerns into account in future work.","Computers, Materials and Continua",,,,"['Elderly population', 'fall detection', 'wireless sensor networks', 'Internet of health things', 'ensemble machine learning']","Reyad, Omar; Shehata, Hazem; Karar, Mohamed",,,1689-1700,,,1546-2218,ScienceDirect,,,,,,,,,,,,,,,,,,,,,,,,,
article,IntNet: Lightweight yet high-performance deep learning system for intuitive radar patterns analysis and human fall detection,2026,,,,203.0,,https://www.sciencedirect.com/science/article/pii/S0010482526000466,10.1016/j.compbiomed.2026.111485,"The growing trend of solitary living among the elderly and young, coupled with the high risk of falls leading to injuries and death, highlights the need for fall monitoring systems. Emphasizing individuals' privacy and comfort, these systems should rely on radar sensors instead of visual-based, acoustic-based, or wearable solutions. Current radar-based systems have yet to reach satisfactory real-world performance. This work proposes a radar-based fall detection system that offers superior performance in complex real-world scenarios while maintaining edge computing capabilities and utilizing minimal hardware resources. The proposed deep learning system achieved a recall of 98.99 % and a precision of 99.32 %. These unprecedented performance numbers are measured on the proposed dataset, which is the most real-life representative dataset in the literature. The system has 211.8k parameters and ∼8.84 M Floating Point Operations (FLOPs), achieving an edge computing capability. Moreover, the efficient model construction eliminates redundant computation in real-time operation. Furthermore, this work proposes a novel performance comparison methodology that can be used in all classification problems. This methodology compares performance metrics, which are calculated based on different datasets, with a high level of fairness.",Computers in Biology and Medicine,,,,"['Fall detection', 'Health monitoring', 'Patient monitoring', 'Millimeter-wave radar', 'Frequency modulated continuous wave radar', 'Deep learning', 'Convolutional neural network', 'Long short-term memory', 'Data quality', 'Data integrity']","Almallah, Malek; Sababha, Belal",,,111485,,,0010-4825,ScienceDirect,,,,,,,,,,,,,,,,,,,,,,,,,
article,Thermal Fall 66: A robust dataset for thermal imaging-based fall detection and eldercare,2025,,,,160.0,,https://www.sciencedirect.com/science/article/pii/S0952197625018214,10.1016/j.engappai.2025.111819,"Fall-related injuries pose a significant health risk, particularly among the elderly population, necessitating advancements in fall detection technologies. While traditional sensor-based methods offer some solutions, they are limited by issues, like user compliance and unreliability in high-stakes situations. Computer vision (CV) and artificial intelligence (AI)-based alternatives, notably thermal imaging, emerge as promising, privacy-preserving tools. However, the lack of standardized, generalizable benchmark datasets hampers the validation of these technologies’ effectiveness. The Thermal Fall 66 (TF-66) dataset introduced in this work addresses this crucial gap by providing an extensive, diverse collection of fall scenarios, recorded in various environments and featuring a wide range of participants. This dataset introduces sample subsets for tailored model training and a comprehensive data generator for customized access, setting a new benchmark in fall detection research. A baseline three-dimensional convolutional neural network (3D CNN) was trained to demonstrate the dataset’s suitability for supervised deep learning. As TF-66 continues to evolve, it aims to include even more diverse environments, such as bathrooms and staircases, further enhancing its applicability and serving as a robust resource for the research community. This work contributes significantly to the field by offering a dataset that not only improves the reliability of fall detection systems (FDS) but also facilitates a standardized approach to evaluating and advancing these technologies.",Engineering Applications of Artificial Intelligence,,,,"['Computer vision', 'Eldercare', 'Fall detection', 'Thermal imaging']","Silver, Christopher; Akilan, Thangarajah",,,111819,,,0952-1976,ScienceDirect,,,,,,,,,,,,,,,,,,,,,,,,,
article,Sensor-based prevention of falls and pressure ulcers: A scoping review,2025,,,,199.0,,https://www.sciencedirect.com/science/article/pii/S1386505625000954,10.1016/j.ijmedinf.2025.105878,"Purpose Falls and pressure ulcers are serious complications impacting care quality in nursing homes. Sensor technologies can help prevent these adverse events through continuous monitoring and timely intervention. This scoping review, following JBI guidelines, evaluated the effects of sensor-based fall and pressure ulcer prevention in long-term care and the experiences of patients and healthcare professionals. Methods The review included primary studies, reviews, and protocols published from 2014 to 2023. Screening, data extraction, and quality appraisal were conducted independently by two authors using MMAT and JBI tools. Results A total of 31 studies were included: 22 on fall prevention, eight on pressure ulcer prevention, and one addressing both. User-based sensors were effective in preventing both falls and pressure ulcers. Accelerometers enhanced sensitivity for fall detection and adherence to repositioning protocols. Context-based sensors, such as Doppler, webcams, and Kinect, showed variable precision and false alarm rates, while range sensors demonstrated high precision. Context-based accelerometers were promising for pressure ulcer prevention, but pressure sensors provided inconsistent data. Additional manual assessments enhanced sensor data accuracy. Patients preferred non-obtrusive, user-friendly sensors, while healthcare professionals emphasized the need for seamless integration into care routines. Both groups valued real-time monitoring and alert capabilities, though privacy and data security remained concerns. Conclusions Sensor technologies show potential in enhancing patient safety and care quality in long-term care, though further refinement is needed for context-based sensors in pressure ulcer prevention. Integrating these technologies with standard care can improve outcomes, but addressing privacy and ethical issues is essential for broader acceptance.",International Journal of Medical Informatics,,,,"['Long-Term Care', 'Falls', 'Pressure Ulcers', 'Prevention', 'Sensor', 'Scoping Review']","Winkler, Anna; Pallauf, Martin; Krutter, Simon; Kutschar, Patrick; Osterbrink, Jürgen; Nestler, Nadja",,,105878,,,1386-5056,ScienceDirect,,,,,,,,,,,,,,,,,,,,,,,,,
article,FL-FD: Federated learning-based fall detection with multimodal data fusion,2023,,,,99.0,,https://www.sciencedirect.com/science/article/pii/S1566253523002063,10.1016/j.inffus.2023.101890,"Multimodal data fusion is a critical element of fall detection systems, as it provides more comprehensive information than single-modal data. Yet, data heterogeneity between sources has posed a challenge for the effective fusion of such data. This paper proposes a novel multimodal data fusion method under a federated learning (FL) framework that addresses the privacy concerns of users while exploiting the complementarity of such data. Specifically, we fuse time-series data from wearable sensors and visual data from cameras at the input level, where the data is first transformed into images using the Gramian Angular Field (GAF) method. Moreover, each user is treated as a private client in the FL system whereby the fall detection model is trained without requiring the sharing of user data. The proposed method is evaluated using the UP-Fall dataset, where we perform different fall detection tasks: binary classification for fall and non-fall detection yields a remarkable accuracy of 99.927%, while multi-classification for different fall activity recognition attains an accurate result of 89.769%.",Information Fusion,,,,"['Federated learning', 'Data fusion', 'Multimodal data fusion', 'IoMT', 'Fall detection']","Qi, Pian; Chiaro, Diletta; Piccialli, Francesco",,,101890,,,1566-2535,ScienceDirect,,,,,,,,,,,,,,,,,,,,,,,,,
article,Fall prediction algorithm with built-in instability metrics,2026,,,,194.0,,https://www.sciencedirect.com/science/article/pii/S0021929025005780,10.1016/j.jbiomech.2025.113066,"This article introduces an artificial intelligence (AI) platform that uses computer vision to monitor human body posture and predict falls. Typically, camera-based systems for “fall prediction” are rarely investigated compared to “fall detection” systems because falls represent a nonlinear, time-dependent challenge. This complexity is especially prominent when attempts are made to predict falls in uncontrolled environments. In addition, privacy concerns and the requirement to install expensive cameras or sensors are considered key limitations for a camera-based system. To address this gap, we introduce the extraction of new features independent of the camera type that help eliminate the need for high-cost cameras, and improve prediction accuracy without requiring extensive room modification or the addition of body markers or wearable sensors for the user. In this study, we used a 4 K AKASO camera to record different fall scenarios, and the features were extracted from these videos. These features include key landmarks, the centroid’s locations, and the angular position of body segments. The results show that this system can accurately predict falls with an approximate accuracy of 91 %. Additionally, the feature importance analysis highlights the significance of the extracted features, indicating that these features have a significant effect on improving the prediction of a fall up to two seconds before it happens, which is three times faster than today’s single camera systems.",Journal of Biomechanics,,,,"['Fall prediction', 'Long short-term memory', 'Camera based system', 'Posture monitoring']","Al-Hammouri, Sajeda; Wung, Shu-Fen; Chen, Ziao; Chen, Chang-Chun; Ortega, Isabellah; Jalali, Bahram; Roveda, Janet; Hazeli, Kavan",,,113066,,,0021-9290,ScienceDirect,,,,,,,,,,,,,,,,,,,,,,,,,
article,Enhancing elderly activity recognition and safety through a hybrid deep learning model,2025,,,,41.0,,https://www.sciencedirect.com/science/article/pii/S2665917425001643,10.1016/j.measen.2025.101970,"In recent years, there has been a significant increase in interest in human activity recognition (HAR), primarily driven by the development of sensor-based technologies and their applications in various fields, including security, healthcare, and personal fitness. HAR systems have been the subject of numerous studies, most of which have concentrated on identifying everyday human activities. There is still a need to address the unique requirements of senior citizens, whose physical activity patterns vary due to age-related factors. Challenges with accuracy, flexibility of data collection, and dataset restrictions (e.g., few classifications and small sample sizes) emerge in the particular geriatric HAR setting. These problems hinder the development of reliable systems that accurately identify and track the activities of the elderly. In this research, a new approach to Elderly Activity Recognition is presented, based on a self-made Sensor-Enabled Android App that records movement features to produce a complete dataset with six different classes. We propose a hybrid model that combines Convolutional Neural Networks (CNN) and Long Short-Term Memory (LSTM) to address the issues mentioned above, thereby offering improved accuracy and adaptability. With a high accuracy of 98.60%, our model outperformed earlier methods by a wide margin. The model performed well when we assessed it using the following metrics: area under the curve (AUC), recall, F-score, and precision. The precision, recall, and f-score values are accordingly 98.90%, 96.79%, and 96.12%. The study’s findings offer valuable insights for developing systems that effectively identify and track the activities of the elderly, thereby enhancing their safety and overall well-being.Although the model is designed for elderly activity detection, it can be applied to a broader range of applications, including general human activity recognition, fitness tracking, rehabilitation monitoring, and fall detection.",Measurement: Sensors,,,,"['Human activity', 'Wearable sensor', 'Android App', 'Hybrid deep learning', 'LSTM', 'CNN', 'Elder safety']","Sujatha, G.; N., Badrinath; Sarada, Ch.; Reddy, C.; Sudhakara, M.",,,101970,,,2665-9174,ScienceDirect,,,,,,,,,,,,,,,,,,,,,,,,,
article,A review of thermal array sensor-based activity detection in smart spaces using AI,2024,,,,10.0,2.0,https://www.sciencedirect.com/science/article/pii/S2405959523001509,10.1016/j.icte.2023.11.007,"Nowadays, research works into the dynamic and static human activities on Smart spaces abounds. Artificial Intelligence (AI) and low cost non-privacy invasive ambient sensors have made this ubiquitous. This review presents a state-of-the-art analysis, performance evaluation, and future research direction. One of the aims of activity recognition (especially that of humans) systems using thermal sensors and AI is the safety of persons in Smart spaces. In a Smart home, human activity detection systems are put in place to ensure the safety of persons in such an environment. This system should have the ability to monitor issues like fall detection, a common home-related accident. In this work, a review of trends in thermal sensor deployment, an appraisal of the popular datasets, AI algorithms, testbeds, and critical challenges of the recent works was provided to direct the research focus. In addition, a summary of AI models and their performance under various sensor resolutions was presented.",ICT Express,,,,"['Activity detection', 'Artificial intelligence', 'Ensemble learning', 'Smart spaces', 'Thermal sensor']","Nwakanma, Cosmas; Anyanwu, Goodness; Ahakonye, Love; Lee, Jae-Min; Kim, Dong-Seong",,,256-269,,,2405-9595,ScienceDirect,,,,,,,,,,,,,,,,,,,,,,,,,
article,Perspectives of Older Adults on Assistive Technology: Qualitative Study,2025,,,,12.0,,https://www.sciencedirect.com/science/article/pii/S2292949525002408,10.2196/74214,"Background The aging population presents challenges for health care systems. Assistive technologies (ATs), such as telemonitoring, fall detection, and self-monitoring devices, offer potential solutions to support older adults and their care. However, successful implementation relies on their acceptance, which remains poorly understood, particularly among nonusers. Objective This study aimed to explore older adults’ perceptions of ATs, including perceived benefits, adoption barriers, and factors influencing willingness to use these technologies. Methods A qualitative study was conducted with 31 participants (aged ≥65 years) with varying levels of health and care needs. Data were collected through 6 focus groups and 6 in-depth interviews and then analyzed thematically using NVivo software. Results A total of 7 themes emerged: (1) limited familiarity, with greater recognition of fall detection and self-monitoring devices compared to telemonitoring; (2) perceived benefits, including safety, independence, and chronic disease management; (3) key concerns, including usability, cost, reliability, privacy, and psychological impacts; (4) suggested improvements, including user-friendly designs and training programs; (5) contextual influences identified with independent older adults perceiving greater utility; (6) strategies for ATs’ promotion proposed, such as media campaigns, government subsidies, and health care endorsements; and (7) overall willingness to adopt ATs, driven by perceived need, social and health care influence, and ease of use. Conclusions Although ATs offer clear benefits, adoption remains limited due to usability, cost, and psychological concerns. Improving accessibility, training, and integration into traditional health care service delivery may facilitate acceptance and use. Future research should focus on inclusive designs and policy interventions to maximize ATs' potential in aging populations.",JMIR Human Factors,,,,"['aging', 'assistive technology', 'telehealth', 'telemonitoring', 'self-monitoring', 'fall detection', 'patient acceptance', 'technology adoption', 'qualitative research', 'focus groups', 'interviews']","Jaana, Mirou; {Lévesque Ryan}, Maude; Tamim, Haitham; Riachy, Edward; Paré, Guy",,,,,,2292-9495,ScienceDirect,,,,,,,,,,,,,,,,,,,,,,,,,
article,Fall detection from audios with Audio Transformers,2022,,,,26.0,,https://www.sciencedirect.com/science/article/pii/S2352648322000745,10.1016/j.smhl.2022.100340,"Fall detection for the elderly is a well-researched problem with several proposed solutions, including wearable and non-wearable techniques. While the existing techniques have excellent detection rates, their adoption by the target population is lacking due to the need for wearing devices and user privacy concerns. Our paper provides a novel, non-wearable, non-intrusive, and scalable solution for fall detection, deployed on an autonomous mobile robot equipped with a microphone. The proposed method uses ambient sound input recorded in people’s homes. We specifically target the bathroom environment as it is highly prone to falls and where existing techniques cannot be deployed without jeopardizing user privacy. The present work develops a solution based on a Transformer architecture that takes noisy sound input from bathrooms and classifies it into fall/no-fall class with an accuracy of 0.8673. Further, the proposed approach is extendable to other indoor environments, besides bathrooms and is suitable for deploying in elderly homes, hospitals, and rehabilitation facilities without requiring the user to wear any device or be constantly ”watched” by the sensors.",Smart Health,,,,"['Human fall detection', 'Audio signal processing', 'Neural networks', 'Transformer']","Kaur, Prabhjot; Wang, Qifan; Shi, Weisong",,,100340,,,2352-6483,ScienceDirect,,,,,,,,,,,,,,,,,,,,,,,,,
article,Enabling automation and edge intelligence over resource constraint IoT devices for smart home,2022,,,,491.0,,https://www.sciencedirect.com/science/article/pii/S0925231221016301,10.1016/j.neucom.2021.04.138,"Smart home applications are pervasive and have gained popularity due to the overwhelming use of Internet of Things (IoT). The revolution in IoT technologies made homes more convenient, efficient and perhaps more secure. The need to advance smart home technology is necessary at this stage as IoT is abundantly used in automation industry. However, most of the proposed solutions are lacking in certain key areas of the system i.e., high interoperability, data independence, privacy, and optimization in general. The use of machine learning algorithms requires high-end hardware and are usually deployed on servers, where computation is convenient, but at the cost of bandwidth. However, more recently edge AI enabled systems are being proposed to shift the computation burden from the server side to the client side enabling smart devices. In this paper, we take advantage of the edge AI enabled technology to propose a fully featured cohesive system for smart home based on IoT and edge computing. The proposed system makes use of industry standards adopted for fog computing as well as providing robust responses from connected IoT sensors in a typical smart home. The proposed system employs edge devices as a computational platform in terms of reducing energy costs and provides security, while remotely controlling all appliances behind a secure gateway. A case study of human fall detection is evaluated by a custom lightweight deep neural network architecture implemented over the edge device of the proposed framework. The case study was validated using the Le2i dataset. During the training, the early stopping threshold was achieved with 98% accuracy for training set and 94% for validation set. The model size of the network was 6.4 MB which is significantly lower than other networks with similar performance.",Neurocomputing,,,,"['Artificial intelligence', 'Edge intelligence', 'IoT', 'Smart home', 'Deep learning', 'Human fall detection']","Nasir, Mansoor; Muhammad, Khan; Ullah, Amin; Ahmad, Jamil; {Wook Baik}, Sung; Sajjad, Muhammad",,,494-506,,,0925-2312,ScienceDirect,,,,,,,,,,,,,,,,,,,,,,,,,
article,A mobile receiver WiFi-CSI approach for fall detection of construction workers,2025,,,,23.0,,https://www.sciencedirect.com/science/article/pii/S2666165925001450,10.1016/j.dibe.2025.100745,"This study introduces a novel fall detection method for construction workers that uses WiFi Channel State Information (CSI) with mobile smartphone receivers, which addresses the high incidence of fall-related injuries at construction sites. The innovative approach utilizes Doppler frequency shift features captured through mobile receivers, which adapt to dynamic construction environments where workers continuously move, overcoming limitations of conventional static configurations. Our framework extracts characteristic CSI patterns from WiFi signals and employs an improved deep learning model to classify falls and common construction activities. Experimental validation demonstrates robust performance with accuracy exceeding 93 % across various distances and orientations. The mobile receiver design significantly enhances spatial adaptability while providing a non-invasive, privacy-preserving, and cost-effective solution that can be readily deployed using existing WiFi infrastructure and workers’ smartphones for construction site safety monitoring.",Developments in the Built Environment,,,,"['Fall detection', 'Channel state information (CSI)', 'Smartphone', 'Mobile receiver', 'Doppler frequency', 'Construction safety']","Hu, Yinong; Li, Heng; Cheng, Mingzhou; Zhang, Mingyu; Han, Shuai; Umer, Waleed",,,100745,,,2666-1659,ScienceDirect,,,,,,,,,,,,,,,,,,,,,,,,,
article,Towards safer environments: A YOLO and MediaPipe-based human fall detection system with alert automation,2025,,,,15.0,,https://www.sciencedirect.com/science/article/pii/S2215016125004674,10.1016/j.mex.2025.103623,"Detecting human falls is essential to ensuring public safety, particularly in public areas like transit terminals. This study provides a precise and effective real-time fall detection system by utilising pose estimation and deep learning-based object detection approaches. The system correctly detects falls in dynamic circumstances by combining MediaPipe's pose estimate for in-depth body posture analysis with the YOLOv8 model for human recognition. The paper provides a novel method that improves the system's scalability and robustness in real-world scenarios by utilising position landmarks and activity identification algorithms. To enable accurate fall detection and reduce false positives, the system also uses anomaly detection techniques. The system uses Twilio to send real-time warnings as soon as a fall is detected, send out video footage of the incident, and alert the appropriate authorities. The system is an excellent option for enhancing safety in sizable public areas because to its effectiveness, scalability, and privacy-preserving features. Metrics like accuracy, precision, recall, and F1-score are used in the study to assess the system's performance and show its usefulness. The system outperformed existing fall detection approaches, achieving 96.06 % accuracy and 100 % recall, confirming its robustness in real-world scenarios.",MethodsX,,,,"['YOLO-based fall detection', 'Real-time fall alert system', 'Aspect ratio for fall detection', 'Mediapipe pose landmark analysis']","Kothari, Virag; Chakurkar, Priti",,,103623,,,2215-0161,ScienceDirect,,,,,,,,,,,,,,,,,,,,,,,,,
article,Beyond digital privacy: Uncovering deeper attitudes toward privacy in cameras among older adults,2024,,,,192.0,,https://www.sciencedirect.com/science/article/pii/S1071581924001289,10.1016/j.ijhcs.2024.103345,"Fall detection cameras at home can detect emergencies of older adults and send timely life-saving alerts. However, the equilibrium between privacy protection and life safety remains a controversial issue when using cameras. In this study, we assessed the attitudes of older adults towards the privacy issue of cameras using surveys (N=389) and interviews (N=20). Furthermore, we conducted a co-design workshop (N=6) in which older adults and designers collaborated to develop a prototype of cameras. We found that for older adults, the disclosure of privacy not only involves a leakage of personal information, but also influences their dignity and control, which has rarely been expressed directly in the past. Our results expand the conceptualisation of privacy and provide novel design implications for smart product development on privacy for older adults.",International Journal of Human-Computer Studies,,,,"['Privacy by design', 'Older adults', 'Fall detection cameras', 'Dignity']","Zhang, Weiwei; Yin, Jianing; Chan, Ka; Sun, Tongxin; Jin, Tongtong; Jeung, Jihong; Gong, Jiangtao",,,103345,,,1071-5819,ScienceDirect,,,,,,,,,,,,,,,,,,,,,,,,,
article,Securing wearable healthcare devices: An active data framework,2025,,,,28.0,,https://www.sciencedirect.com/science/article/pii/S2590005625002097,10.1016/j.array.2025.100582,"This paper tackles the pressing security challenges of wearable healthcare devices within the internet of medical things, which are especially vulnerable due to limited processing power and reliance on wireless communication. We introduce the active data framework, a novel paradigm in which data itself is endowed with embedded logic and metadata to autonomously detect anomalies and trigger adaptive security responses based on context. The key strengths of this approach lie in its fine-grained, dynamic, and lightweight protection strategy, which differs from conventional static frameworks by enabling data to react in real time to threats. The framework combines lightweight cryptography, obfuscation techniques, and a context-aware anomaly detection module, all optimized for resource-constrained environments. We validate the approach through a real-world case study on fall detection with automatic alerting, demonstrating that the system maintains high performance and responsiveness while significantly enhancing data integrity and security. These results underline the potential of active data to advance trustworthy, autonomous, and efficient security for future internet of medical things applications.",Array,,,,"['Active data', 'Fall detection', 'Active and healthy ageing']","Litvinov, Egor; Fernandez-Bermejo, Jesus; Bolaños, Cristina; Dorado, Javier; Santofimia, Maria; Villanueva, Felix",,,100582,,,2590-0056,ScienceDirect,,,,,,,,,,,,,,,,,,,,,,,,,
article,A smart e-health framework for monitoring the health of the elderly and disabled,2023,,,,24.0,,https://www.sciencedirect.com/science/article/pii/S2542660523002949,10.1016/j.iot.2023.100971,"The healthcare sector is experiencing a significant transformation due to the widespread adoption of IoT-based systems, especially in the care of elderly and disabled individuals who can now be monitored through portable and wearable devices. The widespread implementation of IoT-based systems in the healthcare sector holds immense potential for improving care and ensuring the well-being of vulnerable populations. In our paper, we introduce an e-health framework that utilizes real-time data from inertial, ECG, and video sensors to monitor the health and activities of these individuals. Our framework employs edge computing for efficient analysis and generates notifications based on data analysis while prioritizing privacy by activating multimedia sensors only when necessary. To achieve accurate results, we evaluated each component of our framework separately. Using the MHEALTH dataset, our proposed machine learning model achieves accuracies of 99.97% for inertial sensors’ human activity recognition (HAR) and 99.14% for ECG sensors. We also evaluated our first-level inconsistency detection-based anomaly proposal mechanism using one user’s data, demonstrating its proof-of-concept. Furthermore, our video-based HAR and fall detection module achieve an accuracy of 86.97% on the well-known DMLSmartActions dataset. We successfully deployed our proposed HAR model with inertial sensors in a controlled experimental environment, yielding promising results with an accuracy of 96% and an F1 score of 90.52%. These evaluations validate the effectiveness of our framework in monitoring the health and activities of elderly and disabled individuals.",Internet of Things,,,,"['IoT', 'Activity recognition', 'e-health', 'Emergency detection']","Yazici, Adnan; Zhumabekova, Dana; Nurakhmetova, Aidana; Yergaliyev, Zhanggir; Yatbaz, Hakan; Makisheva, Zaida; Lewis, Michael; Ever, Enver",,,100971,,,2542-6605,ScienceDirect,,,,,,,,,,,,,,,,,,,,,,,,,
article,Design and implementation of smart home system based on IoT,2024,,,,24.0,,https://www.sciencedirect.com/science/article/pii/S2590123024016621,10.1016/j.rineng.2024.103410,"With the continuous development of Internet of Things technology and AI technology, a new generation of smart home systems is being promoted. Traditional smart home devices are complex to operate, resulting in high learning costs. They also lack security and reliability, and cannot guarantee the use and safety of the elderly and children, limiting their popularity. This system is based on ATMEGA2560 and IoT to design and implement a smart home system suitable for people of all ages. It solves complex operation problems through voice control, solves safety problems through fall detection, GPS positioning and light alarm control, and improves reliability through intelligent remote control. In addition, the system can sense fire, hazardous gases, and earthquakes and sound an alarm. The system reduces CPU occupancy time by changing the writing mode of the display module, thereby reducing the system's requirements for the processor and reducing the processor cost. In image processing, by recording a large number of faces, the recognition accuracy can be improved, the requirements and costs of image processing chips can be reduced, and low-cost remote video monitoring can be achieved.",Results in Engineering,,,,"['ATMEGA2560', 'IoT', 'GPS', 'Security', 'Sense']","Chen, Yinyan; Zhang, Hong; Zhong, Shijie",,,103410,,,2590-1230,ScienceDirect,,,,,,,,,,,,,,,,,,,,,,,,,
article,Privacy-aware fall detection and alert management in smart environments using multimodal devices,2025,,,,30.0,,https://www.sciencedirect.com/science/article/pii/S2542660525000393,10.1016/j.iot.2025.101526,"Falls are a leading cause of injury and mortality, especially among the elderly. While camera-based fall detection systems have shown success, they raise significant privacy concerns. Alternatives using wearable sensors or thermal cameras offer comparable accuracy but have yet to be combined for accurate fall detection. Additionally, most research focuses on fall detection without addressing post-fall user’s condition or personalized alerts. This study aims to develop a privacy-aware fall detection system leveraging wearable sensors and thermal cameras. In addition, an alert system integrates devices such as voice assistants and speakers to assess the user’s status after the fall and notify the event. The system improves detection accuracy, addresses privacy concerns, and enhances alert management through personalized responses. We propose an Internet of Things (IoT)-based system integrating all sensors and devices previously mentioned. Edge-based computation enables real-time detection, with Internet connectivity used only for sending alerts in case of a fall. Various machine learning algorithms and sensor sources are evaluated to determine their impact on detection accuracy. Experimental results show that fall detection using a convolutional neural network with thermal images from three viewpoints achieves an F1-score above 0.98. Similarly, traditional machine learning algorithms applied to wearable sensor data showed high performance (0.93 F1-score). Post-processing techniques effectively remove false positives, improving reliability and adoption in real environments. The proposed system ensures high accuracy while addressing privacy concerns. By integrating multimodal devices and edge-based computing, it offers a scalable, real-time solution for smart environments, ensuring timely responses through personalized alerts after falls.",Internet of Things,,,,"['Fall detection', 'Multimodal devices', 'Alert system', 'Deep learning', 'Thermal cameras']","Lupión, Marcos; González-Ruiz, Vicente; Sanjuan, Juan; Ortigosa, Pilar",,,101526,,,2542-6605,ScienceDirect,,,,,,,,,,,,,,,,,,,,,,,,,
article,Deep learning-based fall detection using commodity Wi-Fi,2024,,,,2.0,4.0,https://www.sciencedirect.com/science/article/pii/S2949715924000283,10.1016/j.jiixd.2024.04.001,"As the phenomenon of an aging population gradually becomes common worldwide, the pressure on the elderly has seen a notable increase. To address this challenge, fall detection systems are important in ensuring the safety of the elderly population, particularly those living alone. Wi-Fi sensing, as a privacy-preserving method of perception, can be deployed indoors for detecting human activities such as falls, based on the reflective properties of electromagnetic waves. Signals generated by transmitters experience reflections from various objects within indoor environments, leading to distinct propagation paths. These signals eventually aggregate at the receiver, incorporating details about the objects’ orientation and their activity states. In this study, within practical experimental environments, we collect dataset and utilize deep learning method to classify the falling events.",Journal of Information and Intelligence,,,,"['Fall detection', 'Wi-Fi sensing', 'Channel state information']","Chen, Tingwei; Li, Xiaoyang; Li, Hang; Zhu, Guangxu",,,355-364,,,2949-7159,ScienceDirect,,,,,,,,,,,,,,,,,,,,,,,,,
article,User Satisfaction with Fall Detection Systems in Smart Elderly Care,2025,,,,256.0,,https://www.sciencedirect.com/science/article/pii/S1877050925005125,10.1016/j.procs.2025.02.155,"Falls among the elderly pose a growing global challenge, leading to costly injuries and diminished quality of life. Quick fall detection significantly reduces injury severity. Thus, timely innovations like fall detection (FD) systems are crucial. However, FD systems face challenges such as coverage, cost, and privacy concerns, with few studies exploring user experiences. Hence, this study investigates user satisfaction with FD systems, highlighting the benefits and challenges of enhancing elderly care. Three stakeholder groups using RoomMate in Ulstein municipality in Norway were interviewed: healthcare personnel, next-of-kin, and project managers. Our main findings suggest that user satisfaction is generally positive towards FD systems but highlight more challenges in home care services, particularly regarding system coverage. The findings also confirm that usability, personalization, and time savings are critical metrics influencing user satisfaction, aligning with the Updated DeLone & McLean Information Systems Success Model, but providing new insights into the importance of service quality in public sector information systems.",Procedia Computer Science,,,,"['Fall Detection', 'Elderly Healthcare', 'IoT', 'Internet of Things', 'User Satisfaction']","Weng, Aurora; Nysæther, Mari; Haddara, Moutaz; Langseth, Marius",,,583-593,,,1877-0509,ScienceDirect,,,,,,,,,,,,,,,,,,,,,,,,,CENTERIS - International Conference on ENTERprise Information Systems / ProjMAN - International Conference on Project MANagement / HCist - International Conference on Health and Social Care Information Systems and Technologies
article,Semantic segmentation-based system for fall detection and post-fall posture classification,2023,,,,117.0,,https://www.sciencedirect.com/science/article/pii/S0952197622006066,10.1016/j.engappai.2022.105616,"Fall is one of the most critical issues faced by elders in their daily life. The consequences of falls range from fatal injuries, severe injuries to no injuries. Therefore, an effective system for detecting falls and treating post-fall injuries is important. Unlike wearable sensors, camera-based systems seem more comfortable and flexible for daily life monitoring. However, monitoring human activities in real settings using cameras is not only challenging but also pose privacy issues. To mitigate this problem, we propose a surveillance camera-based framework for fall detection and post-fall classification where the human silhouette is extracted and used instead of raw images. The human silhouette is obtained using a pixel-level classification based on a Multi-Scale Skip Connection Segmentation Network (MSSkip), which is shown to achieve state-of-the-art performance on the validation set from PASCAL VOC 2012 dataset for the class Person with an IoU of 90%. The temporal and spatial variations of the human poses are fed to a Convolutional Long Short Term Memory (ConvLSTM) network to detect whether or not a fall has occurred. The proposed fall detection method achieved an F1-score of 97.68% on the UP Fall dataset, and state-of-art performance on the UR Fall detection database. For post-fall posture classification, the Xception network is shown to achieve an F1-score of 97.85% on our customized post-fall dataset.",Engineering Applications of Artificial Intelligence,,,,"['Fall detection', 'Post-fall', 'ConvLSTM', 'Semantic segmentation', 'CNN', 'Camera']","Mobsite, Sara; Alaoui, Nabih; Boulmalf, Mohammed; Ghogho, Mounir",,,105616,,,0952-1976,ScienceDirect,,,,,,,,,,,,,,,,,,,,,,,,,
